TEAM_NAME,GAME_DATE,MATCHUP,PTS,FG3M,REB,AST,BLK
Oklahoma City Thunder,2025-06-22T00:00:00,OKC vs. IND,103,11,40,20,8
Indiana Pacers,2025-06-22T00:00:00,IND @ OKC,91,11,45,17,4
Indiana Pacers,2025-06-19T00:00:00,IND vs. OKC,108,15,46,23,5
Oklahoma City Thunder,2025-06-19T00:00:00,OKC @ IND,91,8,41,14,4
Oklahoma City Thunder,2025-06-16T00:00:00,OKC vs. IND,120,14,45,24,12
Indiana Pacers,2025-06-16T00:00:00,IND @ OKC,109,11,50,23,4
Oklahoma City Thunder,2025-06-13T00:00:00,OKC @ IND,111,3,43,11,3
Indiana Pacers,2025-06-13T00:00:00,IND vs. OKC,104,11,33,21,3
Indiana Pacers,2025-06-11T00:00:00,IND vs. OKC,116,9,36,24,11
Oklahoma City Thunder,2025-06-11T00:00:00,OKC @ IND,107,10,42,16,4
Oklahoma City Thunder,2025-06-08T00:00:00,OKC vs. IND,123,14,43,25,4
Indiana Pacers,2025-06-08T00:00:00,IND @ OKC,107,14,35,27,6
Indiana Pacers,2025-06-05T00:00:00,IND @ OKC,111,18,56,24,7
Oklahoma City Thunder,2025-06-05T00:00:00,OKC vs. IND,110,11,39,13,6
Indiana Pacers,2025-05-31T00:00:00,IND vs. NYK,125,17,36,30,9
New York Knicks,2025-05-31T00:00:00,NYK @ IND,108,9,41,23,6
New York Knicks,2025-05-29T00:00:00,NYK vs. IND,111,8,45,22,3
Indiana Pacers,2025-05-29T00:00:00,IND @ NYK,94,10,40,20,7
Oklahoma City Thunder,2025-05-28T00:00:00,OKC vs. MIN,124,14,46,26,8
Minnesota Timberwolves,2025-05-28T00:00:00,MIN @ OKC,94,12,39,16,6
Indiana Pacers,2025-05-27T00:00:00,IND vs. NYK,130,13,33,29,4
New York Knicks,2025-05-27T00:00:00,NYK @ IND,121,12,44,17,4
Oklahoma City Thunder,2025-05-26T00:00:00,OKC @ MIN,128,16,36,22,5
Minnesota Timberwolves,2025-05-26T00:00:00,MIN vs. OKC,126,18,41,30,3
New York Knicks,2025-05-25T00:00:00,NYK @ IND,106,11,37,13,4
Indiana Pacers,2025-05-25T00:00:00,IND vs. NYK,100,5,38,21,4
Minnesota Timberwolves,2025-05-24T00:00:00,MIN vs. OKC,143,20,50,30,3
Oklahoma City Thunder,2025-05-24T00:00:00,OKC @ MIN,101,14,31,19,3
Indiana Pacers,2025-05-23T00:00:00,IND @ NYK,114,13,32,26,3
New York Knicks,2025-05-23T00:00:00,NYK vs. IND,109,11,38,18,4
Oklahoma City Thunder,2025-05-22T00:00:00,OKC vs. MIN,118,9,42,30,3
Minnesota Timberwolves,2025-05-22T00:00:00,MIN @ OKC,103,11,41,20,7
Indiana Pacers,2025-05-21T00:00:00,IND @ NYK,138,15,39,26,3
New York Knicks,2025-05-21T00:00:00,NYK vs. IND,135,11,46,24,8
Oklahoma City Thunder,2025-05-20T00:00:00,OKC vs. MIN,114,11,46,27,3
Minnesota Timberwolves,2025-05-20T00:00:00,MIN @ OKC,88,15,42,18,7
Oklahoma City Thunder,2025-05-18T00:00:00,OKC vs. DEN,125,12,44,28,3
Denver Nuggets,2025-05-18T00:00:00,DEN @ OKC,93,10,47,20,2
New York Knicks,2025-05-16T00:00:00,NYK vs. BOS,119,16,55,25,6
Boston Celtics,2025-05-16T00:00:00,BOS @ NYK,81,12,36,19,3
Denver Nuggets,2025-05-15T00:00:00,DEN vs. OKC,119,12,52,27,6
Oklahoma City Thunder,2025-05-15T00:00:00,OKC @ DEN,107,11,40,25,4
Boston Celtics,2025-05-14T00:00:00,BOS vs. NYK,127,22,44,27,12
Minnesota Timberwolves,2025-05-14T00:00:00,MIN vs. GSW,121,13,39,36,4
Golden State Warriors,2025-05-14T00:00:00,GSW @ MIN,110,11,40,21,1
New York Knicks,2025-05-14T00:00:00,NYK @ BOS,102,12,40,17,4
Indiana Pacers,2025-05-13T00:00:00,IND @ CLE,114,15,47,26,8
Oklahoma City Thunder,2025-05-13T00:00:00,OKC vs. DEN,112,12,43,23,6
Denver Nuggets,2025-05-13T00:00:00,DEN @ OKC,105,13,49,20,3
Cleveland Cavaliers,2025-05-13T00:00:00,CLE vs. IND,105,9,46,10,3
New York Knicks,2025-05-12T00:00:00,NYK vs. BOS,121,12,43,25,2
Minnesota Timberwolves,2025-05-12T00:00:00,MIN @ GSW,117,16,38,22,5
Golden State Warriors,2025-05-12T00:00:00,GSW vs. MIN,110,8,38,18,1
Boston Celtics,2025-05-12T00:00:00,BOS @ NYK,113,18,31,15,2
Indiana Pacers,2025-05-11T00:00:00,IND vs. CLE,129,15,37,37,2
Oklahoma City Thunder,2025-05-11T00:00:00,OKC @ DEN,92,10,55,20,2
Denver Nuggets,2025-05-11T00:00:00,DEN vs. OKC,87,11,49,17,3
Cleveland Cavaliers,2025-05-11T00:00:00,CLE @ IND,109,14,41,20,4
Boston Celtics,2025-05-10T00:00:00,BOS @ NYK,115,20,42,23,8
Minnesota Timberwolves,2025-05-10T00:00:00,MIN @ GSW,102,13,44,28,7
Golden State Warriors,2025-05-10T00:00:00,GSW vs. MIN,97,10,36,21,7
New York Knicks,2025-05-10T00:00:00,NYK vs. BOS,93,5,43,16,2
Cleveland Cavaliers,2025-05-09T00:00:00,CLE @ IND,126,14,56,24,7
Denver Nuggets,2025-05-09T00:00:00,DEN vs. OKC,113,16,49,25,7
Oklahoma City Thunder,2025-05-09T00:00:00,OKC @ DEN,104,9,54,24,6
Indiana Pacers,2025-05-09T00:00:00,IND vs. CLE,104,9,37,26,8
Minnesota Timberwolves,2025-05-08T00:00:00,MIN vs. GSW,117,16,39,33,5
Golden State Warriors,2025-05-08T00:00:00,GSW @ MIN,93,9,42,23,2
Oklahoma City Thunder,2025-05-07T00:00:00,OKC vs. DEN,149,16,44,31,8
New York Knicks,2025-05-07T00:00:00,NYK @ BOS,91,9,46,19,5
Boston Celtics,2025-05-07T00:00:00,BOS vs. NYK,90,10,51,17,5
Denver Nuggets,2025-05-07T00:00:00,DEN @ OKC,106,15,38,18,6
Golden State Warriors,2025-05-06T00:00:00,GSW @ MIN,99,18,51,26,2
Indiana Pacers,2025-05-06T00:00:00,IND @ CLE,120,11,44,28,9
Cleveland Cavaliers,2025-05-06T00:00:00,CLE vs. IND,119,11,43,24,5
Minnesota Timberwolves,2025-05-06T00:00:00,MIN vs. GSW,88,5,41,19,6
New York Knicks,2025-05-05T00:00:00,NYK @ BOS,108,17,49,19,2
Denver Nuggets,2025-05-05T00:00:00,DEN @ OKC,121,10,63,18,5
Oklahoma City Thunder,2025-05-05T00:00:00,OKC vs. DEN,119,15,43,27,11
Boston Celtics,2025-05-05T00:00:00,BOS vs. NYK,105,15,59,18,5
Golden State Warriors,2025-05-04T00:00:00,GSW @ HOU,103,18,38,24,8
Indiana Pacers,2025-05-04T00:00:00,IND @ CLE,121,19,43,30,9
Cleveland Cavaliers,2025-05-04T00:00:00,CLE vs. IND,112,9,43,25,1
Houston Rockets,2025-05-04T00:00:00,HOU vs. GSW,89,6,52,14,5
Denver Nuggets,2025-05-03T00:00:00,DEN vs. LAC,120,11,46,24,4
LA Clippers,2025-05-03T00:00:00,LAC @ DEN,101,8,36,30,9
Houston Rockets,2025-05-02T00:00:00,HOU @ GSW,115,12,46,23,5
Golden State Warriors,2025-05-02T00:00:00,GSW vs. HOU,107,15,42,26,6
LA Clippers,2025-05-01T00:00:00,LAC vs. DEN,111,12,35,23,9
New York Knicks,2025-05-01T00:00:00,NYK @ DET,116,10,43,18,4
Detroit Pistons,2025-05-01T00:00:00,DET vs. NYK,113,9,36,25,3
Denver Nuggets,2025-05-01T00:00:00,DEN @ LAC,105,11,39,24,7
Houston Rockets,2025-04-30T00:00:00,HOU vs. GSW,131,13,39,23,7
Minnesota Timberwolves,2025-04-30T00:00:00,MIN @ LAL,103,7,54,25,5
Los Angeles Lakers,2025-04-30T00:00:00,LAL vs. MIN,96,11,37,24,1
Golden State Warriors,2025-04-30T00:00:00,GSW @ HOU,116,15,49,25,5
Boston Celtics,2025-04-29T00:00:00,BOS vs. ORL,120,13,38,30,3
Denver Nuggets,2025-04-29T00:00:00,DEN vs. LAC,131,17,38,29,7
Detroit Pistons,2025-04-29T00:00:00,DET @ NYK,106,8,45,21,9
Indiana Pacers,2025-04-29T00:00:00,IND vs. MIL,119,12,45,24,4
Milwaukee Bucks,2025-04-29T00:00:00,MIL @ IND,118,19,53,25,4
New York Knicks,2025-04-29T00:00:00,NYK vs. DET,103,9,49,19,10
LA Clippers,2025-04-29T00:00:00,LAC @ DEN,115,11,38,29,8
Orlando Magic,2025-04-29T00:00:00,ORL @ BOS,89,8,44,19,2
Cleveland Cavaliers,2025-04-28T00:00:00,CLE @ MIA,138,22,51,26,6
Golden State Warriors,2025-04-28T00:00:00,GSW vs. HOU,109,17,34,27,2
Houston Rockets,2025-04-28T00:00:00,HOU @ GSW,106,11,41,18,6
Miami Heat,2025-04-28T00:00:00,MIA vs. CLE,83,10,45,17,2
Indiana Pacers,2025-04-27T00:00:00,IND @ MIL,129,18,41,36,7
Boston Celtics,2025-04-27T00:00:00,BOS @ ORL,107,9,46,17,7
Minnesota Timberwolves,2025-04-27T00:00:00,MIN vs. LAL,116,14,49,19,2
New York Knicks,2025-04-27T00:00:00,NYK @ DET,94,15,38,19,3
Detroit Pistons,2025-04-27T00:00:00,DET vs. NYK,93,7,54,18,9
Los Angeles Lakers,2025-04-27T00:00:00,LAL @ MIN,113,19,41,23,7
Orlando Magic,2025-04-27T00:00:00,ORL vs. BOS,98,8,38,23,4
Milwaukee Bucks,2025-04-27T00:00:00,MIL vs. IND,103,15,33,25,1
Cleveland Cavaliers,2025-04-26T00:00:00,CLE @ MIA,124,15,46,32,1
Golden State Warriors,2025-04-26T00:00:00,GSW vs. HOU,104,14,45,26,6
Oklahoma City Thunder,2025-04-26T00:00:00,OKC @ MEM,117,7,33,22,7
Denver Nuggets,2025-04-26T00:00:00,DEN @ LAC,101,10,47,28,4
Memphis Grizzlies,2025-04-26T00:00:00,MEM vs. OKC,115,12,51,24,10
LA Clippers,2025-04-26T00:00:00,LAC vs. DEN,99,10,43,25,5
Houston Rockets,2025-04-26T00:00:00,HOU @ GSW,93,11,51,19,6
Miami Heat,2025-04-26T00:00:00,MIA vs. CLE,87,16,29,18,3
Milwaukee Bucks,2025-04-25T00:00:00,MIL vs. IND,117,15,48,28,4
Minnesota Timberwolves,2025-04-25T00:00:00,MIN vs. LAL,116,13,38,24,5
Orlando Magic,2025-04-25T00:00:00,ORL vs. BOS,95,8,42,16,4
Boston Celtics,2025-04-25T00:00:00,BOS @ ORL,93,9,39,15,5
Los Angeles Lakers,2025-04-25T00:00:00,LAL @ MIN,104,17,38,21,7
Indiana Pacers,2025-04-25T00:00:00,IND @ MIL,101,13,40,32,4
LA Clippers,2025-04-24T00:00:00,LAC vs. DEN,117,18,48,26,8
Oklahoma City Thunder,2025-04-24T00:00:00,OKC @ MEM,114,13,43,24,4
New York Knicks,2025-04-24T00:00:00,NYK @ DET,118,12,40,22,7
Detroit Pistons,2025-04-24T00:00:00,DET vs. NYK,116,16,43,22,4
Memphis Grizzlies,2025-04-24T00:00:00,MEM vs. OKC,108,14,41,23,7
Denver Nuggets,2025-04-24T00:00:00,DEN @ LAC,83,7,38,20,3
Houston Rockets,2025-04-23T00:00:00,HOU vs. GSW,109,15,47,21,4
Cleveland Cavaliers,2025-04-23T00:00:00,CLE vs. MIA,121,22,34,24,1
Boston Celtics,2025-04-23T00:00:00,BOS vs. ORL,109,12,46,17,4
Miami Heat,2025-04-23T00:00:00,MIA @ CLE,112,16,38,27,3
Orlando Magic,2025-04-23T00:00:00,ORL @ BOS,100,7,34,18,4
Golden State Warriors,2025-04-23T00:00:00,GSW @ HOU,94,17,33,22,6
Oklahoma City Thunder,2025-04-22T00:00:00,OKC vs. MEM,118,15,55,21,8
Los Angeles Lakers,2025-04-22T00:00:00,LAL vs. MIN,94,6,41,23,6
Indiana Pacers,2025-04-22T00:00:00,IND vs. MIL,123,16,38,30,3
Milwaukee Bucks,2025-04-22T00:00:00,MIL @ IND,115,14,43,26,6
Minnesota Timberwolves,2025-04-22T00:00:00,MIN @ LAL,85,5,34,14,2
Memphis Grizzlies,2025-04-22T00:00:00,MEM @ OKC,99,10,42,17,5
Detroit Pistons,2025-04-21T00:00:00,DET @ NYK,100,6,48,11,4
LA Clippers,2025-04-21T00:00:00,LAC @ DEN,105,13,32,24,5
Denver Nuggets,2025-04-21T00:00:00,DEN vs. LAC,102,14,50,23,1
New York Knicks,2025-04-21T00:00:00,NYK vs. DET,94,10,34,15,1
Oklahoma City Thunder,2025-04-20T00:00:00,OKC vs. MEM,131,17,54,36,8
Cleveland Cavaliers,2025-04-20T00:00:00,CLE vs. MIA,121,18,42,21,4
Boston Celtics,2025-04-20T00:00:00,BOS vs. ORL,103,16,42,22,5
Golden State Warriors,2025-04-20T00:00:00,GSW @ HOU,95,12,36,20,1
Houston Rockets,2025-04-20T00:00:00,HOU vs. GSW,85,6,52,19,3
Orlando Magic,2025-04-20T00:00:00,ORL @ BOS,86,10,41,17,5
Miami Heat,2025-04-20T00:00:00,MIA @ CLE,100,13,37,23,4
Memphis Grizzlies,2025-04-20T00:00:00,MEM @ OKC,80,6,43,18,4
Minnesota Timberwolves,2025-04-19T00:00:00,MIN @ LAL,117,21,44,29,4
Indiana Pacers,2025-04-19T00:00:00,IND vs. MIL,117,13,43,28,6
New York Knicks,2025-04-19T00:00:00,NYK vs. DET,123,10,36,26,9
Denver Nuggets,2025-04-19T00:00:00,DEN vs. LAC,112,9,45,24,1
LA Clippers,2025-04-19T00:00:00,LAC @ DEN,110,12,44,25,6
Detroit Pistons,2025-04-19T00:00:00,DET @ NYK,112,15,37,23,9
Milwaukee Bucks,2025-04-19T00:00:00,MIL @ IND,98,9,41,15,3
Los Angeles Lakers,2025-04-19T00:00:00,LAL vs. MIN,95,15,38,15,4
Memphis Grizzlies,2025-04-18T00:00:00,MEM vs. DAL,120,13,50,30,4
Miami Heat,2025-04-18T00:00:00,MIA @ ATL,123,16,54,33,8
Atlanta Hawks,2025-04-18T00:00:00,ATL vs. MIA,114,16,44,30,3
Dallas Mavericks,2025-04-18T00:00:00,DAL @ MEM,106,12,36,25,8
Miami Heat,2025-04-16T00:00:00,MIA @ CHI,109,13,45,30,7
Dallas Mavericks,2025-04-16T00:00:00,DAL @ SAC,120,14,41,29,8
Sacramento Kings,2025-04-16T00:00:00,SAC vs. DAL,106,13,44,23,4
Chicago Bulls,2025-04-16T00:00:00,CHI vs. MIA,90,10,38,15,4
Orlando Magic,2025-04-15T00:00:00,ORL vs. ATL,120,11,54,29,9
Golden State Warriors,2025-04-15T00:00:00,GSW vs. MEM,121,15,39,29,3
Memphis Grizzlies,2025-04-15T00:00:00,MEM @ GSW,116,12,50,22,1
Atlanta Hawks,2025-04-15T00:00:00,ATL @ ORL,95,4,42,22,5
Memphis Grizzlies,2025-04-13T00:00:00,MEM vs. DAL,132,15,53,31,7
Portland Trail Blazers,2025-04-13T00:00:00,POR vs. LAL,109,15,56,27,6
Chicago Bulls,2025-04-13T00:00:00,CHI @ PHI,122,13,59,29,4
Denver Nuggets,2025-04-13T00:00:00,DEN @ HOU,126,10,47,28,6
Oklahoma City Thunder,2025-04-13T00:00:00,OKC @ NOP,115,9,54,16,4
Atlanta Hawks,2025-04-13T00:00:00,ATL vs. ORL,117,17,44,32,2
Minnesota Timberwolves,2025-04-13T00:00:00,MIN vs. UTA,116,13,54,23,9
Sacramento Kings,2025-04-13T00:00:00,SAC vs. PHX,109,14,43,31,4
Indiana Pacers,2025-04-13T00:00:00,IND @ CLE,126,10,61,27,10
New York Knicks,2025-04-13T00:00:00,NYK @ BKN,113,16,40,27,3
Milwaukee Bucks,2025-04-13T00:00:00,MIL vs. DET,140,23,38,30,7
San Antonio Spurs,2025-04-13T00:00:00,SAS vs. TOR,125,11,50,22,2
Boston Celtics,2025-04-13T00:00:00,BOS vs. CHA,93,14,49,22,6
LA Clippers,2025-04-13T00:00:00,LAC @ GSW,124,14,42,28,3
Washington Wizards,2025-04-13T00:00:00,WAS @ MIA,119,16,43,33,3
Miami Heat,2025-04-13T00:00:00,MIA vs. WAS,118,10,46,28,6
Golden State Warriors,2025-04-13T00:00:00,GSW vs. LAC,119,15,25,31,6
Detroit Pistons,2025-04-13T00:00:00,DET @ MIL,133,22,42,35,3
Toronto Raptors,2025-04-13T00:00:00,TOR @ SAS,118,14,42,32,1
Charlotte Hornets,2025-04-13T00:00:00,CHA @ BOS,86,11,51,23,4
Cleveland Cavaliers,2025-04-13T00:00:00,CLE vs. IND,118,18,65,21,9
Brooklyn Nets,2025-04-13T00:00:00,BKN vs. NYK,105,12,42,21,2
Utah Jazz,2025-04-13T00:00:00,UTA @ MIN,105,16,40,24,5
Phoenix Suns,2025-04-13T00:00:00,PHX @ SAC,98,15,37,28,1
Orlando Magic,2025-04-13T00:00:00,ORL @ ATL,105,15,43,25,5
Houston Rockets,2025-04-13T00:00:00,HOU vs. DEN,111,12,45,32,4
New Orleans Pelicans,2025-04-13T00:00:00,NOP vs. OKC,100,7,47,22,4
Philadelphia 76ers,2025-04-13T00:00:00,PHI vs. CHI,102,12,48,20,6
Los Angeles Lakers,2025-04-13T00:00:00,LAL @ POR,81,9,42,21,11
Dallas Mavericks,2025-04-13T00:00:00,DAL @ MEM,97,5,38,20,3
Miami Heat,2025-04-11T00:00:00,MIA @ NOP,153,20,60,36,5
Boston Celtics,2025-04-11T00:00:00,BOS vs. CHA,130,23,52,35,8
Oklahoma City Thunder,2025-04-11T00:00:00,OKC @ UTA,145,24,47,41,4
Los Angeles Lakers,2025-04-11T00:00:00,LAL vs. HOU,140,19,42,28,1
Chicago Bulls,2025-04-11T00:00:00,CHI vs. WAS,119,13,54,32,7
Minnesota Timberwolves,2025-04-11T00:00:00,MIN vs. BKN,117,11,48,27,5
Dallas Mavericks,2025-04-11T00:00:00,DAL vs. TOR,124,15,56,34,10
Phoenix Suns,2025-04-11T00:00:00,PHX vs. SAS,117,19,52,27,10
Golden State Warriors,2025-04-11T00:00:00,GSW @ POR,103,14,45,26,7
Orlando Magic,2025-04-11T00:00:00,ORL @ IND,129,13,35,32,11
Atlanta Hawks,2025-04-11T00:00:00,ATL @ PHI,124,16,53,28,5
Denver Nuggets,2025-04-11T00:00:00,DEN vs. MEM,117,5,52,32,2
Milwaukee Bucks,2025-04-11T00:00:00,MIL @ DET,125,17,44,30,8
Cleveland Cavaliers,2025-04-11T00:00:00,CLE @ NYK,108,11,49,23,2
LA Clippers,2025-04-11T00:00:00,LAC @ SAC,101,7,37,19,2
Sacramento Kings,2025-04-11T00:00:00,SAC vs. LAC,100,10,43,23,1
Detroit Pistons,2025-04-11T00:00:00,DET vs. MIL,119,18,42,30,9
New York Knicks,2025-04-11T00:00:00,NYK vs. CLE,102,16,35,22,2
Memphis Grizzlies,2025-04-11T00:00:00,MEM @ DEN,109,14,41,26,5
Indiana Pacers,2025-04-11T00:00:00,IND vs. ORL,115,12,44,24,7
Philadelphia 76ers,2025-04-11T00:00:00,PHI vs. ATL,110,12,45,29,6
Portland Trail Blazers,2025-04-11T00:00:00,POR vs. GSW,86,6,52,21,5
San Antonio Spurs,2025-04-11T00:00:00,SAS @ PHX,98,13,40,28,2
Toronto Raptors,2025-04-11T00:00:00,TOR @ DAL,102,11,43,22,4
Brooklyn Nets,2025-04-11T00:00:00,BKN @ MIN,91,12,41,24,1
Washington Wizards,2025-04-11T00:00:00,WAS @ CHI,89,10,41,26,5
Houston Rockets,2025-04-11T00:00:00,HOU @ LAL,109,18,37,22,5
Utah Jazz,2025-04-11T00:00:00,UTA vs. OKC,111,17,57,23,3
Charlotte Hornets,2025-04-11T00:00:00,CHA @ BOS,94,15,48,25,4
New Orleans Pelicans,2025-04-11T00:00:00,NOP vs. MIA,104,14,42,27,2
Milwaukee Bucks,2025-04-10T00:00:00,MIL vs. NOP,136,18,43,27,4
Atlanta Hawks,2025-04-10T00:00:00,ATL @ BKN,133,15,51,36,1
Minnesota Timberwolves,2025-04-10T00:00:00,MIN @ MEM,141,20,41,29,3
Detroit Pistons,2025-04-10T00:00:00,DET vs. NYK,115,8,35,20,6
Indiana Pacers,2025-04-10T00:00:00,IND vs. CLE,114,14,46,28,11
Cleveland Cavaliers,2025-04-10T00:00:00,CLE @ IND,112,17,50,24,3
New York Knicks,2025-04-10T00:00:00,NYK @ DET,106,11,34,32,6
Memphis Grizzlies,2025-04-10T00:00:00,MEM vs. MIN,125,18,33,26,2
Brooklyn Nets,2025-04-10T00:00:00,BKN vs. ATL,109,22,41,31,2
New Orleans Pelicans,2025-04-10T00:00:00,NOP @ MIL,111,15,53,28,0
Toronto Raptors,2025-04-09T00:00:00,TOR vs. CHA,126,19,55,37,2
Orlando Magic,2025-04-09T00:00:00,ORL vs. BOS,96,16,49,23,3
Philadelphia 76ers,2025-04-09T00:00:00,PHI @ WAS,122,16,55,20,8
LA Clippers,2025-04-09T00:00:00,LAC vs. HOU,134,19,43,33,3
Los Angeles Lakers,2025-04-09T00:00:00,LAL @ DAL,112,12,39,22,0
Oklahoma City Thunder,2025-04-09T00:00:00,OKC @ PHX,125,12,44,24,2
Denver Nuggets,2025-04-09T00:00:00,DEN @ SAC,124,13,45,30,5
Chicago Bulls,2025-04-09T00:00:00,CHI vs. MIA,119,14,46,33,7
Utah Jazz,2025-04-09T00:00:00,UTA vs. POR,133,15,56,27,4
San Antonio Spurs,2025-04-09T00:00:00,SAS @ GSW,114,18,43,23,5
Golden State Warriors,2025-04-09T00:00:00,GSW vs. SAS,111,16,45,29,2
Portland Trail Blazers,2025-04-09T00:00:00,POR @ UTA,126,11,43,27,5
Sacramento Kings,2025-04-09T00:00:00,SAC vs. DEN,116,16,40,25,5
Miami Heat,2025-04-09T00:00:00,MIA @ CHI,111,12,39,28,3
Phoenix Suns,2025-04-09T00:00:00,PHX vs. OKC,112,15,38,31,3
Dallas Mavericks,2025-04-09T00:00:00,DAL vs. LAL,97,9,38,30,6
Houston Rockets,2025-04-09T00:00:00,HOU @ LAC,117,20,36,24,4
Washington Wizards,2025-04-09T00:00:00,WAS vs. PHI,103,10,47,22,2
Boston Celtics,2025-04-09T00:00:00,BOS @ ORL,76,7,43,20,5
Charlotte Hornets,2025-04-09T00:00:00,CHA @ TOR,96,11,41,23,3
Golden State Warriors,2025-04-08T00:00:00,GSW @ PHX,133,15,57,31,3
Memphis Grizzlies,2025-04-08T00:00:00,MEM @ CHA,124,18,52,23,3
Cleveland Cavaliers,2025-04-08T00:00:00,CLE vs. CHI,135,25,45,35,3
Oklahoma City Thunder,2025-04-08T00:00:00,OKC vs. LAL,136,18,44,26,5
Orlando Magic,2025-04-08T00:00:00,ORL vs. ATL,119,14,43,23,6
Milwaukee Bucks,2025-04-08T00:00:00,MIL vs. MIN,110,12,43,27,2
Indiana Pacers,2025-04-08T00:00:00,IND vs. WAS,104,9,49,21,5
LA Clippers,2025-04-08T00:00:00,LAC vs. SAS,122,14,50,30,0
Brooklyn Nets,2025-04-08T00:00:00,BKN vs. NOP,119,17,40,30,4
Boston Celtics,2025-04-08T00:00:00,BOS @ NYK,119,19,38,26,4
New York Knicks,2025-04-08T00:00:00,NYK vs. BOS,117,11,52,28,6
San Antonio Spurs,2025-04-08T00:00:00,SAS @ LAC,117,17,34,29,4
New Orleans Pelicans,2025-04-08T00:00:00,NOP @ BKN,114,12,42,26,6
Washington Wizards,2025-04-08T00:00:00,WAS @ IND,98,11,50,18,8
Atlanta Hawks,2025-04-08T00:00:00,ATL @ ORL,112,14,41,25,6
Minnesota Timberwolves,2025-04-08T00:00:00,MIN @ MIL,103,13,42,25,3
Los Angeles Lakers,2025-04-08T00:00:00,LAL @ OKC,120,18,45,21,6
Chicago Bulls,2025-04-08T00:00:00,CHI @ CLE,113,15,45,26,3
Charlotte Hornets,2025-04-08T00:00:00,CHA vs. MEM,100,11,38,22,4
Phoenix Suns,2025-04-08T00:00:00,PHX vs. GSW,95,12,41,22,4
Miami Heat,2025-04-07T00:00:00,MIA vs. PHI,117,16,47,26,6
Sacramento Kings,2025-04-07T00:00:00,SAC @ DET,127,11,50,20,4
Detroit Pistons,2025-04-07T00:00:00,DET vs. SAC,117,13,37,30,4
Philadelphia 76ers,2025-04-07T00:00:00,PHI @ MIA,105,12,45,20,4
Boston Celtics,2025-04-06T00:00:00,BOS vs. WAS,124,24,62,33,5
Los Angeles Lakers,2025-04-06T00:00:00,LAL @ OKC,126,22,43,25,2
Chicago Bulls,2025-04-06T00:00:00,CHI @ CHA,131,16,41,26,1
New York Knicks,2025-04-06T00:00:00,NYK vs. PHX,112,12,41,28,3
Atlanta Hawks,2025-04-06T00:00:00,ATL vs. UTA,147,22,42,43,3
Portland Trail Blazers,2025-04-06T00:00:00,POR vs. SAS,120,15,44,25,5
Toronto Raptors,2025-04-06T00:00:00,TOR @ BKN,120,12,47,30,4
Houston Rockets,2025-04-06T00:00:00,HOU @ GSW,106,10,49,26,7
Sacramento Kings,2025-04-06T00:00:00,SAC @ CLE,120,14,39,25,3
Indiana Pacers,2025-04-06T00:00:00,IND @ DEN,125,15,41,34,7
Milwaukee Bucks,2025-04-06T00:00:00,MIL @ NOP,111,11,51,29,4
New Orleans Pelicans,2025-04-06T00:00:00,NOP vs. MIL,107,12,48,31,6
Denver Nuggets,2025-04-06T00:00:00,DEN vs. IND,120,8,47,33,7
Cleveland Cavaliers,2025-04-06T00:00:00,CLE vs. SAC,113,10,39,31,5
Golden State Warriors,2025-04-06T00:00:00,GSW vs. HOU,96,16,46,28,2
Brooklyn Nets,2025-04-06T00:00:00,BKN vs. TOR,109,10,46,25,7
San Antonio Spurs,2025-04-06T00:00:00,SAS @ POR,109,11,45,26,4
Utah Jazz,2025-04-06T00:00:00,UTA @ ATL,134,20,32,29,4
Charlotte Hornets,2025-04-06T00:00:00,CHA vs. CHI,117,8,40,25,2
Phoenix Suns,2025-04-06T00:00:00,PHX @ NYK,98,4,35,20,3
Oklahoma City Thunder,2025-04-06T00:00:00,OKC vs. LAL,99,12,34,20,3
Washington Wizards,2025-04-06T00:00:00,WAS @ BOS,90,12,32,21,3
LA Clippers,2025-04-05T00:00:00,LAC vs. DAL,135,11,45,31,3
New York Knicks,2025-04-05T00:00:00,NYK @ ATL,121,15,38,32,5
Milwaukee Bucks,2025-04-05T00:00:00,MIL @ MIA,121,8,47,29,3
Memphis Grizzlies,2025-04-05T00:00:00,MEM @ DET,109,9,64,19,3
Minnesota Timberwolves,2025-04-05T00:00:00,MIN @ PHI,114,11,47,22,7
Philadelphia 76ers,2025-04-05T00:00:00,PHI vs. MIN,109,12,34,26,4
Miami Heat,2025-04-05T00:00:00,MIA vs. MIL,115,15,52,24,1
Detroit Pistons,2025-04-05T00:00:00,DET vs. MEM,103,11,44,24,6
Atlanta Hawks,2025-04-05T00:00:00,ATL vs. NYK,105,14,38,24,7
Dallas Mavericks,2025-04-05T00:00:00,DAL @ LAC,104,7,41,18,8
Indiana Pacers,2025-04-04T00:00:00,IND vs. UTA,140,12,51,38,17
Sacramento Kings,2025-04-04T00:00:00,SAC @ CHA,125,16,44,26,3
LA Clippers,2025-04-04T00:00:00,LAC vs. DAL,114,14,48,23,4
Boston Celtics,2025-04-04T00:00:00,BOS vs. PHX,123,14,49,28,4
Los Angeles Lakers,2025-04-04T00:00:00,LAL vs. NOP,124,16,36,26,2
Houston Rockets,2025-04-04T00:00:00,HOU vs. OKC,125,13,48,24,5
Golden State Warriors,2025-04-04T00:00:00,GSW vs. DEN,118,16,36,25,2
Detroit Pistons,2025-04-04T00:00:00,DET @ TOR,117,12,47,27,7
Chicago Bulls,2025-04-04T00:00:00,CHI vs. POR,118,10,61,25,8
Cleveland Cavaliers,2025-04-04T00:00:00,CLE @ SAS,114,22,44,31,4
San Antonio Spurs,2025-04-04T00:00:00,SAS vs. CLE,113,16,44,27,4
Portland Trail Blazers,2025-04-04T00:00:00,POR @ CHI,113,11,54,23,5
Toronto Raptors,2025-04-04T00:00:00,TOR vs. DET,105,13,49,24,6
Oklahoma City Thunder,2025-04-04T00:00:00,OKC @ HOU,111,13,33,24,6
Denver Nuggets,2025-04-04T00:00:00,DEN @ GSW,104,12,38,28,4
New Orleans Pelicans,2025-04-04T00:00:00,NOP @ LAL,108,14,38,27,2
Phoenix Suns,2025-04-04T00:00:00,PHX @ BOS,103,12,40,24,2
Charlotte Hornets,2025-04-04T00:00:00,CHA vs. SAC,102,8,45,17,2
Dallas Mavericks,2025-04-04T00:00:00,DAL @ LAC,91,4,39,19,0
Utah Jazz,2025-04-04T00:00:00,UTA @ IND,112,16,52,21,1
Minnesota Timberwolves,2025-04-03T00:00:00,MIN @ BKN,105,13,45,27,10
Milwaukee Bucks,2025-04-03T00:00:00,MIL @ PHI,126,16,40,32,7
Orlando Magic,2025-04-03T00:00:00,ORL @ WAS,109,11,47,27,8
Portland Trail Blazers,2025-04-03T00:00:00,POR @ TOR,112,10,54,20,6
Golden State Warriors,2025-04-03T00:00:00,GSW @ LAL,123,19,46,30,2
Memphis Grizzlies,2025-04-03T00:00:00,MEM @ MIA,110,16,49,24,4
Miami Heat,2025-04-03T00:00:00,MIA vs. MEM,108,14,47,24,8
Los Angeles Lakers,2025-04-03T00:00:00,LAL vs. GSW,116,18,39,23,3
Toronto Raptors,2025-04-03T00:00:00,TOR vs. POR,103,12,35,29,1
Washington Wizards,2025-04-03T00:00:00,WAS vs. ORL,97,12,38,16,3
Philadelphia 76ers,2025-04-03T00:00:00,PHI vs. MIL,113,12,40,30,4
Brooklyn Nets,2025-04-03T00:00:00,BKN vs. MIN,90,11,34,30,0
Houston Rockets,2025-04-02T00:00:00,HOU vs. UTA,143,19,63,30,6
Miami Heat,2025-04-02T00:00:00,MIA @ BOS,124,14,34,28,2
Cleveland Cavaliers,2025-04-02T00:00:00,CLE vs. NYK,124,12,44,23,5
Oklahoma City Thunder,2025-04-02T00:00:00,OKC vs. DET,119,10,46,25,11
LA Clippers,2025-04-02T00:00:00,LAC vs. NOP,114,13,30,27,4
Indiana Pacers,2025-04-02T00:00:00,IND vs. CHA,119,18,38,29,6
San Antonio Spurs,2025-04-02T00:00:00,SAS @ DEN,113,17,52,27,5
Washington Wizards,2025-04-02T00:00:00,WAS vs. SAC,116,17,41,24,3
Dallas Mavericks,2025-04-02T00:00:00,DAL vs. ATL,120,15,42,27,8
Atlanta Hawks,2025-04-02T00:00:00,ATL @ DAL,118,15,43,29,3
Sacramento Kings,2025-04-02T00:00:00,SAC @ WAS,111,10,48,25,3
Denver Nuggets,2025-04-02T00:00:00,DEN vs. SAS,106,13,58,24,4
Charlotte Hornets,2025-04-02T00:00:00,CHA @ IND,105,10,44,20,2
Detroit Pistons,2025-04-02T00:00:00,DET @ OKC,103,10,43,20,7
New Orleans Pelicans,2025-04-02T00:00:00,NOP @ LAC,98,4,39,29,4
New York Knicks,2025-04-02T00:00:00,NYK @ CLE,105,11,39,24,2
Boston Celtics,2025-04-02T00:00:00,BOS vs. MIA,103,12,43,24,6
Utah Jazz,2025-04-02T00:00:00,UTA @ HOU,105,10,39,25,6
Chicago Bulls,2025-04-01T00:00:00,CHI vs. TOR,137,14,49,36,2
Portland Trail Blazers,2025-04-01T00:00:00,POR @ ATL,127,13,54,30,5
New York Knicks,2025-04-01T00:00:00,NYK vs. PHI,105,12,44,23,4
Orlando Magic,2025-04-01T00:00:00,ORL @ SAS,116,18,41,28,7
Milwaukee Bucks,2025-04-01T00:00:00,MIL vs. PHX,133,17,29,32,5
Golden State Warriors,2025-04-01T00:00:00,GSW @ MEM,134,22,49,29,3
Minnesota Timberwolves,2025-04-01T00:00:00,MIN @ DEN,140,19,52,35,2
Denver Nuggets,2025-04-01T00:00:00,DEN vs. MIN,139,12,45,33,7
Memphis Grizzlies,2025-04-01T00:00:00,MEM vs. GSW,125,18,43,22,6
Phoenix Suns,2025-04-01T00:00:00,PHX @ MIL,123,18,33,26,0
San Antonio Spurs,2025-04-01T00:00:00,SAS vs. ORL,105,13,38,24,4
Atlanta Hawks,2025-04-01T00:00:00,ATL vs. POR,113,7,45,26,8
Philadelphia 76ers,2025-04-01T00:00:00,PHI @ NYK,91,6,42,23,5
Toronto Raptors,2025-04-01T00:00:00,TOR @ CHI,118,20,35,35,3
Oklahoma City Thunder,2025-03-31T00:00:00,OKC vs. CHI,145,23,44,39,6
Miami Heat,2025-03-31T00:00:00,MIA @ WAS,120,9,62,29,2
Boston Celtics,2025-03-31T00:00:00,BOS @ MEM,117,21,54,30,3
LA Clippers,2025-03-31T00:00:00,LAC @ ORL,96,8,47,18,5
Los Angeles Lakers,2025-03-31T00:00:00,LAL vs. HOU,104,16,45,22,6
Brooklyn Nets,2025-03-31T00:00:00,BKN @ DAL,113,20,40,32,3
Charlotte Hornets,2025-03-31T00:00:00,CHA vs. UTA,110,15,47,33,5
Indiana Pacers,2025-03-31T00:00:00,IND vs. SAC,111,14,40,28,5
Sacramento Kings,2025-03-31T00:00:00,SAC @ IND,109,12,45,22,2
Dallas Mavericks,2025-03-31T00:00:00,DAL vs. BKN,109,10,49,29,3
Utah Jazz,2025-03-31T00:00:00,UTA @ CHA,106,14,41,25,2
Houston Rockets,2025-03-31T00:00:00,HOU @ LAL,98,10,51,26,5
Orlando Magic,2025-03-31T00:00:00,ORL vs. LAC,87,7,32,18,4
Memphis Grizzlies,2025-03-31T00:00:00,MEM vs. BOS,103,11,45,21,3
Washington Wizards,2025-03-31T00:00:00,WAS vs. MIA,94,13,39,22,4
Chicago Bulls,2025-03-31T00:00:00,CHI @ OKC,117,16,43,29,7
Golden State Warriors,2025-03-30T00:00:00,GSW @ SAS,148,21,44,42,3
Houston Rockets,2025-03-30T00:00:00,HOU @ PHX,148,18,45,37,4
Atlanta Hawks,2025-03-30T00:00:00,ATL @ MIL,145,17,46,36,2
Minnesota Timberwolves,2025-03-30T00:00:00,MIN vs. DET,123,12,59,24,9
Toronto Raptors,2025-03-30T00:00:00,TOR @ PHI,127,17,46,32,4
New York Knicks,2025-03-30T00:00:00,NYK vs. POR,110,10,44,27,10
Cleveland Cavaliers,2025-03-30T00:00:00,CLE vs. LAC,127,15,45,33,3
New Orleans Pelicans,2025-03-30T00:00:00,NOP vs. CHA,98,9,57,24,8
Charlotte Hornets,2025-03-30T00:00:00,CHA @ NOP,94,8,50,20,6
LA Clippers,2025-03-30T00:00:00,LAC @ CLE,122,16,44,25,4
Portland Trail Blazers,2025-03-30T00:00:00,POR @ NYK,93,9,39,19,4
Philadelphia 76ers,2025-03-30T00:00:00,PHI vs. TOR,109,8,46,25,10
Detroit Pistons,2025-03-30T00:00:00,DET @ MIN,104,12,44,22,3
Milwaukee Bucks,2025-03-30T00:00:00,MIL vs. ATL,124,12,36,21,2
Phoenix Suns,2025-03-30T00:00:00,PHX vs. HOU,109,10,39,25,5
San Antonio Spurs,2025-03-30T00:00:00,SAS vs. GSW,106,16,34,30,3
Orlando Magic,2025-03-29T00:00:00,ORL vs. SAC,121,18,49,31,2
Miami Heat,2025-03-29T00:00:00,MIA @ PHI,118,20,47,33,4
Oklahoma City Thunder,2025-03-29T00:00:00,OKC vs. IND,132,17,47,26,4
Boston Celtics,2025-03-29T00:00:00,BOS @ SAS,121,17,54,32,4
Los Angeles Lakers,2025-03-29T00:00:00,LAL @ MEM,134,19,42,30,3
Brooklyn Nets,2025-03-29T00:00:00,BKN @ WAS,115,18,49,25,4
Dallas Mavericks,2025-03-29T00:00:00,DAL @ CHI,120,9,41,28,8
Chicago Bulls,2025-03-29T00:00:00,CHI vs. DAL,119,14,56,31,3
Washington Wizards,2025-03-29T00:00:00,WAS vs. BKN,112,9,40,21,7
Memphis Grizzlies,2025-03-29T00:00:00,MEM vs. LAL,127,14,41,33,4
San Antonio Spurs,2025-03-29T00:00:00,SAS vs. BOS,111,14,35,25,1
Indiana Pacers,2025-03-29T00:00:00,IND @ OKC,111,14,43,27,6
Philadelphia 76ers,2025-03-29T00:00:00,PHI vs. MIA,95,13,37,28,7
Sacramento Kings,2025-03-29T00:00:00,SAC @ ORL,91,7,41,17,6
Denver Nuggets,2025-03-28T00:00:00,DEN vs. UTA,129,11,45,38,13
LA Clippers,2025-03-28T00:00:00,LAC @ BKN,132,19,48,29,4
Golden State Warriors,2025-03-28T00:00:00,GSW @ NOP,111,13,50,29,1
Minnesota Timberwolves,2025-03-28T00:00:00,MIN vs. PHX,124,19,43,31,4
Detroit Pistons,2025-03-28T00:00:00,DET vs. CLE,133,15,43,25,5
Toronto Raptors,2025-03-28T00:00:00,TOR vs. CHA,108,14,45,28,5
New York Knicks,2025-03-28T00:00:00,NYK @ MIL,116,12,44,28,1
Milwaukee Bucks,2025-03-28T00:00:00,MIL vs. NYK,107,13,32,24,3
Cleveland Cavaliers,2025-03-28T00:00:00,CLE @ DET,122,15,41,16,3
Charlotte Hornets,2025-03-28T00:00:00,CHA @ TOR,97,9,56,29,5
Phoenix Suns,2025-03-28T00:00:00,PHX @ MIN,109,18,34,28,4
New Orleans Pelicans,2025-03-28T00:00:00,NOP vs. GSW,95,7,46,24,5
Brooklyn Nets,2025-03-28T00:00:00,BKN vs. LAC,100,14,43,27,3
Utah Jazz,2025-03-28T00:00:00,UTA @ DEN,93,7,42,21,0
Indiana Pacers,2025-03-27T00:00:00,IND @ WAS,162,27,50,48,2
Sacramento Kings,2025-03-27T00:00:00,SAC vs. POR,128,10,46,24,3
Oklahoma City Thunder,2025-03-27T00:00:00,OKC vs. MEM,125,13,45,28,4
Houston Rockets,2025-03-27T00:00:00,HOU @ UTA,121,12,51,26,5
Miami Heat,2025-03-27T00:00:00,MIA vs. ATL,122,18,37,26,1
Dallas Mavericks,2025-03-27T00:00:00,DAL @ ORL,101,11,40,21,1
Cleveland Cavaliers,2025-03-27T00:00:00,CLE vs. SAS,124,17,56,33,5
Chicago Bulls,2025-03-27T00:00:00,CHI vs. LAL,119,19,48,33,2
Los Angeles Lakers,2025-03-27T00:00:00,LAL @ CHI,117,12,40,30,7
San Antonio Spurs,2025-03-27T00:00:00,SAS @ CLE,116,14,50,27,3
Orlando Magic,2025-03-27T00:00:00,ORL vs. DAL,92,5,44,14,5
Atlanta Hawks,2025-03-27T00:00:00,ATL @ MIA,112,18,36,27,2
Utah Jazz,2025-03-27T00:00:00,UTA vs. HOU,110,11,33,29,5
Portland Trail Blazers,2025-03-27T00:00:00,POR @ SAC,107,16,32,23,3
Memphis Grizzlies,2025-03-27T00:00:00,MEM @ OKC,104,16,36,28,4
Washington Wizards,2025-03-27T00:00:00,WAS vs. IND,109,11,31,19,2
Boston Celtics,2025-03-26T00:00:00,BOS @ PHX,132,22,48,33,7
Toronto Raptors,2025-03-26T00:00:00,TOR @ BKN,116,10,63,34,3
LA Clippers,2025-03-26T00:00:00,LAC @ NYK,126,16,45,27,8
Denver Nuggets,2025-03-26T00:00:00,DEN vs. MIL,127,16,46,36,4
Washington Wizards,2025-03-26T00:00:00,WAS @ PHI,119,18,49,30,6
Los Angeles Lakers,2025-03-26T00:00:00,LAL @ IND,120,17,43,26,3
Indiana Pacers,2025-03-26T00:00:00,IND vs. LAL,119,15,36,31,4
Philadelphia 76ers,2025-03-26T00:00:00,PHI vs. WAS,114,14,47,22,5
Milwaukee Bucks,2025-03-26T00:00:00,MIL @ DEN,117,16,39,30,6
New York Knicks,2025-03-26T00:00:00,NYK vs. LAC,113,13,38,35,1
Phoenix Suns,2025-03-26T00:00:00,PHX vs. BOS,102,13,38,22,3
Brooklyn Nets,2025-03-26T00:00:00,BKN vs. TOR,86,8,43,16,9
Memphis Grizzlies,2025-03-25T00:00:00,MEM @ UTA,140,20,52,38,4
Detroit Pistons,2025-03-25T00:00:00,DET vs. SAS,122,15,44,33,5
Miami Heat,2025-03-25T00:00:00,MIA vs. GSW,112,17,42,26,5
Oklahoma City Thunder,2025-03-25T00:00:00,OKC @ SAC,121,19,52,30,6
New York Knicks,2025-03-25T00:00:00,NYK vs. DAL,128,10,36,40,4
Cleveland Cavaliers,2025-03-25T00:00:00,CLE @ POR,122,12,41,28,6
Houston Rockets,2025-03-25T00:00:00,HOU vs. ATL,121,11,51,17,2
Orlando Magic,2025-03-25T00:00:00,ORL @ CHA,111,13,50,22,4
Atlanta Hawks,2025-03-25T00:00:00,ATL @ HOU,114,15,42,32,1
Charlotte Hornets,2025-03-25T00:00:00,CHA vs. ORL,104,14,38,26,3
Portland Trail Blazers,2025-03-25T00:00:00,POR vs. CLE,111,17,45,28,3
Dallas Mavericks,2025-03-25T00:00:00,DAL @ NYK,113,6,33,19,3
Sacramento Kings,2025-03-25T00:00:00,SAC vs. OKC,105,23,36,32,7
San Antonio Spurs,2025-03-25T00:00:00,SAS @ DET,96,14,41,21,2
Golden State Warriors,2025-03-25T00:00:00,GSW @ MIA,86,9,38,20,1
Utah Jazz,2025-03-25T00:00:00,UTA vs. MEM,103,17,28,24,3
Dallas Mavericks,2025-03-24T00:00:00,DAL @ BKN,120,10,41,34,1
Boston Celtics,2025-03-24T00:00:00,BOS @ SAC,113,19,45,28,4
Indiana Pacers,2025-03-24T00:00:00,IND vs. MIN,119,13,46,30,5
New Orleans Pelicans,2025-03-24T00:00:00,NOP vs. PHI,112,15,51,36,5
Orlando Magic,2025-03-24T00:00:00,ORL vs. LAL,118,15,43,25,4
Chicago Bulls,2025-03-24T00:00:00,CHI @ DEN,129,17,43,31,5
Toronto Raptors,2025-03-24T00:00:00,TOR @ WAS,112,10,60,28,6
Phoenix Suns,2025-03-24T00:00:00,PHX vs. MIL,108,14,52,25,4
Milwaukee Bucks,2025-03-24T00:00:00,MIL @ PHX,106,12,36,24,0
Washington Wizards,2025-03-24T00:00:00,WAS vs. TOR,104,11,48,24,9
Denver Nuggets,2025-03-24T00:00:00,DEN vs. CHI,119,11,52,34,9
Los Angeles Lakers,2025-03-24T00:00:00,LAL @ ORL,106,10,39,19,1
Philadelphia 76ers,2025-03-24T00:00:00,PHI @ NOP,99,14,37,19,6
Minnesota Timberwolves,2025-03-24T00:00:00,MIN @ IND,103,9,45,26,3
Sacramento Kings,2025-03-24T00:00:00,SAC vs. BOS,95,8,45,23,1
Brooklyn Nets,2025-03-24T00:00:00,BKN vs. DAL,101,11,37,30,2
San Antonio Spurs,2025-03-23T00:00:00,SAS @ TOR,123,14,46,27,6
Cleveland Cavaliers,2025-03-23T00:00:00,CLE @ UTA,120,11,51,28,7
Miami Heat,2025-03-23T00:00:00,MIA vs. CHA,122,12,32,27,4
Atlanta Hawks,2025-03-23T00:00:00,ATL vs. PHI,132,17,39,35,4
Boston Celtics,2025-03-23T00:00:00,BOS @ POR,129,23,38,31,6
Detroit Pistons,2025-03-23T00:00:00,DET vs. NOP,136,13,32,26,2
Denver Nuggets,2025-03-23T00:00:00,DEN @ HOU,116,10,43,28,4
Oklahoma City Thunder,2025-03-23T00:00:00,OKC @ LAC,103,12,42,28,8
LA Clippers,2025-03-23T00:00:00,LAC vs. OKC,101,8,48,20,8
Houston Rockets,2025-03-23T00:00:00,HOU vs. DEN,111,11,45,25,7
New Orleans Pelicans,2025-03-23T00:00:00,NOP @ DET,130,20,37,35,5
Philadelphia 76ers,2025-03-23T00:00:00,PHI @ ATL,119,11,37,24,4
Portland Trail Blazers,2025-03-23T00:00:00,POR vs. BOS,116,19,38,24,3
Charlotte Hornets,2025-03-23T00:00:00,CHA @ MIA,105,11,40,24,4
Utah Jazz,2025-03-23T00:00:00,UTA vs. CLE,91,16,52,25,5
Toronto Raptors,2025-03-23T00:00:00,TOR vs. SAS,89,10,46,27,3
Chicago Bulls,2025-03-22T00:00:00,CHI @ LAL,146,19,42,41,5
New York Knicks,2025-03-22T00:00:00,NYK vs. WAS,122,13,49,29,3
Atlanta Hawks,2025-03-22T00:00:00,ATL vs. GSW,124,15,46,37,3
Milwaukee Bucks,2025-03-22T00:00:00,MIL @ SAC,114,13,42,22,3
Indiana Pacers,2025-03-22T00:00:00,IND vs. BKN,108,11,44,32,6
Brooklyn Nets,2025-03-22T00:00:00,BKN @ IND,103,15,48,20,1
Sacramento Kings,2025-03-22T00:00:00,SAC vs. MIL,108,9,44,21,2
Golden State Warriors,2025-03-22T00:00:00,GSW @ ATL,115,16,38,28,4
Washington Wizards,2025-03-22T00:00:00,WAS @ NYK,103,11,41,21,5
Los Angeles Lakers,2025-03-22T00:00:00,LAL vs. CHI,115,17,35,23,1
Minnesota Timberwolves,2025-03-21T00:00:00,MIN vs. NOP,134,19,36,40,1
Oklahoma City Thunder,2025-03-21T00:00:00,OKC vs. CHA,141,21,43,29,7
Boston Celtics,2025-03-21T00:00:00,BOS @ UTA,121,17,48,27,4
LA Clippers,2025-03-21T00:00:00,LAC vs. MEM,128,17,43,29,9
Portland Trail Blazers,2025-03-21T00:00:00,POR vs. DEN,128,14,38,30,6
Orlando Magic,2025-03-21T00:00:00,ORL @ WAS,120,17,55,25,8
Phoenix Suns,2025-03-21T00:00:00,PHX vs. CLE,123,19,46,33,3
San Antonio Spurs,2025-03-21T00:00:00,SAS vs. PHI,128,19,34,36,5
Dallas Mavericks,2025-03-21T00:00:00,DAL vs. DET,123,12,44,25,7
Houston Rockets,2025-03-21T00:00:00,HOU @ MIA,102,14,46,14,4
Miami Heat,2025-03-21T00:00:00,MIA vs. HOU,98,10,34,25,5
Detroit Pistons,2025-03-21T00:00:00,DET @ DAL,117,11,41,24,5
Philadelphia 76ers,2025-03-21T00:00:00,PHI @ SAS,120,14,32,30,4
Cleveland Cavaliers,2025-03-21T00:00:00,CLE @ PHX,112,17,44,24,5
Washington Wizards,2025-03-21T00:00:00,WAS vs. ORL,105,17,41,23,4
Denver Nuggets,2025-03-21T00:00:00,DEN @ POR,109,9,31,24,2
Memphis Grizzlies,2025-03-21T00:00:00,MEM @ LAC,108,19,40,28,3
Utah Jazz,2025-03-21T00:00:00,UTA vs. BOS,99,14,38,24,2
Charlotte Hornets,2025-03-21T00:00:00,CHA @ OKC,106,19,29,29,4
New Orleans Pelicans,2025-03-21T00:00:00,NOP @ MIN,93,11,33,20,4
Milwaukee Bucks,2025-03-20T00:00:00,MIL @ LAL,118,11,41,24,4
Charlotte Hornets,2025-03-20T00:00:00,CHA vs. NYK,115,15,52,25,3
Chicago Bulls,2025-03-20T00:00:00,CHI @ SAC,128,15,40,32,2
Indiana Pacers,2025-03-20T00:00:00,IND vs. BKN,105,8,57,18,8
Golden State Warriors,2025-03-20T00:00:00,GSW vs. TOR,117,19,38,30,5
Toronto Raptors,2025-03-20T00:00:00,TOR @ GSW,114,11,44,32,4
Brooklyn Nets,2025-03-20T00:00:00,BKN @ IND,99,14,47,20,4
Sacramento Kings,2025-03-20T00:00:00,SAC vs. CHI,116,15,36,27,5
New York Knicks,2025-03-20T00:00:00,NYK @ CHA,98,10,38,26,2
Los Angeles Lakers,2025-03-20T00:00:00,LAL vs. MIL,89,11,50,26,4
Oklahoma City Thunder,2025-03-19T00:00:00,OKC vs. PHI,133,24,55,36,5
Utah Jazz,2025-03-19T00:00:00,UTA vs. WAS,128,17,42,30,1
Portland Trail Blazers,2025-03-19T00:00:00,POR vs. MEM,115,18,65,25,6
San Antonio Spurs,2025-03-19T00:00:00,SAS vs. NYK,120,16,52,28,7
Los Angeles Lakers,2025-03-19T00:00:00,LAL vs. DEN,120,16,38,25,3
Houston Rockets,2025-03-19T00:00:00,HOU @ ORL,116,11,46,18,5
Phoenix Suns,2025-03-19T00:00:00,PHX vs. CHI,127,15,46,34,6
Indiana Pacers,2025-03-19T00:00:00,IND vs. DAL,135,16,38,29,5
Sacramento Kings,2025-03-19T00:00:00,SAC vs. CLE,123,16,41,28,1
New Orleans Pelicans,2025-03-19T00:00:00,NOP @ MIN,119,13,46,28,6
Detroit Pistons,2025-03-19T00:00:00,DET @ MIA,116,9,47,25,10
Miami Heat,2025-03-19T00:00:00,MIA vs. DET,113,10,37,24,5
Dallas Mavericks,2025-03-19T00:00:00,DAL @ IND,131,11,41,23,0
Cleveland Cavaliers,2025-03-19T00:00:00,CLE @ SAC,119,13,37,24,1
Minnesota Timberwolves,2025-03-19T00:00:00,MIN vs. NOP,115,16,40,21,6
Chicago Bulls,2025-03-19T00:00:00,CHI @ PHX,121,15,40,29,8
Orlando Magic,2025-03-19T00:00:00,ORL vs. HOU,108,9,41,23,4
Denver Nuggets,2025-03-19T00:00:00,DEN @ LAL,108,13,45,25,4
New York Knicks,2025-03-19T00:00:00,NYK @ SAS,105,11,44,28,7
Washington Wizards,2025-03-19T00:00:00,WAS @ UTA,112,12,37,30,4
Memphis Grizzlies,2025-03-19T00:00:00,MEM @ POR,99,8,40,23,4
Philadelphia 76ers,2025-03-19T00:00:00,PHI @ OKC,100,18,41,24,3
Atlanta Hawks,2025-03-18T00:00:00,ATL @ CHA,134,22,46,27,8
LA Clippers,2025-03-18T00:00:00,LAC vs. CLE,132,16,49,28,5
Golden State Warriors,2025-03-18T00:00:00,GSW vs. MIL,104,17,52,25,6
Boston Celtics,2025-03-18T00:00:00,BOS vs. BKN,104,16,48,24,5
Brooklyn Nets,2025-03-18T00:00:00,BKN @ BOS,96,13,39,21,2
Milwaukee Bucks,2025-03-18T00:00:00,MIL @ GSW,93,12,34,19,4
Cleveland Cavaliers,2025-03-18T00:00:00,CLE @ LAC,119,14,29,29,0
Charlotte Hornets,2025-03-18T00:00:00,CHA vs. ATL,102,10,39,25,8
Detroit Pistons,2025-03-17T00:00:00,DET @ NOP,127,13,50,33,7
Phoenix Suns,2025-03-17T00:00:00,PHX vs. TOR,129,20,54,34,4
New York Knicks,2025-03-17T00:00:00,NYK vs. MIA,116,16,41,30,6
Los Angeles Lakers,2025-03-17T00:00:00,LAL vs. SAS,125,19,42,34,4
Portland Trail Blazers,2025-03-17T00:00:00,POR vs. WAS,112,15,50,25,3
Chicago Bulls,2025-03-17T00:00:00,CHI @ UTA,111,14,49,29,3
Sacramento Kings,2025-03-17T00:00:00,SAC vs. MEM,132,20,38,35,7
Denver Nuggets,2025-03-17T00:00:00,DEN @ GSW,114,14,53,32,7
Houston Rockets,2025-03-17T00:00:00,HOU vs. PHI,144,22,58,35,5
Indiana Pacers,2025-03-17T00:00:00,IND @ MIN,132,17,48,28,6
Minnesota Timberwolves,2025-03-17T00:00:00,MIN vs. IND,130,13,44,25,7
Philadelphia 76ers,2025-03-17T00:00:00,PHI @ HOU,137,24,35,21,4
Golden State Warriors,2025-03-17T00:00:00,GSW vs. DEN,105,8,38,24,10
Memphis Grizzlies,2025-03-17T00:00:00,MEM @ SAC,122,13,48,24,7
Utah Jazz,2025-03-17T00:00:00,UTA vs. CHI,97,9,48,20,4
Washington Wizards,2025-03-17T00:00:00,WAS @ POR,97,12,49,27,7
San Antonio Spurs,2025-03-17T00:00:00,SAS @ LAL,109,15,44,30,5
Miami Heat,2025-03-17T00:00:00,MIA @ NYK,95,6,39,23,6
Toronto Raptors,2025-03-17T00:00:00,TOR @ PHX,89,10,40,20,2
New Orleans Pelicans,2025-03-17T00:00:00,NOP vs. DET,81,5,39,18,6
LA Clippers,2025-03-16T00:00:00,LAC vs. CHA,123,13,58,30,5
Minnesota Timberwolves,2025-03-16T00:00:00,MIN vs. UTA,128,14,49,30,6
Oklahoma City Thunder,2025-03-16T00:00:00,OKC @ MIL,121,10,50,30,3
Los Angeles Lakers,2025-03-16T00:00:00,LAL vs. PHX,107,14,40,22,5
Brooklyn Nets,2025-03-16T00:00:00,BKN vs. ATL,122,17,40,33,5
Philadelphia 76ers,2025-03-16T00:00:00,PHI @ DAL,130,14,39,21,3
Orlando Magic,2025-03-16T00:00:00,ORL @ CLE,108,13,47,21,3
Portland Trail Blazers,2025-03-16T00:00:00,POR vs. TOR,105,18,51,21,7
Toronto Raptors,2025-03-16T00:00:00,TOR @ POR,102,10,47,29,0
Dallas Mavericks,2025-03-16T00:00:00,DAL vs. PHI,125,10,45,26,3
Cleveland Cavaliers,2025-03-16T00:00:00,CLE vs. ORL,103,10,48,21,1
Atlanta Hawks,2025-03-16T00:00:00,ATL @ BKN,114,11,38,27,11
Phoenix Suns,2025-03-16T00:00:00,PHX @ LAL,96,9,51,25,4
Milwaukee Bucks,2025-03-16T00:00:00,MIL vs. OKC,105,13,34,21,8
Utah Jazz,2025-03-16T00:00:00,UTA @ MIN,102,12,44,23,0
Charlotte Hornets,2025-03-16T00:00:00,CHA @ LAC,88,6,44,27,5
Memphis Grizzlies,2025-03-15T00:00:00,MEM vs. MIA,125,12,51,31,6
Milwaukee Bucks,2025-03-15T00:00:00,MIL vs. IND,126,15,45,28,4
Oklahoma City Thunder,2025-03-15T00:00:00,OKC @ DET,113,10,44,17,8
San Antonio Spurs,2025-03-15T00:00:00,SAS vs. NOP,119,16,37,26,2
Washington Wizards,2025-03-15T00:00:00,WAS @ DEN,126,19,44,34,4
Houston Rockets,2025-03-15T00:00:00,HOU vs. CHI,117,14,54,24,6
Golden State Warriors,2025-03-15T00:00:00,GSW vs. NYK,97,13,45,25,5
Boston Celtics,2025-03-15T00:00:00,BOS @ BKN,115,13,38,29,7
Brooklyn Nets,2025-03-15T00:00:00,BKN vs. BOS,113,20,45,34,3
Denver Nuggets,2025-03-15T00:00:00,DEN vs. WAS,123,12,42,40,8
Chicago Bulls,2025-03-15T00:00:00,CHI @ HOU,114,14,36,24,5
New York Knicks,2025-03-15T00:00:00,NYK @ GSW,94,9,49,20,6
New Orleans Pelicans,2025-03-15T00:00:00,NOP @ SAS,115,12,52,34,3
Detroit Pistons,2025-03-15T00:00:00,DET vs. OKC,107,14,39,29,3
Indiana Pacers,2025-03-15T00:00:00,IND @ MIL,119,17,32,29,4
Miami Heat,2025-03-15T00:00:00,MIA @ MEM,91,9,37,24,4
Houston Rockets,2025-03-14T00:00:00,HOU vs. DAL,133,15,67,27,6
LA Clippers,2025-03-14T00:00:00,LAC @ ATL,121,12,40,27,5
Phoenix Suns,2025-03-14T00:00:00,PHX vs. SAC,122,24,34,33,3
Indiana Pacers,2025-03-14T00:00:00,IND @ PHI,112,10,45,31,4
Boston Celtics,2025-03-14T00:00:00,BOS @ MIA,103,19,41,18,4
Charlotte Hornets,2025-03-14T00:00:00,CHA @ SAS,145,26,34,42,2
Cleveland Cavaliers,2025-03-14T00:00:00,CLE @ MEM,133,19,43,32,4
Toronto Raptors,2025-03-14T00:00:00,TOR @ UTA,126,12,51,28,6
Minnesota Timberwolves,2025-03-14T00:00:00,MIN vs. ORL,118,14,45,26,6
Denver Nuggets,2025-03-14T00:00:00,DEN vs. LAL,131,13,39,30,5
Los Angeles Lakers,2025-03-14T00:00:00,LAL @ DEN,126,15,47,32,2
Orlando Magic,2025-03-14T00:00:00,ORL @ MIN,111,12,31,18,5
Utah Jazz,2025-03-14T00:00:00,UTA vs. TOR,118,16,35,23,2
Memphis Grizzlies,2025-03-14T00:00:00,MEM vs. CLE,124,11,45,25,3
San Antonio Spurs,2025-03-14T00:00:00,SAS vs. CHA,134,21,36,27,5
Philadelphia 76ers,2025-03-14T00:00:00,PHI vs. IND,100,11,43,13,9
Miami Heat,2025-03-14T00:00:00,MIA vs. BOS,91,13,38,18,4
Sacramento Kings,2025-03-14T00:00:00,SAC @ PHX,106,8,40,25,1
Atlanta Hawks,2025-03-14T00:00:00,ATL vs. LAC,98,9,44,25,6
Dallas Mavericks,2025-03-14T00:00:00,DAL @ HOU,96,8,34,14,6
Golden State Warriors,2025-03-13T00:00:00,GSW vs. SAC,130,22,43,35,5
Milwaukee Bucks,2025-03-13T00:00:00,MIL vs. LAL,126,17,48,30,8
Orlando Magic,2025-03-13T00:00:00,ORL @ NOP,113,13,39,25,7
Chicago Bulls,2025-03-13T00:00:00,CHI vs. BKN,116,11,47,24,4
Washington Wizards,2025-03-13T00:00:00,WAS @ DET,129,20,47,30,5
Detroit Pistons,2025-03-13T00:00:00,DET vs. WAS,125,10,41,23,6
Brooklyn Nets,2025-03-13T00:00:00,BKN @ CHI,110,11,50,32,7
Los Angeles Lakers,2025-03-13T00:00:00,LAL @ MIL,106,15,38,18,4
New Orleans Pelicans,2025-03-13T00:00:00,NOP vs. ORL,93,7,40,23,4
Sacramento Kings,2025-03-13T00:00:00,SAC @ GSW,104,14,30,25,4
Minnesota Timberwolves,2025-03-12T00:00:00,MIN @ DEN,115,17,48,31,5
LA Clippers,2025-03-12T00:00:00,LAC @ MIA,119,13,45,24,0
Atlanta Hawks,2025-03-12T00:00:00,ATL vs. CHA,123,14,43,26,6
Toronto Raptors,2025-03-12T00:00:00,TOR vs. PHI,118,16,59,33,5
San Antonio Spurs,2025-03-12T00:00:00,SAS vs. DAL,126,11,47,32,2
Memphis Grizzlies,2025-03-12T00:00:00,MEM vs. UTA,122,20,39,30,6
Houston Rockets,2025-03-12T00:00:00,HOU vs. PHX,111,12,38,25,3
Oklahoma City Thunder,2025-03-12T00:00:00,OKC @ BOS,118,13,44,19,2
New York Knicks,2025-03-12T00:00:00,NYK @ POR,114,12,38,27,7
Portland Trail Blazers,2025-03-12T00:00:00,POR vs. NYK,113,17,52,20,6
Boston Celtics,2025-03-12T00:00:00,BOS vs. OKC,112,20,41,25,6
Utah Jazz,2025-03-12T00:00:00,UTA @ MEM,115,12,60,24,8
Phoenix Suns,2025-03-12T00:00:00,PHX @ HOU,104,10,37,22,8
Dallas Mavericks,2025-03-12T00:00:00,DAL @ SAS,116,13,31,30,0
Charlotte Hornets,2025-03-12T00:00:00,CHA @ ATL,110,14,47,29,9
Philadelphia 76ers,2025-03-12T00:00:00,PHI @ TOR,105,7,40,19,11
Miami Heat,2025-03-12T00:00:00,MIA vs. LAC,104,14,29,27,3
Denver Nuggets,2025-03-12T00:00:00,DEN vs. MIN,95,7,42,20,4
Detroit Pistons,2025-03-11T00:00:00,DET vs. WAS,123,16,61,29,5
New Orleans Pelicans,2025-03-11T00:00:00,NOP vs. LAC,127,17,46,34,7
Cleveland Cavaliers,2025-03-11T00:00:00,CLE vs. BKN,109,10,48,23,4
Indiana Pacers,2025-03-11T00:00:00,IND vs. MIL,115,13,38,30,3
Milwaukee Bucks,2025-03-11T00:00:00,MIL @ IND,114,14,44,32,2
Brooklyn Nets,2025-03-11T00:00:00,BKN @ CLE,104,16,38,31,3
LA Clippers,2025-03-11T00:00:00,LAC @ NOP,120,14,34,34,8
Washington Wizards,2025-03-11T00:00:00,WAS @ DET,103,13,47,20,4
New York Knicks,2025-03-10T00:00:00,NYK @ SAC,133,22,40,34,1
Chicago Bulls,2025-03-10T00:00:00,CHI vs. IND,121,12,56,30,6
Toronto Raptors,2025-03-10T00:00:00,TOR vs. WAS,119,16,73,26,2
Denver Nuggets,2025-03-10T00:00:00,DEN @ OKC,140,18,43,32,5
Houston Rockets,2025-03-10T00:00:00,HOU vs. ORL,97,16,63,20,4
Golden State Warriors,2025-03-10T00:00:00,GSW vs. POR,130,21,40,35,5
Atlanta Hawks,2025-03-10T00:00:00,ATL vs. PHI,132,15,48,34,6
Boston Celtics,2025-03-10T00:00:00,BOS vs. UTA,114,18,47,28,8
Dallas Mavericks,2025-03-10T00:00:00,DAL @ SAS,133,12,40,25,2
Brooklyn Nets,2025-03-10T00:00:00,BKN vs. LAL,111,18,47,22,6
Charlotte Hornets,2025-03-10T00:00:00,CHA @ MIA,105,11,36,26,6
Memphis Grizzlies,2025-03-10T00:00:00,MEM vs. PHX,120,17,39,26,7
Phoenix Suns,2025-03-10T00:00:00,PHX @ MEM,118,20,46,31,2
Los Angeles Lakers,2025-03-10T00:00:00,LAL @ BKN,108,19,43,31,4
Miami Heat,2025-03-10T00:00:00,MIA vs. CHA,102,10,46,24,3
San Antonio Spurs,2025-03-10T00:00:00,SAS vs. DAL,129,17,38,29,2
Utah Jazz,2025-03-10T00:00:00,UTA @ BOS,108,13,48,29,4
Philadelphia 76ers,2025-03-10T00:00:00,PHI @ ATL,123,16,31,29,3
Portland Trail Blazers,2025-03-10T00:00:00,POR @ GSW,120,18,43,31,5
Oklahoma City Thunder,2025-03-10T00:00:00,OKC vs. DEN,127,19,37,29,6
Orlando Magic,2025-03-10T00:00:00,ORL @ HOU,84,8,42,15,5
Washington Wizards,2025-03-10T00:00:00,WAS @ TOR,104,16,54,25,12
Indiana Pacers,2025-03-10T00:00:00,IND @ CHI,103,10,39,30,4
Sacramento Kings,2025-03-10T00:00:00,SAC vs. NYK,104,10,37,18,4
Oklahoma City Thunder,2025-03-09T00:00:00,OKC vs. DEN,127,13,56,25,14
Minnesota Timberwolves,2025-03-09T00:00:00,MIN vs. SAS,141,21,42,38,4
Cleveland Cavaliers,2025-03-09T00:00:00,CLE @ MIL,112,19,44,25,2
Phoenix Suns,2025-03-09T00:00:00,PHX @ DAL,125,10,46,33,4
Detroit Pistons,2025-03-09T00:00:00,DET @ POR,119,9,54,22,8
Philadelphia 76ers,2025-03-09T00:00:00,PHI vs. UTA,126,16,50,27,9
Memphis Grizzlies,2025-03-09T00:00:00,MEM @ NOP,107,13,57,24,6
LA Clippers,2025-03-09T00:00:00,LAC vs. SAC,111,10,38,23,5
Sacramento Kings,2025-03-09T00:00:00,SAC @ LAC,110,9,48,27,1
New Orleans Pelicans,2025-03-09T00:00:00,NOP vs. MEM,104,13,39,24,6
Utah Jazz,2025-03-09T00:00:00,UTA @ PHI,122,18,44,25,4
Portland Trail Blazers,2025-03-09T00:00:00,POR vs. DET,112,15,41,17,4
Dallas Mavericks,2025-03-09T00:00:00,DAL vs. PHX,116,17,32,29,2
Milwaukee Bucks,2025-03-09T00:00:00,MIL vs. CLE,100,9,50,17,2
San Antonio Spurs,2025-03-09T00:00:00,SAS @ MIN,124,11,36,26,3
Denver Nuggets,2025-03-09T00:00:00,DEN @ OKC,103,12,48,22,6
Houston Rockets,2025-03-08T00:00:00,HOU vs. NOP,146,17,48,32,7
Boston Celtics,2025-03-08T00:00:00,BOS vs. LAL,111,13,43,24,5
Golden State Warriors,2025-03-08T00:00:00,GSW vs. DET,115,12,46,26,4
Chicago Bulls,2025-03-08T00:00:00,CHI @ MIA,114,11,51,27,4
Charlotte Hornets,2025-03-08T00:00:00,CHA vs. BKN,105,11,50,25,2
Atlanta Hawks,2025-03-08T00:00:00,ATL vs. IND,120,10,48,23,10
Orlando Magic,2025-03-08T00:00:00,ORL @ MIL,111,12,34,19,5
Washington Wizards,2025-03-08T00:00:00,WAS @ TOR,118,13,50,29,7
Toronto Raptors,2025-03-08T00:00:00,TOR vs. WAS,117,10,49,24,6
Indiana Pacers,2025-03-08T00:00:00,IND @ ATL,118,10,41,29,6
Milwaukee Bucks,2025-03-08T00:00:00,MIL vs. ORL,109,11,38,17,4
Brooklyn Nets,2025-03-08T00:00:00,BKN @ CHA,102,14,37,20,10
Detroit Pistons,2025-03-08T00:00:00,DET @ GSW,110,5,44,17,4
Miami Heat,2025-03-08T00:00:00,MIA vs. CHI,109,13,44,25,5
Los Angeles Lakers,2025-03-08T00:00:00,LAL @ BOS,101,14,45,18,1
New Orleans Pelicans,2025-03-08T00:00:00,NOP @ HOU,117,12,44,29,3
Sacramento Kings,2025-03-07T00:00:00,SAC vs. SAS,127,17,51,31,4
Oklahoma City Thunder,2025-03-07T00:00:00,OKC vs. POR,107,14,43,25,8
Memphis Grizzlies,2025-03-07T00:00:00,MEM @ DAL,122,8,59,28,12
LA Clippers,2025-03-07T00:00:00,LAC vs. NYK,105,15,47,23,8
Toronto Raptors,2025-03-07T00:00:00,TOR vs. UTA,118,14,48,27,5
Denver Nuggets,2025-03-07T00:00:00,DEN vs. PHX,149,21,38,45,3
Minnesota Timberwolves,2025-03-07T00:00:00,MIN @ MIA,106,18,43,28,6
Cleveland Cavaliers,2025-03-07T00:00:00,CLE @ CHA,118,11,45,16,4
Charlotte Hornets,2025-03-07T00:00:00,CHA vs. CLE,117,13,43,29,3
Miami Heat,2025-03-07T00:00:00,MIA vs. MIN,104,14,41,29,2
Phoenix Suns,2025-03-07T00:00:00,PHX @ DEN,141,16,39,36,2
Utah Jazz,2025-03-07T00:00:00,UTA @ TOR,109,8,56,21,10
New York Knicks,2025-03-07T00:00:00,NYK @ LAC,95,9,53,25,4
Dallas Mavericks,2025-03-07T00:00:00,DAL vs. MEM,111,15,45,24,7
San Antonio Spurs,2025-03-07T00:00:00,SAS @ SAC,109,16,36,27,4
Portland Trail Blazers,2025-03-07T00:00:00,POR @ OKC,89,8,53,15,4
Boston Celtics,2025-03-06T00:00:00,BOS vs. PHI,123,19,46,32,6
Houston Rockets,2025-03-06T00:00:00,HOU @ NOP,109,9,41,33,6
Atlanta Hawks,2025-03-06T00:00:00,ATL vs. IND,124,10,43,32,4
Los Angeles Lakers,2025-03-06T00:00:00,LAL vs. NYK,113,14,49,25,4
Chicago Bulls,2025-03-06T00:00:00,CHI @ ORL,125,15,48,25,7
Golden State Warriors,2025-03-06T00:00:00,GSW @ BKN,121,12,45,31,4
Orlando Magic,2025-03-06T00:00:00,ORL vs. CHI,123,9,33,26,5
Brooklyn Nets,2025-03-06T00:00:00,BKN vs. GSW,119,15,32,30,5
New York Knicks,2025-03-06T00:00:00,NYK @ LAL,109,10,46,20,2
Indiana Pacers,2025-03-06T00:00:00,IND @ ATL,118,14,42,27,5
New Orleans Pelicans,2025-03-06T00:00:00,NOP vs. HOU,97,9,41,17,7
Philadelphia 76ers,2025-03-06T00:00:00,PHI @ BOS,105,15,45,29,5
Milwaukee Bucks,2025-03-05T00:00:00,MIL vs. DAL,137,16,55,29,4
Oklahoma City Thunder,2025-03-05T00:00:00,OKC @ MEM,120,15,39,27,4
Minnesota Timberwolves,2025-03-05T00:00:00,MIN @ CHA,125,21,43,27,3
Boston Celtics,2025-03-05T00:00:00,BOS vs. POR,128,23,52,24,6
LA Clippers,2025-03-05T00:00:00,LAC vs. DET,123,13,33,18,6
Denver Nuggets,2025-03-05T00:00:00,DEN vs. SAC,116,12,46,28,8
Cleveland Cavaliers,2025-03-05T00:00:00,CLE vs. MIA,112,14,47,26,4
Washington Wizards,2025-03-05T00:00:00,WAS vs. UTA,125,17,45,32,12
Utah Jazz,2025-03-05T00:00:00,UTA @ WAS,122,14,58,21,3
Miami Heat,2025-03-05T00:00:00,MIA @ CLE,107,13,42,29,2
Sacramento Kings,2025-03-05T00:00:00,SAC @ DEN,110,11,45,22,6
Detroit Pistons,2025-03-05T00:00:00,DET @ LAC,115,11,34,27,2
Portland Trail Blazers,2025-03-05T00:00:00,POR @ BOS,118,16,39,19,3
Charlotte Hornets,2025-03-05T00:00:00,CHA vs. MIN,110,12,57,26,2
Memphis Grizzlies,2025-03-05T00:00:00,MEM vs. OKC,103,9,49,21,1
Dallas Mavericks,2025-03-05T00:00:00,DAL @ MIL,107,13,30,30,3
Cleveland Cavaliers,2025-03-04T00:00:00,CLE @ CHI,139,17,53,27,4
Los Angeles Lakers,2025-03-04T00:00:00,LAL vs. NOP,136,19,51,32,5
San Antonio Spurs,2025-03-04T00:00:00,SAS vs. BKN,127,18,46,37,4
Minnesota Timberwolves,2025-03-04T00:00:00,MIN vs. PHI,126,18,37,29,5
Indiana Pacers,2025-03-04T00:00:00,IND vs. HOU,115,17,35,34,6
Golden State Warriors,2025-03-04T00:00:00,GSW @ NYK,114,13,44,30,7
Milwaukee Bucks,2025-03-04T00:00:00,MIL @ ATL,127,11,51,27,1
Phoenix Suns,2025-03-04T00:00:00,PHX vs. LAC,119,14,37,31,3
Toronto Raptors,2025-03-04T00:00:00,TOR @ ORL,114,12,48,28,8
Orlando Magic,2025-03-04T00:00:00,ORL vs. TOR,113,15,35,28,5
LA Clippers,2025-03-04T00:00:00,LAC @ PHX,117,8,37,29,3
Atlanta Hawks,2025-03-04T00:00:00,ATL vs. MIL,121,16,47,33,6
New York Knicks,2025-03-04T00:00:00,NYK vs. GSW,102,8,42,26,2
Houston Rockets,2025-03-04T00:00:00,HOU @ IND,102,9,58,22,0
Brooklyn Nets,2025-03-04T00:00:00,BKN @ SAS,113,17,40,29,2
Philadelphia 76ers,2025-03-04T00:00:00,PHI @ MIN,112,9,36,22,2
New Orleans Pelicans,2025-03-04T00:00:00,NOP @ LAL,115,9,35,29,3
Chicago Bulls,2025-03-04T00:00:00,CHI vs. CLE,117,11,50,32,6
Detroit Pistons,2025-03-03T00:00:00,DET @ UTA,134,11,39,32,8
Sacramento Kings,2025-03-03T00:00:00,SAC @ DAL,122,16,37,34,4
Golden State Warriors,2025-03-03T00:00:00,GSW @ CHA,119,18,54,33,4
Portland Trail Blazers,2025-03-03T00:00:00,POR @ PHI,119,11,61,26,6
Miami Heat,2025-03-03T00:00:00,MIA vs. WAS,106,13,48,31,4
Oklahoma City Thunder,2025-03-03T00:00:00,OKC vs. HOU,137,17,49,31,6
Atlanta Hawks,2025-03-03T00:00:00,ATL @ MEM,132,13,32,35,7
Memphis Grizzlies,2025-03-03T00:00:00,MEM vs. ATL,130,13,43,36,3
Houston Rockets,2025-03-03T00:00:00,HOU @ OKC,128,16,49,20,7
Washington Wizards,2025-03-03T00:00:00,WAS @ MIA,90,10,43,22,0
Philadelphia 76ers,2025-03-03T00:00:00,PHI vs. POR,102,11,43,27,3
Charlotte Hornets,2025-03-03T00:00:00,CHA vs. GSW,101,11,47,20,6
Dallas Mavericks,2025-03-03T00:00:00,DAL vs. SAC,98,7,37,28,1
Utah Jazz,2025-03-03T00:00:00,UTA vs. DET,106,10,41,19,1
Minnesota Timberwolves,2025-03-02T00:00:00,MIN @ PHX,116,21,35,28,2
Indiana Pacers,2025-03-02T00:00:00,IND vs. CHI,127,19,36,34,4
Oklahoma City Thunder,2025-03-02T00:00:00,OKC @ SAS,146,19,45,34,6
New Orleans Pelicans,2025-03-02T00:00:00,NOP @ UTA,128,15,48,35,5
Boston Celtics,2025-03-02T00:00:00,BOS vs. DEN,110,14,45,26,4
Los Angeles Lakers,2025-03-02T00:00:00,LAL vs. LAC,108,18,41,21,6
Cleveland Cavaliers,2025-03-02T00:00:00,CLE vs. POR,133,19,47,27,5
New York Knicks,2025-03-02T00:00:00,NYK @ MIA,116,14,46,27,6
Toronto Raptors,2025-03-02T00:00:00,TOR @ ORL,104,7,40,22,4
Orlando Magic,2025-03-02T00:00:00,ORL vs. TOR,102,7,35,17,5
Portland Trail Blazers,2025-03-02T00:00:00,POR @ CLE,129,14,46,25,1
Miami Heat,2025-03-02T00:00:00,MIA vs. NYK,112,11,34,29,6
LA Clippers,2025-03-02T00:00:00,LAC @ LAL,102,12,40,24,1
Utah Jazz,2025-03-02T00:00:00,UTA vs. NOP,121,16,41,35,4
Denver Nuggets,2025-03-02T00:00:00,DEN @ BOS,103,12,38,27,2
San Antonio Spurs,2025-03-02T00:00:00,SAS vs. OKC,132,18,35,36,3
Chicago Bulls,2025-03-02T00:00:00,CHI @ IND,112,10,42,24,4
Phoenix Suns,2025-03-02T00:00:00,PHX vs. MIN,98,13,57,24,7
Detroit Pistons,2025-03-01T00:00:00,DET vs. BKN,115,12,47,31,15
Milwaukee Bucks,2025-03-01T00:00:00,MIL @ DAL,132,13,52,33,6
Washington Wizards,2025-03-01T00:00:00,WAS @ CHA,113,17,48,33,7
Sacramento Kings,2025-03-01T00:00:00,SAC @ HOU,113,9,46,21,5
Philadelphia 76ers,2025-03-01T00:00:00,PHI vs. GSW,126,19,40,27,3
San Antonio Spurs,2025-03-01T00:00:00,SAS @ MEM,130,14,42,33,4
Memphis Grizzlies,2025-03-01T00:00:00,MEM vs. SAS,128,11,41,31,8
Golden State Warriors,2025-03-01T00:00:00,GSW @ PHI,119,12,49,33,4
Houston Rockets,2025-03-01T00:00:00,HOU vs. SAC,103,13,43,18,2
Charlotte Hornets,2025-03-01T00:00:00,CHA vs. WAS,100,14,44,28,5
Dallas Mavericks,2025-03-01T00:00:00,DAL vs. MIL,117,11,33,25,1
Brooklyn Nets,2025-03-01T00:00:00,BKN @ DET,94,6,38,19,8
Portland Trail Blazers,2025-02-28T00:00:00,POR @ BKN,121,15,36,31,4
Phoenix Suns,2025-02-28T00:00:00,PHX vs. NOP,125,21,35,35,3
Oklahoma City Thunder,2025-02-28T00:00:00,OKC @ ATL,135,23,43,37,1
Denver Nuggets,2025-02-28T00:00:00,DEN @ DET,134,17,50,28,8
Chicago Bulls,2025-02-28T00:00:00,CHI vs. TOR,125,13,45,32,4
Cleveland Cavaliers,2025-02-28T00:00:00,CLE @ BOS,123,17,44,23,3
Miami Heat,2025-02-28T00:00:00,MIA vs. IND,125,17,39,34,4
Los Angeles Lakers,2025-02-28T00:00:00,LAL vs. LAC,106,11,39,19,5
Utah Jazz,2025-02-28T00:00:00,UTA vs. MIN,117,14,60,35,4
New York Knicks,2025-02-28T00:00:00,NYK @ MEM,114,13,35,29,7
Minnesota Timberwolves,2025-02-28T00:00:00,MIN @ UTA,116,20,40,35,4
Memphis Grizzlies,2025-02-28T00:00:00,MEM vs. NYK,113,4,58,26,4
LA Clippers,2025-02-28T00:00:00,LAC @ LAL,102,9,44,25,1
Indiana Pacers,2025-02-28T00:00:00,IND @ MIA,120,21,30,35,3
Boston Celtics,2025-02-28T00:00:00,BOS vs. CLE,116,17,40,20,5
Toronto Raptors,2025-02-28T00:00:00,TOR @ CHI,115,13,51,30,3
Detroit Pistons,2025-02-28T00:00:00,DET vs. DEN,119,12,42,32,3
Atlanta Hawks,2025-02-28T00:00:00,ATL vs. OKC,119,15,46,27,5
New Orleans Pelicans,2025-02-28T00:00:00,NOP @ PHX,108,11,35,28,3
Brooklyn Nets,2025-02-28T00:00:00,BKN vs. POR,102,7,45,20,2
Milwaukee Bucks,2025-02-27T00:00:00,MIL vs. DEN,121,14,48,25,4
Los Angeles Lakers,2025-02-27T00:00:00,LAL vs. MIN,111,11,52,21,2
New Orleans Pelicans,2025-02-27T00:00:00,NOP @ PHX,124,17,50,25,6
Dallas Mavericks,2025-02-27T00:00:00,DAL vs. CHA,103,11,48,23,7
Golden State Warriors,2025-02-27T00:00:00,GSW @ ORL,121,19,38,26,7
Orlando Magic,2025-02-27T00:00:00,ORL vs. GSW,115,11,46,23,4
Charlotte Hornets,2025-02-27T00:00:00,CHA @ DAL,96,7,56,25,2
Phoenix Suns,2025-02-27T00:00:00,PHX vs. NOP,116,20,52,29,6
Denver Nuggets,2025-02-27T00:00:00,DEN @ MIL,112,9,55,28,2
Minnesota Timberwolves,2025-02-27T00:00:00,MIN @ LAL,102,12,41,25,3
Miami Heat,2025-02-26T00:00:00,MIA vs. ATL,131,23,35,39,2
Detroit Pistons,2025-02-26T00:00:00,DET vs. BOS,117,13,51,29,5
Indiana Pacers,2025-02-26T00:00:00,IND vs. TOR,111,15,41,28,7
Sacramento Kings,2025-02-26T00:00:00,SAC @ UTA,118,15,47,28,7
Houston Rockets,2025-02-26T00:00:00,HOU vs. SAS,118,11,60,22,5
Portland Trail Blazers,2025-02-26T00:00:00,POR @ WAS,129,12,46,27,4
Oklahoma City Thunder,2025-02-26T00:00:00,OKC @ BKN,129,9,45,27,4
LA Clippers,2025-02-26T00:00:00,LAC @ CHI,122,19,44,33,10
New York Knicks,2025-02-26T00:00:00,NYK vs. PHI,110,7,43,22,8
Chicago Bulls,2025-02-26T00:00:00,CHI vs. LAC,117,19,41,35,1
Philadelphia 76ers,2025-02-26T00:00:00,PHI @ NYK,105,11,35,21,6
Washington Wizards,2025-02-26T00:00:00,WAS vs. POR,121,12,41,25,8
Brooklyn Nets,2025-02-26T00:00:00,BKN vs. OKC,121,23,46,31,5
San Antonio Spurs,2025-02-26T00:00:00,SAS @ HOU,106,7,41,28,5
Utah Jazz,2025-02-26T00:00:00,UTA vs. SAC,101,16,34,32,2
Boston Celtics,2025-02-26T00:00:00,BOS @ DET,97,21,32,21,1
Toronto Raptors,2025-02-26T00:00:00,TOR @ IND,91,6,40,23,2
Atlanta Hawks,2025-02-26T00:00:00,ATL @ MIA,109,12,33,29,3
Cleveland Cavaliers,2025-02-25T00:00:00,CLE @ ORL,122,19,47,25,5
Golden State Warriors,2025-02-25T00:00:00,GSW vs. CHA,128,15,51,40,5
Boston Celtics,2025-02-25T00:00:00,BOS @ TOR,111,15,39,24,4
Los Angeles Lakers,2025-02-25T00:00:00,LAL vs. DAL,107,11,57,24,8
New Orleans Pelicans,2025-02-25T00:00:00,NOP vs. SAS,109,7,54,25,6
Memphis Grizzlies,2025-02-25T00:00:00,MEM vs. PHX,151,20,38,36,4
Houston Rockets,2025-02-25T00:00:00,HOU vs. MIL,100,12,53,18,9
Phoenix Suns,2025-02-25T00:00:00,PHX @ MEM,148,21,46,39,6
Milwaukee Bucks,2025-02-25T00:00:00,MIL @ HOU,97,12,37,19,5
San Antonio Spurs,2025-02-25T00:00:00,SAS @ NOP,103,13,45,29,4
Dallas Mavericks,2025-02-25T00:00:00,DAL @ LAL,99,17,45,23,11
Toronto Raptors,2025-02-25T00:00:00,TOR vs. BOS,101,5,40,27,1
Charlotte Hornets,2025-02-25T00:00:00,CHA @ GSW,92,11,50,18,8
Orlando Magic,2025-02-25T00:00:00,ORL vs. CLE,82,5,35,21,8
Sacramento Kings,2025-02-24T00:00:00,SAC vs. CHA,130,20,49,30,4
Chicago Bulls,2025-02-24T00:00:00,CHI @ PHI,142,18,44,32,6
Atlanta Hawks,2025-02-24T00:00:00,ATL vs. MIA,98,9,50,29,2
Denver Nuggets,2025-02-24T00:00:00,DEN @ IND,125,8,46,39,4
Detroit Pistons,2025-02-24T00:00:00,DET vs. LAC,106,9,46,22,7
Washington Wizards,2025-02-24T00:00:00,WAS vs. BKN,107,13,37,26,8
Minnesota Timberwolves,2025-02-24T00:00:00,MIN @ OKC,131,9,54,29,5
Portland Trail Blazers,2025-02-24T00:00:00,POR @ UTA,114,14,51,26,6
Utah Jazz,2025-02-24T00:00:00,UTA vs. POR,112,18,45,24,2
Oklahoma City Thunder,2025-02-24T00:00:00,OKC vs. MIN,128,15,53,27,8
Brooklyn Nets,2025-02-24T00:00:00,BKN @ WAS,99,14,39,25,4
Indiana Pacers,2025-02-24T00:00:00,IND vs. DEN,116,14,32,29,3
LA Clippers,2025-02-24T00:00:00,LAC @ DET,97,11,48,24,3
Miami Heat,2025-02-24T00:00:00,MIA @ ATL,86,7,45,15,4
Philadelphia 76ers,2025-02-24T00:00:00,PHI vs. CHI,110,10,47,19,5
Charlotte Hornets,2025-02-24T00:00:00,CHA @ SAC,88,10,37,24,4
Golden State Warriors,2025-02-23T00:00:00,GSW vs. DAL,126,12,54,30,6
Orlando Magic,2025-02-23T00:00:00,ORL vs. WAS,110,11,47,25,5
Indiana Pacers,2025-02-23T00:00:00,IND vs. LAC,129,12,46,31,5
Toronto Raptors,2025-02-23T00:00:00,TOR vs. PHX,127,20,49,30,1
New Orleans Pelicans,2025-02-23T00:00:00,NOP vs. SAS,114,11,69,27,3
Boston Celtics,2025-02-23T00:00:00,BOS vs. NYK,118,17,49,27,5
Oklahoma City Thunder,2025-02-23T00:00:00,OKC @ MIN,130,19,37,32,8
Milwaukee Bucks,2025-02-23T00:00:00,MIL vs. MIA,120,14,40,25,3
Cleveland Cavaliers,2025-02-23T00:00:00,CLE vs. MEM,129,13,57,25,5
Detroit Pistons,2025-02-23T00:00:00,DET @ ATL,148,20,37,39,5
Atlanta Hawks,2025-02-23T00:00:00,ATL vs. DET,143,21,40,30,6
Memphis Grizzlies,2025-02-23T00:00:00,MEM @ CLE,123,15,37,28,5
Minnesota Timberwolves,2025-02-23T00:00:00,MIN vs. OKC,123,18,44,23,5
Miami Heat,2025-02-23T00:00:00,MIA @ MIL,113,9,46,25,3
New York Knicks,2025-02-23T00:00:00,NYK @ BOS,105,14,40,21,1
LA Clippers,2025-02-23T00:00:00,LAC @ IND,111,10,32,23,3
Phoenix Suns,2025-02-23T00:00:00,PHX @ TOR,109,7,37,22,7
San Antonio Spurs,2025-02-23T00:00:00,SAS @ NOP,96,15,46,29,7
Washington Wizards,2025-02-23T00:00:00,WAS @ ORL,90,10,36,22,4
Dallas Mavericks,2025-02-23T00:00:00,DAL @ GSW,102,13,41,24,4
Portland Trail Blazers,2025-02-22T00:00:00,POR vs. CHA,141,20,57,37,7
Los Angeles Lakers,2025-02-22T00:00:00,LAL @ DEN,123,16,39,27,9
Utah Jazz,2025-02-22T00:00:00,UTA vs. HOU,124,13,58,28,3
Phoenix Suns,2025-02-22T00:00:00,PHX @ CHI,121,10,49,29,3
Brooklyn Nets,2025-02-22T00:00:00,BKN @ PHI,105,7,39,27,8
Philadelphia 76ers,2025-02-22T00:00:00,PHI vs. BKN,103,10,43,21,5
Chicago Bulls,2025-02-22T00:00:00,CHI vs. PHX,117,18,45,29,4
Houston Rockets,2025-02-22T00:00:00,HOU @ UTA,115,17,41,33,2
Denver Nuggets,2025-02-22T00:00:00,DEN vs. LAL,100,16,45,28,1
Charlotte Hornets,2025-02-22T00:00:00,CHA @ POR,88,5,37,19,7
Cleveland Cavaliers,2025-02-21T00:00:00,CLE vs. NYK,142,19,47,38,2
Golden State Warriors,2025-02-21T00:00:00,GSW @ SAC,132,20,35,40,3
Oklahoma City Thunder,2025-02-21T00:00:00,OKC @ UTA,130,19,51,38,10
Detroit Pistons,2025-02-21T00:00:00,DET @ SAS,125,12,53,31,5
Miami Heat,2025-02-21T00:00:00,MIA @ TOR,120,13,44,20,3
Dallas Mavericks,2025-02-21T00:00:00,DAL vs. NOP,111,16,47,28,4
Houston Rockets,2025-02-21T00:00:00,HOU vs. MIN,121,13,48,18,6
Milwaukee Bucks,2025-02-21T00:00:00,MIL @ WAS,104,9,44,24,6
Memphis Grizzlies,2025-02-21T00:00:00,MEM @ ORL,105,7,53,22,7
Orlando Magic,2025-02-21T00:00:00,ORL vs. MEM,104,9,50,23,9
Washington Wizards,2025-02-21T00:00:00,WAS vs. MIL,101,12,42,25,4
Minnesota Timberwolves,2025-02-21T00:00:00,MIN @ HOU,115,11,35,22,6
New Orleans Pelicans,2025-02-21T00:00:00,NOP @ DAL,103,8,53,25,6
Toronto Raptors,2025-02-21T00:00:00,TOR vs. MIA,111,17,46,25,2
San Antonio Spurs,2025-02-21T00:00:00,SAS vs. DET,110,10,32,27,5
Utah Jazz,2025-02-21T00:00:00,UTA vs. OKC,107,15,43,27,2
Sacramento Kings,2025-02-21T00:00:00,SAC vs. GSW,108,11,39,26,3
New York Knicks,2025-02-21T00:00:00,NYK @ CLE,105,10,32,25,3
Boston Celtics,2025-02-20T00:00:00,BOS @ PHI,124,24,49,33,6
Denver Nuggets,2025-02-20T00:00:00,DEN vs. CHA,129,19,55,29,3
Indiana Pacers,2025-02-20T00:00:00,IND vs. MEM,127,17,46,29,12
Cleveland Cavaliers,2025-02-20T00:00:00,CLE @ BKN,110,11,52,19,5
San Antonio Spurs,2025-02-20T00:00:00,SAS vs. PHX,120,15,44,30,3
Los Angeles Lakers,2025-02-20T00:00:00,LAL @ POR,110,9,48,20,6
Milwaukee Bucks,2025-02-20T00:00:00,MIL vs. LAC,116,17,41,22,5
Orlando Magic,2025-02-20T00:00:00,ORL @ ATL,114,6,53,15,7
New York Knicks,2025-02-20T00:00:00,NYK vs. CHI,113,14,54,28,7
Chicago Bulls,2025-02-20T00:00:00,CHI @ NYK,111,19,53,24,6
LA Clippers,2025-02-20T00:00:00,LAC @ MIL,110,12,43,28,7
Atlanta Hawks,2025-02-20T00:00:00,ATL vs. ORL,108,11,51,20,4
Portland Trail Blazers,2025-02-20T00:00:00,POR vs. LAL,102,12,33,27,7
Phoenix Suns,2025-02-20T00:00:00,PHX @ SAS,109,16,39,28,4
Brooklyn Nets,2025-02-20T00:00:00,BKN vs. CLE,97,10,45,25,10
Charlotte Hornets,2025-02-20T00:00:00,CHA @ DEN,115,15,45,28,2
Memphis Grizzlies,2025-02-20T00:00:00,MEM @ IND,113,12,46,28,7
Philadelphia 76ers,2025-02-20T00:00:00,PHI vs. BOS,104,8,44,23,0
Charlotte Hornets,2025-02-19T00:00:00,CHA @ LAL,100,18,47,20,4
Los Angeles Lakers,2025-02-19T00:00:00,LAL vs. CHA,97,15,50,29,4
,2025-02-16T00:00:00,,41,9,16,10,0
,2025-02-16T00:00:00,,41,5,14,14,3
,2025-02-16T00:00:00,,42,6,18,12,1
,2025-02-16T00:00:00,,35,4,15,8,0
,2025-02-16T00:00:00,,32,6,3,12,3
,2025-02-16T00:00:00,,25,2,18,7,1
,2025-02-14T00:00:00,,64,0,39,16,3
,2025-02-14T00:00:00,,25,3,12,4,1
,2025-02-14T00:00:00,,40,4,12,13,0
,2025-02-14T00:00:00,,40,4,19,7,0
,2025-02-14T00:00:00,,39,3,13,10,1
,2025-02-14T00:00:00,,34,5,8,11,0
,2025-02-14T00:00:00,,55,2,36,9,2
,2025-02-14T00:00:00,,14,2,9,4,2
Minnesota Timberwolves,2025-02-13T00:00:00,MIN vs. OKC,116,12,54,28,2
New Orleans Pelicans,2025-02-13T00:00:00,NOP vs. SAC,140,21,45,32,7
Golden State Warriors,2025-02-13T00:00:00,GSW @ HOU,105,11,42,26,6
Dallas Mavericks,2025-02-13T00:00:00,DAL vs. MIA,118,13,40,28,2
LA Clippers,2025-02-13T00:00:00,LAC @ UTA,120,14,43,22,5
Utah Jazz,2025-02-13T00:00:00,UTA vs. LAC,116,18,47,23,1
Miami Heat,2025-02-13T00:00:00,MIA @ DAL,113,10,42,23,4
Sacramento Kings,2025-02-13T00:00:00,SAC @ NOP,133,17,58,38,1
Houston Rockets,2025-02-13T00:00:00,HOU vs. GSW,98,12,52,24,5
Oklahoma City Thunder,2025-02-13T00:00:00,OKC @ MIN,101,7,49,25,7
Cleveland Cavaliers,2025-02-12T00:00:00,CLE @ TOR,131,18,53,34,4
Detroit Pistons,2025-02-12T00:00:00,DET @ CHI,128,10,47,30,6
Orlando Magic,2025-02-12T00:00:00,ORL vs. CHA,102,14,52,22,9
LA Clippers,2025-02-12T00:00:00,LAC vs. MEM,128,13,46,29,2
Oklahoma City Thunder,2025-02-12T00:00:00,OKC vs. MIA,115,15,41,22,3
Boston Celtics,2025-02-12T00:00:00,BOS vs. SAS,116,18,56,25,5
Utah Jazz,2025-02-12T00:00:00,UTA vs. LAL,131,15,48,30,8
Denver Nuggets,2025-02-12T00:00:00,DEN vs. POR,132,15,49,26,7
Sacramento Kings,2025-02-12T00:00:00,SAC @ NOP,119,16,48,28,7
Houston Rockets,2025-02-12T00:00:00,HOU vs. PHX,119,13,47,32,4
Indiana Pacers,2025-02-12T00:00:00,IND @ WAS,134,16,42,38,5
Dallas Mavericks,2025-02-12T00:00:00,DAL vs. GSW,111,15,39,20,7
Brooklyn Nets,2025-02-12T00:00:00,BKN vs. PHI,100,8,50,23,7
Milwaukee Bucks,2025-02-12T00:00:00,MIL @ MIN,103,12,48,24,1
New York Knicks,2025-02-12T00:00:00,NYK vs. ATL,149,11,39,28,5
Atlanta Hawks,2025-02-12T00:00:00,ATL @ NYK,148,14,47,43,10
Minnesota Timberwolves,2025-02-12T00:00:00,MIN vs. MIL,101,10,59,27,6
Washington Wizards,2025-02-12T00:00:00,WAS vs. IND,130,23,46,29,7
Golden State Warriors,2025-02-12T00:00:00,GSW @ DAL,107,10,50,29,6
Philadelphia 76ers,2025-02-12T00:00:00,PHI @ BKN,96,8,38,25,9
New Orleans Pelicans,2025-02-12T00:00:00,NOP vs. SAC,111,8,40,28,5
Phoenix Suns,2025-02-12T00:00:00,PHX @ HOU,111,10,43,25,5
Portland Trail Blazers,2025-02-12T00:00:00,POR @ DEN,121,14,45,27,6
Los Angeles Lakers,2025-02-12T00:00:00,LAL @ UTA,119,20,45,31,3
San Antonio Spurs,2025-02-12T00:00:00,SAS @ BOS,103,9,38,30,2
Memphis Grizzlies,2025-02-12T00:00:00,MEM @ LAC,114,18,40,24,4
Miami Heat,2025-02-12T00:00:00,MIA @ OKC,101,11,45,24,5
Charlotte Hornets,2025-02-12T00:00:00,CHA @ ORL,86,8,43,21,4
Chicago Bulls,2025-02-12T00:00:00,CHI vs. DET,110,9,37,23,7
Toronto Raptors,2025-02-12T00:00:00,TOR vs. CLE,108,10,39,26,5
Detroit Pistons,2025-02-11T00:00:00,DET @ CHI,132,18,55,30,8
New York Knicks,2025-02-11T00:00:00,NYK @ IND,128,10,48,37,2
Memphis Grizzlies,2025-02-11T00:00:00,MEM @ PHX,119,12,60,22,3
Toronto Raptors,2025-02-11T00:00:00,TOR @ PHI,106,11,49,23,4
Philadelphia 76ers,2025-02-11T00:00:00,PHI vs. TOR,103,9,46,22,2
Phoenix Suns,2025-02-11T00:00:00,PHX vs. MEM,112,12,42,35,9
Indiana Pacers,2025-02-11T00:00:00,IND vs. NYK,115,9,36,32,3
Chicago Bulls,2025-02-11T00:00:00,CHI vs. DET,92,10,44,22,2
Oklahoma City Thunder,2025-02-10T00:00:00,OKC vs. NOP,137,27,45,29,8
Denver Nuggets,2025-02-10T00:00:00,DEN vs. POR,146,8,38,44,2
Cleveland Cavaliers,2025-02-10T00:00:00,CLE vs. MIN,128,17,49,27,5
Los Angeles Lakers,2025-02-10T00:00:00,LAL vs. UTA,132,15,44,28,2
Boston Celtics,2025-02-10T00:00:00,BOS @ MIA,103,17,52,24,5
Golden State Warriors,2025-02-10T00:00:00,GSW @ MIL,125,13,48,27,2
San Antonio Spurs,2025-02-10T00:00:00,SAS @ WAS,131,17,43,28,4
Brooklyn Nets,2025-02-10T00:00:00,BKN vs. CHA,97,10,47,24,6
Atlanta Hawks,2025-02-10T00:00:00,ATL @ ORL,112,12,39,29,3
Sacramento Kings,2025-02-10T00:00:00,SAC @ DAL,129,9,50,28,3
Dallas Mavericks,2025-02-10T00:00:00,DAL vs. SAC,128,15,33,31,4
Orlando Magic,2025-02-10T00:00:00,ORL vs. ATL,106,12,36,22,8
Charlotte Hornets,2025-02-10T00:00:00,CHA @ BKN,89,6,40,18,7
Washington Wizards,2025-02-10T00:00:00,WAS vs. SAS,121,14,42,26,3
Milwaukee Bucks,2025-02-10T00:00:00,MIL vs. GSW,111,10,37,18,4
Miami Heat,2025-02-10T00:00:00,MIA vs. BOS,85,11,51,21,2
Utah Jazz,2025-02-10T00:00:00,UTA @ LAL,113,12,39,29,3
Minnesota Timberwolves,2025-02-10T00:00:00,MIN @ CLE,107,12,41,17,6
Portland Trail Blazers,2025-02-10T00:00:00,POR @ DEN,117,15,33,25,4
New Orleans Pelicans,2025-02-10T00:00:00,NOP @ OKC,101,10,42,19,4
Detroit Pistons,2025-02-09T00:00:00,DET vs. CHA,112,11,46,31,1
Milwaukee Bucks,2025-02-09T00:00:00,MIL vs. PHI,135,24,53,29,3
Houston Rockets,2025-02-09T00:00:00,HOU vs. TOR,94,10,58,17,3
Toronto Raptors,2025-02-09T00:00:00,TOR @ HOU,87,8,48,19,6
Philadelphia 76ers,2025-02-09T00:00:00,PHI @ MIL,127,18,42,28,5
Charlotte Hornets,2025-02-09T00:00:00,CHA @ DET,102,15,37,25,1
Boston Celtics,2025-02-08T00:00:00,BOS @ NYK,131,19,48,21,7
Golden State Warriors,2025-02-08T00:00:00,GSW @ CHI,132,19,44,34,7
LA Clippers,2025-02-08T00:00:00,LAC vs. UTA,130,11,37,36,2
Denver Nuggets,2025-02-08T00:00:00,DEN @ PHX,122,16,56,28,4
Minnesota Timberwolves,2025-02-08T00:00:00,MIN vs. POR,114,10,43,23,2
Atlanta Hawks,2025-02-08T00:00:00,ATL @ WAS,125,18,41,36,7
Oklahoma City Thunder,2025-02-08T00:00:00,OKC @ MEM,125,18,55,29,5
Dallas Mavericks,2025-02-08T00:00:00,DAL vs. HOU,116,12,43,22,18
Los Angeles Lakers,2025-02-08T00:00:00,LAL vs. IND,124,11,46,29,3
Sacramento Kings,2025-02-08T00:00:00,SAC vs. NOP,123,11,51,24,7
Orlando Magic,2025-02-08T00:00:00,ORL vs. SAS,112,10,45,19,1
San Antonio Spurs,2025-02-08T00:00:00,SAS @ ORL,111,13,34,27,7
New Orleans Pelicans,2025-02-08T00:00:00,NOP @ SAC,118,14,39,27,8
Indiana Pacers,2025-02-08T00:00:00,IND @ LAL,117,12,38,27,2
Houston Rockets,2025-02-08T00:00:00,HOU @ DAL,105,8,48,21,5
Memphis Grizzlies,2025-02-08T00:00:00,MEM vs. OKC,112,12,40,21,9
Washington Wizards,2025-02-08T00:00:00,WAS vs. ATL,111,9,53,26,2
Portland Trail Blazers,2025-02-08T00:00:00,POR @ MIN,98,7,45,18,6
Phoenix Suns,2025-02-08T00:00:00,PHX vs. DEN,105,17,43,25,6
Utah Jazz,2025-02-08T00:00:00,UTA @ LAC,110,17,38,26,4
Chicago Bulls,2025-02-08T00:00:00,CHI vs. GSW,111,17,31,24,4
New York Knicks,2025-02-08T00:00:00,NYK vs. BOS,104,9,30,16,1
Brooklyn Nets,2025-02-07T00:00:00,BKN vs. MIA,102,10,57,17,13
Detroit Pistons,2025-02-07T00:00:00,DET vs. PHI,125,17,56,32,4
Oklahoma City Thunder,2025-02-07T00:00:00,OKC vs. TOR,121,9,44,26,7
Cleveland Cavaliers,2025-02-07T00:00:00,CLE @ WAS,134,16,46,32,3
Phoenix Suns,2025-02-07T00:00:00,PHX vs. UTA,135,22,49,31,15
Atlanta Hawks,2025-02-07T00:00:00,ATL vs. MIL,115,13,52,29,6
Charlotte Hornets,2025-02-07T00:00:00,CHA vs. SAS,117,17,53,33,4
San Antonio Spurs,2025-02-07T00:00:00,SAS @ CHA,116,12,38,25,5
Milwaukee Bucks,2025-02-07T00:00:00,MIL @ ATL,110,19,43,28,3
Utah Jazz,2025-02-07T00:00:00,UTA @ PHX,127,13,63,29,7
Washington Wizards,2025-02-07T00:00:00,WAS vs. CLE,124,16,40,25,2
Toronto Raptors,2025-02-07T00:00:00,TOR @ OKC,109,19,42,31,6
Philadelphia 76ers,2025-02-07T00:00:00,PHI @ DET,112,13,38,26,7
Miami Heat,2025-02-07T00:00:00,MIA @ BKN,86,12,39,23,5
Denver Nuggets,2025-02-06T00:00:00,DEN vs. ORL,112,12,52,33,4
Minnesota Timberwolves,2025-02-06T00:00:00,MIN vs. HOU,127,16,47,23,6
Los Angeles Lakers,2025-02-06T00:00:00,LAL vs. GSW,120,13,47,26,5
Dallas Mavericks,2025-02-06T00:00:00,DAL @ BOS,127,15,35,32,4
Indiana Pacers,2025-02-06T00:00:00,IND @ LAC,119,13,46,31,3
Portland Trail Blazers,2025-02-06T00:00:00,POR vs. SAC,108,16,47,25,7
Sacramento Kings,2025-02-06T00:00:00,SAC @ POR,102,10,47,21,6
Boston Celtics,2025-02-06T00:00:00,BOS vs. DAL,120,16,40,30,6
LA Clippers,2025-02-06T00:00:00,LAC vs. IND,112,17,48,25,4
Golden State Warriors,2025-02-06T00:00:00,GSW @ LAL,112,16,40,29,2
Houston Rockets,2025-02-06T00:00:00,HOU @ MIN,114,12,39,26,7
Orlando Magic,2025-02-06T00:00:00,ORL @ DEN,90,5,40,21,8
Oklahoma City Thunder,2025-02-05T00:00:00,OKC vs. PHX,140,12,46,24,4
Memphis Grizzlies,2025-02-05T00:00:00,MEM @ TOR,138,16,61,22,5
Denver Nuggets,2025-02-05T00:00:00,DEN vs. NOP,144,16,51,40,4
Orlando Magic,2025-02-05T00:00:00,ORL @ SAC,130,16,35,30,3
Minnesota Timberwolves,2025-02-05T00:00:00,MIN vs. CHI,127,20,59,27,8
Washington Wizards,2025-02-05T00:00:00,WAS @ BKN,119,20,40,40,3
Milwaukee Bucks,2025-02-05T00:00:00,MIL @ CHA,112,18,44,26,4
Miami Heat,2025-02-05T00:00:00,MIA @ PHI,108,14,54,25,4
Utah Jazz,2025-02-05T00:00:00,UTA vs. GSW,131,13,48,30,5
Cleveland Cavaliers,2025-02-05T00:00:00,CLE @ DET,118,16,46,28,7
San Antonio Spurs,2025-02-05T00:00:00,SAS @ ATL,126,12,41,36,3
Atlanta Hawks,2025-02-05T00:00:00,ATL vs. SAS,125,16,45,33,5
Golden State Warriors,2025-02-05T00:00:00,GSW @ UTA,128,17,41,33,4
Detroit Pistons,2025-02-05T00:00:00,DET vs. CLE,115,12,45,22,5
Philadelphia 76ers,2025-02-05T00:00:00,PHI vs. MIA,101,12,39,22,4
Charlotte Hornets,2025-02-05T00:00:00,CHA vs. MIL,102,11,41,21,1
Brooklyn Nets,2025-02-05T00:00:00,BKN vs. WAS,102,13,37,26,3
Sacramento Kings,2025-02-05T00:00:00,SAC vs. ORL,111,10,37,23,4
Chicago Bulls,2025-02-05T00:00:00,CHI @ MIN,108,12,34,25,5
New Orleans Pelicans,2025-02-05T00:00:00,NOP @ DEN,119,10,38,26,3
Phoenix Suns,2025-02-05T00:00:00,PHX @ OKC,109,14,35,24,2
Toronto Raptors,2025-02-05T00:00:00,TOR vs. MEM,107,12,34,28,3
Los Angeles Lakers,2025-02-04T00:00:00,LAL @ LAC,122,18,50,33,3
Portland Trail Blazers,2025-02-04T00:00:00,POR vs. IND,112,14,51,23,4
Chicago Bulls,2025-02-04T00:00:00,CHI vs. MIA,133,19,43,35,3
Boston Celtics,2025-02-04T00:00:00,BOS @ CLE,112,17,53,26,6
New York Knicks,2025-02-04T00:00:00,NYK @ TOR,121,8,43,26,4
Philadelphia 76ers,2025-02-04T00:00:00,PHI vs. DAL,118,11,34,37,4
Brooklyn Nets,2025-02-04T00:00:00,BKN vs. HOU,99,10,39,26,9
Dallas Mavericks,2025-02-04T00:00:00,DAL @ PHI,116,11,44,24,4
Houston Rockets,2025-02-04T00:00:00,HOU @ BKN,97,11,45,23,6
Toronto Raptors,2025-02-04T00:00:00,TOR vs. NYK,115,11,34,27,4
Cleveland Cavaliers,2025-02-04T00:00:00,CLE vs. BOS,105,11,51,18,1
Miami Heat,2025-02-04T00:00:00,MIA @ CHI,124,17,44,29,3
Indiana Pacers,2025-02-04T00:00:00,IND @ POR,89,5,39,25,6
LA Clippers,2025-02-04T00:00:00,LAC vs. LAL,97,12,36,30,5
Oklahoma City Thunder,2025-02-03T00:00:00,OKC vs. MIL,125,16,55,28,5
Memphis Grizzlies,2025-02-03T00:00:00,MEM vs. SAS,128,14,47,33,5
Denver Nuggets,2025-02-03T00:00:00,DEN vs. NOP,125,12,46,28,6
Washington Wizards,2025-02-03T00:00:00,WAS @ CHA,124,17,54,29,5
New York Knicks,2025-02-03T00:00:00,NYK vs. HOU,124,6,40,24,5
Golden State Warriors,2025-02-03T00:00:00,GSW vs. ORL,104,12,44,25,0
Atlanta Hawks,2025-02-03T00:00:00,ATL @ DET,132,16,37,27,7
Portland Trail Blazers,2025-02-03T00:00:00,POR vs. PHX,121,16,48,30,2
Sacramento Kings,2025-02-03T00:00:00,SAC @ MIN,116,10,47,23,6
Indiana Pacers,2025-02-03T00:00:00,IND @ UTA,112,10,37,32,10
Utah Jazz,2025-02-03T00:00:00,UTA vs. IND,111,13,60,31,4
Detroit Pistons,2025-02-03T00:00:00,DET vs. ATL,130,9,41,31,2
Phoenix Suns,2025-02-03T00:00:00,PHX @ POR,119,15,43,28,5
Minnesota Timberwolves,2025-02-03T00:00:00,MIN vs. SAC,114,12,36,28,8
Orlando Magic,2025-02-03T00:00:00,ORL @ GSW,99,8,52,23,2
Houston Rockets,2025-02-03T00:00:00,HOU @ NYK,118,8,50,27,6
Charlotte Hornets,2025-02-03T00:00:00,CHA vs. WAS,114,11,46,26,1
New Orleans Pelicans,2025-02-03T00:00:00,NOP @ DEN,113,18,41,27,4
San Antonio Spurs,2025-02-03T00:00:00,SAS @ MEM,109,12,48,31,2
Milwaukee Bucks,2025-02-03T00:00:00,MIL @ OKC,96,13,37,24,3
Cleveland Cavaliers,2025-02-02T00:00:00,CLE vs. DAL,144,26,51,39,8
Memphis Grizzlies,2025-02-02T00:00:00,MEM @ MIL,132,14,61,37,5
Detroit Pistons,2025-02-02T00:00:00,DET vs. CHI,127,10,42,38,5
Boston Celtics,2025-02-02T00:00:00,BOS @ PHI,118,21,38,34,8
Toronto Raptors,2025-02-02T00:00:00,TOR vs. LAC,115,13,43,31,6
LA Clippers,2025-02-02T00:00:00,LAC @ TOR,108,9,41,21,7
Chicago Bulls,2025-02-02T00:00:00,CHI @ DET,119,19,44,28,4
Philadelphia 76ers,2025-02-02T00:00:00,PHI vs. BOS,110,15,46,20,2
Milwaukee Bucks,2025-02-02T00:00:00,MIL vs. MEM,119,20,36,32,5
Dallas Mavericks,2025-02-02T00:00:00,DAL @ CLE,101,9,45,22,3
Oklahoma City Thunder,2025-02-01T00:00:00,OKC vs. SAC,144,19,70,37,6
Portland Trail Blazers,2025-02-01T00:00:00,POR vs. PHX,127,9,43,24,5
Los Angeles Lakers,2025-02-01T00:00:00,LAL @ NYK,128,19,37,26,4
Utah Jazz,2025-02-01T00:00:00,UTA vs. ORL,113,14,51,26,7
Brooklyn Nets,2025-02-01T00:00:00,BKN @ HOU,110,10,46,24,8
Indiana Pacers,2025-02-01T00:00:00,IND vs. ATL,132,12,41,35,5
Denver Nuggets,2025-02-01T00:00:00,DEN @ CHA,107,7,43,29,9
Miami Heat,2025-02-01T00:00:00,MIA @ SAS,105,13,52,30,5
Washington Wizards,2025-02-01T00:00:00,WAS @ MIN,105,15,44,26,6
Minnesota Timberwolves,2025-02-01T00:00:00,MIN vs. WAS,103,12,47,29,3
San Antonio Spurs,2025-02-01T00:00:00,SAS vs. MIA,103,12,48,27,3
Charlotte Hornets,2025-02-01T00:00:00,CHA vs. DEN,104,9,51,31,6
Atlanta Hawks,2025-02-01T00:00:00,ATL @ IND,127,14,44,31,4
Houston Rockets,2025-02-01T00:00:00,HOU vs. BKN,98,12,44,18,6
Orlando Magic,2025-02-01T00:00:00,ORL @ UTA,99,9,43,19,7
New York Knicks,2025-02-01T00:00:00,NYK vs. LAL,112,10,44,33,3
Phoenix Suns,2025-02-01T00:00:00,PHX @ POR,108,10,37,21,2
Sacramento Kings,2025-02-01T00:00:00,SAC @ OKC,110,11,37,25,5
San Antonio Spurs,2025-01-31T00:00:00,SAS vs. MIL,144,24,53,37,11
Phoenix Suns,2025-01-31T00:00:00,PHX @ GSW,130,19,48,41,7
Chicago Bulls,2025-01-31T00:00:00,CHI @ TOR,122,18,52,34,9
Detroit Pistons,2025-01-31T00:00:00,DET vs. DAL,117,9,47,18,6
LA Clippers,2025-01-31T00:00:00,LAC @ CHA,112,11,45,26,4
Denver Nuggets,2025-01-31T00:00:00,DEN @ PHI,137,12,35,39,2
Boston Celtics,2025-01-31T00:00:00,BOS @ NOP,118,16,35,32,7
New Orleans Pelicans,2025-01-31T00:00:00,NOP vs. BOS,116,15,48,16,2
Philadelphia 76ers,2025-01-31T00:00:00,PHI vs. DEN,134,21,27,29,3
Charlotte Hornets,2025-01-31T00:00:00,CHA vs. LAC,104,7,42,18,3
Dallas Mavericks,2025-01-31T00:00:00,DAL @ DET,102,11,46,20,13
Toronto Raptors,2025-01-31T00:00:00,TOR vs. CHI,106,10,44,27,8
Golden State Warriors,2025-01-31T00:00:00,GSW vs. PHX,105,16,49,26,6
Milwaukee Bucks,2025-01-31T00:00:00,MIL @ SAS,118,12,47,24,8
Los Angeles Lakers,2025-01-30T00:00:00,LAL @ WAS,134,15,48,31,6
Portland Trail Blazers,2025-01-30T00:00:00,POR vs. ORL,119,12,38,23,5
Minnesota Timberwolves,2025-01-30T00:00:00,MIN @ UTA,138,21,39,38,9
Cleveland Cavaliers,2025-01-30T00:00:00,CLE vs. ATL,137,13,49,34,3
Memphis Grizzlies,2025-01-30T00:00:00,MEM vs. HOU,120,9,37,23,6
Houston Rockets,2025-01-30T00:00:00,HOU @ MEM,119,13,45,22,5
Atlanta Hawks,2025-01-30T00:00:00,ATL @ CLE,115,13,36,28,1
Utah Jazz,2025-01-30T00:00:00,UTA vs. MIN,113,14,23,21,4
Orlando Magic,2025-01-30T00:00:00,ORL @ POR,90,5,33,14,6
Washington Wizards,2025-01-30T00:00:00,WAS vs. LAL,96,10,38,18,6
Toronto Raptors,2025-01-29T00:00:00,TOR @ WAS,106,11,36,31,3
Boston Celtics,2025-01-29T00:00:00,BOS vs. CHI,122,18,45,32,3
Brooklyn Nets,2025-01-29T00:00:00,BKN @ CHA,104,10,40,27,8
Cleveland Cavaliers,2025-01-29T00:00:00,CLE @ MIA,126,13,47,29,2
Indiana Pacers,2025-01-29T00:00:00,IND vs. DET,133,19,36,28,5
Philadelphia 76ers,2025-01-29T00:00:00,PHI vs. SAC,117,12,35,30,1
LA Clippers,2025-01-29T00:00:00,LAC @ SAS,128,12,57,26,3
New York Knicks,2025-01-29T00:00:00,NYK vs. DEN,122,14,35,33,2
Minnesota Timberwolves,2025-01-29T00:00:00,MIN @ PHX,121,13,34,26,6
Golden State Warriors,2025-01-29T00:00:00,GSW vs. OKC,116,13,42,30,7
Dallas Mavericks,2025-01-29T00:00:00,DAL @ NOP,137,20,51,30,6
New Orleans Pelicans,2025-01-29T00:00:00,NOP vs. DAL,136,15,36,31,6
Oklahoma City Thunder,2025-01-29T00:00:00,OKC @ GSW,109,9,50,21,3
Phoenix Suns,2025-01-29T00:00:00,PHX vs. MIN,113,12,36,30,6
Denver Nuggets,2025-01-29T00:00:00,DEN @ NYK,112,10,47,21,5
San Antonio Spurs,2025-01-29T00:00:00,SAS vs. LAC,116,14,30,27,5
Sacramento Kings,2025-01-29T00:00:00,SAC @ PHI,104,10,46,34,1
Detroit Pistons,2025-01-29T00:00:00,DET @ IND,119,12,41,26,3
Miami Heat,2025-01-29T00:00:00,MIA vs. CLE,106,15,35,27,4
Charlotte Hornets,2025-01-29T00:00:00,CHA vs. BKN,83,10,52,18,7
Chicago Bulls,2025-01-29T00:00:00,CHI @ BOS,100,15,47,28,7
Washington Wizards,2025-01-29T00:00:00,WAS vs. TOR,82,5,43,17,5
Philadelphia 76ers,2025-01-28T00:00:00,PHI vs. LAL,118,11,43,20,4
Portland Trail Blazers,2025-01-28T00:00:00,POR vs. MIL,125,12,52,26,2
Golden State Warriors,2025-01-28T00:00:00,GSW vs. UTA,114,17,47,29,4
Houston Rockets,2025-01-28T00:00:00,HOU @ ATL,100,7,44,19,4
Atlanta Hawks,2025-01-28T00:00:00,ATL vs. HOU,96,11,40,19,5
Utah Jazz,2025-01-28T00:00:00,UTA @ GSW,103,8,39,30,6
Milwaukee Bucks,2025-01-28T00:00:00,MIL @ POR,112,11,36,26,2
Los Angeles Lakers,2025-01-28T00:00:00,LAL @ PHI,104,10,39,25,3
New York Knicks,2025-01-27T00:00:00,NYK vs. MEM,143,17,46,32,7
Dallas Mavericks,2025-01-27T00:00:00,DAL vs. WAS,130,20,51,39,7
Cleveland Cavaliers,2025-01-27T00:00:00,CLE vs. DET,110,12,53,28,4
Milwaukee Bucks,2025-01-27T00:00:00,MIL @ UTA,125,12,46,33,5
Sacramento Kings,2025-01-27T00:00:00,SAC @ BKN,110,9,44,31,4
Toronto Raptors,2025-01-27T00:00:00,TOR vs. NOP,113,9,54,31,5
Chicago Bulls,2025-01-27T00:00:00,CHI vs. DEN,129,24,47,35,5
Minnesota Timberwolves,2025-01-27T00:00:00,MIN vs. ATL,100,12,51,18,4
Miami Heat,2025-01-27T00:00:00,MIA vs. ORL,125,15,43,34,2
Los Angeles Lakers,2025-01-27T00:00:00,LAL @ CHA,112,6,48,22,5
Houston Rockets,2025-01-27T00:00:00,HOU @ BOS,114,17,39,29,1
Phoenix Suns,2025-01-27T00:00:00,PHX vs. LAC,111,22,39,23,5
Boston Celtics,2025-01-27T00:00:00,BOS vs. HOU,112,15,41,21,4
LA Clippers,2025-01-27T00:00:00,LAC @ PHX,109,10,42,22,5
Charlotte Hornets,2025-01-27T00:00:00,CHA vs. LAL,107,14,34,26,3
Orlando Magic,2025-01-27T00:00:00,ORL @ MIA,119,14,47,32,4
Denver Nuggets,2025-01-27T00:00:00,DEN @ CHI,121,6,42,36,5
Atlanta Hawks,2025-01-27T00:00:00,ATL @ MIN,92,12,51,24,3
New Orleans Pelicans,2025-01-27T00:00:00,NOP @ TOR,104,6,46,21,11
Brooklyn Nets,2025-01-27T00:00:00,BKN vs. SAC,96,10,39,19,3
Utah Jazz,2025-01-27T00:00:00,UTA vs. MIL,110,18,46,28,1
Detroit Pistons,2025-01-27T00:00:00,DET @ CLE,91,10,45,24,4
Washington Wizards,2025-01-27T00:00:00,WAS @ DAL,108,11,45,23,3
Memphis Grizzlies,2025-01-27T00:00:00,MEM @ NYK,106,9,47,21,9
Oklahoma City Thunder,2025-01-26T00:00:00,OKC @ POR,118,10,43,24,3
Portland Trail Blazers,2025-01-26T00:00:00,POR vs. OKC,108,18,44,21,6
Indiana Pacers,2025-01-25T00:00:00,IND @ SAS,136,17,50,32,9
Charlotte Hornets,2025-01-25T00:00:00,CHA vs. NOP,123,21,48,28,5
Minnesota Timberwolves,2025-01-25T00:00:00,MIN vs. DEN,133,14,45,38,4
New York Knicks,2025-01-25T00:00:00,NYK vs. SAC,143,17,53,40,4
Toronto Raptors,2025-01-25T00:00:00,TOR @ ATL,117,11,51,31,7
Memphis Grizzlies,2025-01-25T00:00:00,MEM vs. UTA,125,14,45,28,9
Boston Celtics,2025-01-25T00:00:00,BOS @ DAL,122,20,51,33,5
Philadelphia 76ers,2025-01-25T00:00:00,PHI @ CHI,109,13,40,23,4
LA Clippers,2025-01-25T00:00:00,LAC vs. MIL,127,11,47,19,3
Phoenix Suns,2025-01-25T00:00:00,PHX vs. WAS,119,13,53,23,4
Los Angeles Lakers,2025-01-25T00:00:00,LAL @ GSW,118,10,42,29,2
Miami Heat,2025-01-25T00:00:00,MIA @ BKN,106,13,51,22,6
Orlando Magic,2025-01-25T00:00:00,ORL vs. DET,121,15,40,22,4
Houston Rockets,2025-01-25T00:00:00,HOU @ CLE,135,13,45,26,4
Cleveland Cavaliers,2025-01-25T00:00:00,CLE vs. HOU,131,17,40,28,5
Detroit Pistons,2025-01-25T00:00:00,DET @ ORL,113,10,41,22,5
Brooklyn Nets,2025-01-25T00:00:00,BKN vs. MIA,97,14,35,23,5
Milwaukee Bucks,2025-01-25T00:00:00,MIL @ LAC,117,13,42,24,5
Washington Wizards,2025-01-25T00:00:00,WAS @ PHX,109,18,37,28,5
Golden State Warriors,2025-01-25T00:00:00,GSW vs. LAL,108,16,38,30,0
Chicago Bulls,2025-01-25T00:00:00,CHI vs. PHI,97,12,54,24,3
Dallas Mavericks,2025-01-25T00:00:00,DAL vs. BOS,107,8,49,18,8
Utah Jazz,2025-01-25T00:00:00,UTA @ MEM,103,12,40,27,5
Sacramento Kings,2025-01-25T00:00:00,SAC @ NYK,120,14,38,33,5
Atlanta Hawks,2025-01-25T00:00:00,ATL vs. TOR,94,11,43,28,5
Denver Nuggets,2025-01-25T00:00:00,DEN @ MIN,104,11,36,32,3
New Orleans Pelicans,2025-01-25T00:00:00,NOP @ CHA,92,8,39,21,5
San Antonio Spurs,2025-01-25T00:00:00,SAS @ IND,98,11,44,22,5
Memphis Grizzlies,2025-01-24T00:00:00,MEM vs. NOP,139,19,43,38,4
Portland Trail Blazers,2025-01-24T00:00:00,POR @ CHA,102,11,47,17,6
Philadelphia 76ers,2025-01-24T00:00:00,PHI vs. CLE,132,21,43,23,6
Cleveland Cavaliers,2025-01-24T00:00:00,CLE @ PHI,129,25,37,30,5
Charlotte Hornets,2025-01-24T00:00:00,CHA vs. POR,97,9,46,20,6
New Orleans Pelicans,2025-01-24T00:00:00,NOP @ MEM,126,14,35,30,3
San Antonio Spurs,2025-01-23T00:00:00,SAS @ IND,140,18,57,43,10
Milwaukee Bucks,2025-01-23T00:00:00,MIL vs. MIA,125,18,55,32,6
Golden State Warriors,2025-01-23T00:00:00,GSW vs. CHI,131,25,52,37,6
Portland Trail Blazers,2025-01-23T00:00:00,POR @ ORL,101,9,42,23,12
Los Angeles Lakers,2025-01-23T00:00:00,LAL vs. BOS,117,15,53,27,3
LA Clippers,2025-01-23T00:00:00,LAC vs. WAS,110,13,55,29,7
Denver Nuggets,2025-01-23T00:00:00,DEN vs. SAC,132,13,56,30,8
Dallas Mavericks,2025-01-23T00:00:00,DAL @ OKC,121,14,43,25,3
Toronto Raptors,2025-01-23T00:00:00,TOR @ ATL,122,9,39,32,2
Atlanta Hawks,2025-01-23T00:00:00,ATL vs. TOR,119,13,36,30,2
Oklahoma City Thunder,2025-01-23T00:00:00,OKC vs. DAL,115,15,33,26,4
Sacramento Kings,2025-01-23T00:00:00,SAC @ DEN,123,15,53,31,3
Washington Wizards,2025-01-23T00:00:00,WAS @ LAC,93,11,49,24,1
Boston Celtics,2025-01-23T00:00:00,BOS @ LAL,96,14,42,23,6
Orlando Magic,2025-01-23T00:00:00,ORL vs. POR,79,6,44,17,6
Chicago Bulls,2025-01-23T00:00:00,CHI @ GSW,106,16,42,22,2
Miami Heat,2025-01-23T00:00:00,MIA @ MIL,96,12,50,26,3
Indiana Pacers,2025-01-23T00:00:00,IND @ SAS,110,13,31,31,2
Phoenix Suns,2025-01-22T00:00:00,PHX @ BKN,108,14,48,28,1
Memphis Grizzlies,2025-01-22T00:00:00,MEM vs. CHA,132,21,40,36,6
Detroit Pistons,2025-01-22T00:00:00,DET @ ATL,114,12,51,27,10
Oklahoma City Thunder,2025-01-22T00:00:00,OKC vs. UTA,123,12,39,20,4
Sacramento Kings,2025-01-22T00:00:00,SAC vs. GSW,123,11,38,24,7
Boston Celtics,2025-01-22T00:00:00,BOS @ LAC,117,19,32,24,4
Minnesota Timberwolves,2025-01-22T00:00:00,MIN @ DAL,115,11,39,26,8
Houston Rockets,2025-01-22T00:00:00,HOU vs. CLE,109,15,53,25,5
Dallas Mavericks,2025-01-22T00:00:00,DAL vs. MIN,114,8,38,24,4
Cleveland Cavaliers,2025-01-22T00:00:00,CLE @ HOU,108,13,45,25,5
LA Clippers,2025-01-22T00:00:00,LAC vs. BOS,113,9,40,24,6
Golden State Warriors,2025-01-22T00:00:00,GSW @ SAC,117,22,44,31,2
Utah Jazz,2025-01-22T00:00:00,UTA @ OKC,114,14,52,25,6
Atlanta Hawks,2025-01-22T00:00:00,ATL vs. DET,104,6,47,25,3
Charlotte Hornets,2025-01-22T00:00:00,CHA @ MEM,120,11,33,27,4
Brooklyn Nets,2025-01-22T00:00:00,BKN vs. PHX,84,7,52,16,1
Denver Nuggets,2025-01-21T00:00:00,DEN vs. PHI,144,16,51,39,4
Los Angeles Lakers,2025-01-21T00:00:00,LAL vs. WAS,111,11,50,30,10
Toronto Raptors,2025-01-21T00:00:00,TOR vs. ORL,109,13,42,29,6
Portland Trail Blazers,2025-01-21T00:00:00,POR @ MIA,116,15,47,25,5
New York Knicks,2025-01-21T00:00:00,NYK @ BKN,99,8,42,29,3
Brooklyn Nets,2025-01-21T00:00:00,BKN vs. NYK,95,12,47,21,9
Miami Heat,2025-01-21T00:00:00,MIA vs. POR,107,14,45,26,3
Orlando Magic,2025-01-21T00:00:00,ORL @ TOR,93,9,48,16,2
Washington Wizards,2025-01-21T00:00:00,WAS @ LAL,88,11,46,25,8
Philadelphia 76ers,2025-01-21T00:00:00,PHI @ DEN,109,15,25,34,4
Boston Celtics,2025-01-20T00:00:00,BOS @ GSW,125,20,50,33,9
Cleveland Cavaliers,2025-01-20T00:00:00,CLE vs. PHX,118,19,50,27,1
Chicago Bulls,2025-01-20T00:00:00,CHI @ LAC,112,15,54,25,6
Detroit Pistons,2025-01-20T00:00:00,DET @ HOU,107,10,52,21,5
New York Knicks,2025-01-20T00:00:00,NYK vs. ATL,119,9,39,31,1
Charlotte Hornets,2025-01-20T00:00:00,CHA vs. DAL,110,17,49,28,7
New Orleans Pelicans,2025-01-20T00:00:00,NOP vs. UTA,123,15,45,28,8
Memphis Grizzlies,2025-01-20T00:00:00,MEM vs. MIN,108,7,47,19,4
Minnesota Timberwolves,2025-01-20T00:00:00,MIN @ MEM,106,14,52,25,6
Utah Jazz,2025-01-20T00:00:00,UTA @ NOP,119,11,63,25,4
Dallas Mavericks,2025-01-20T00:00:00,DAL @ CHA,105,6,51,19,8
Atlanta Hawks,2025-01-20T00:00:00,ATL @ NYK,110,13,41,23,6
Houston Rockets,2025-01-20T00:00:00,HOU vs. DET,96,11,39,19,1
LA Clippers,2025-01-20T00:00:00,LAC vs. CHI,99,9,40,24,7
Phoenix Suns,2025-01-20T00:00:00,PHX @ CLE,92,10,34,22,5
Golden State Warriors,2025-01-20T00:00:00,GSW vs. BOS,85,14,38,28,3
Oklahoma City Thunder,2025-01-19T00:00:00,OKC vs. BKN,127,19,43,37,5
Sacramento Kings,2025-01-19T00:00:00,SAC vs. WAS,123,12,51,28,4
Miami Heat,2025-01-19T00:00:00,MIA vs. SAS,128,18,49,35,6
Milwaukee Bucks,2025-01-19T00:00:00,MIL vs. PHI,123,14,48,31,3
LA Clippers,2025-01-19T00:00:00,LAC vs. LAL,116,11,38,27,4
Denver Nuggets,2025-01-19T00:00:00,DEN @ ORL,113,7,57,24,8
Portland Trail Blazers,2025-01-19T00:00:00,POR vs. CHI,113,9,50,21,6
Chicago Bulls,2025-01-19T00:00:00,CHI @ POR,102,8,36,21,7
Orlando Magic,2025-01-19T00:00:00,ORL vs. DEN,100,12,39,30,6
Philadelphia 76ers,2025-01-19T00:00:00,PHI @ MIL,109,16,38,26,4
Los Angeles Lakers,2025-01-19T00:00:00,LAL @ LAC,102,9,33,26,6
San Antonio Spurs,2025-01-19T00:00:00,SAS @ MIA,107,15,44,28,5
Washington Wizards,2025-01-19T00:00:00,WAS @ SAC,100,10,46,19,1
Brooklyn Nets,2025-01-19T00:00:00,BKN @ OKC,101,12,41,25,3
Houston Rockets,2025-01-18T00:00:00,HOU @ POR,125,14,61,25,4
Indiana Pacers,2025-01-18T00:00:00,IND vs. PHI,115,11,50,30,4
Golden State Warriors,2025-01-18T00:00:00,GSW vs. WAS,122,14,55,24,7
Cleveland Cavaliers,2025-01-18T00:00:00,CLE @ MIN,124,17,47,27,1
Phoenix Suns,2025-01-18T00:00:00,PHX @ DET,125,7,50,25,3
Atlanta Hawks,2025-01-18T00:00:00,ATL @ BOS,119,9,55,27,10
Detroit Pistons,2025-01-18T00:00:00,DET vs. PHX,121,9,43,22,3
Boston Celtics,2025-01-18T00:00:00,BOS vs. ATL,115,15,53,23,6
Minnesota Timberwolves,2025-01-18T00:00:00,MIN vs. CLE,117,15,42,27,4
Washington Wizards,2025-01-18T00:00:00,WAS @ GSW,114,22,44,24,2
Philadelphia 76ers,2025-01-18T00:00:00,PHI @ IND,102,10,32,21,1
Portland Trail Blazers,2025-01-18T00:00:00,POR vs. HOU,103,12,40,28,10
Memphis Grizzlies,2025-01-17T00:00:00,MEM @ SAS,140,19,41,39,0
Boston Celtics,2025-01-17T00:00:00,BOS vs. ORL,121,17,41,25,3
Denver Nuggets,2025-01-17T00:00:00,DEN @ MIA,133,16,41,35,1
Milwaukee Bucks,2025-01-17T00:00:00,MIL vs. TOR,130,13,44,25,5
Minnesota Timberwolves,2025-01-17T00:00:00,MIN @ NYK,116,22,46,23,2
New Orleans Pelicans,2025-01-17T00:00:00,NOP vs. UTA,136,22,56,34,8
Dallas Mavericks,2025-01-17T00:00:00,DAL vs. OKC,106,16,43,25,7
Charlotte Hornets,2025-01-17T00:00:00,CHA @ CHI,125,13,44,26,2
Los Angeles Lakers,2025-01-17T00:00:00,LAL vs. BKN,102,12,34,24,7
Brooklyn Nets,2025-01-17T00:00:00,BKN @ LAL,101,17,45,28,6
Chicago Bulls,2025-01-17T00:00:00,CHI vs. CHA,123,14,45,34,3
Oklahoma City Thunder,2025-01-17T00:00:00,OKC @ DAL,98,20,46,24,2
Utah Jazz,2025-01-17T00:00:00,UTA @ NOP,123,13,40,30,8
New York Knicks,2025-01-17T00:00:00,NYK vs. MIN,99,14,41,19,4
Toronto Raptors,2025-01-17T00:00:00,TOR @ MIL,112,8,43,31,4
Miami Heat,2025-01-17T00:00:00,MIA vs. DEN,113,9,41,30,0
Orlando Magic,2025-01-17T00:00:00,ORL @ BOS,94,5,37,15,3
San Antonio Spurs,2025-01-17T00:00:00,SAS vs. MEM,112,13,40,29,8
LA Clippers,2025-01-16T00:00:00,LAC @ POR,118,10,50,23,4
Oklahoma City Thunder,2025-01-16T00:00:00,OKC vs. CLE,134,18,39,25,5
Indiana Pacers,2025-01-16T00:00:00,IND @ DET,111,13,40,28,8
Phoenix Suns,2025-01-16T00:00:00,PHX @ WAS,130,16,47,33,4
Sacramento Kings,2025-01-16T00:00:00,SAC vs. HOU,132,14,44,32,3
Houston Rockets,2025-01-16T00:00:00,HOU @ SAC,127,12,46,24,6
Washington Wizards,2025-01-16T00:00:00,WAS vs. PHX,123,13,45,28,4
Detroit Pistons,2025-01-16T00:00:00,DET vs. IND,100,9,55,22,7
Cleveland Cavaliers,2025-01-16T00:00:00,CLE @ OKC,114,13,49,32,5
Portland Trail Blazers,2025-01-16T00:00:00,POR vs. LAC,89,9,37,24,1
LA Clippers,2025-01-15T00:00:00,LAC vs. BKN,126,12,46,26,3
Milwaukee Bucks,2025-01-15T00:00:00,MIL vs. ORL,122,7,49,24,10
Houston Rockets,2025-01-15T00:00:00,HOU @ DEN,128,17,40,28,6
Atlanta Hawks,2025-01-15T00:00:00,ATL @ CHI,110,13,51,28,5
Memphis Grizzlies,2025-01-15T00:00:00,MEM @ SAS,129,16,52,28,5
Toronto Raptors,2025-01-15T00:00:00,TOR vs. BOS,110,11,56,35,4
Los Angeles Lakers,2025-01-15T00:00:00,LAL vs. MIA,117,13,34,33,4
New York Knicks,2025-01-15T00:00:00,NYK @ PHI,125,16,45,28,3
Charlotte Hornets,2025-01-15T00:00:00,CHA @ UTA,117,12,45,27,6
New Orleans Pelicans,2025-01-15T00:00:00,NOP vs. DAL,119,13,49,24,8
Golden State Warriors,2025-01-15T00:00:00,GSW @ MIN,116,18,45,26,5
Minnesota Timberwolves,2025-01-15T00:00:00,MIN vs. GSW,115,17,41,21,7
Dallas Mavericks,2025-01-15T00:00:00,DAL @ NOP,116,12,45,27,3
Utah Jazz,2025-01-15T00:00:00,UTA vs. CHA,112,16,36,30,4
Philadelphia 76ers,2025-01-15T00:00:00,PHI vs. NYK,119,13,35,27,2
Miami Heat,2025-01-15T00:00:00,MIA @ LAL,108,16,37,25,6
Boston Celtics,2025-01-15T00:00:00,BOS @ TOR,97,16,45,24,8
San Antonio Spurs,2025-01-15T00:00:00,SAS vs. MEM,115,16,44,22,11
Chicago Bulls,2025-01-15T00:00:00,CHI vs. ATL,94,6,53,23,5
Denver Nuggets,2025-01-15T00:00:00,DEN vs. HOU,108,14,36,22,7
Orlando Magic,2025-01-15T00:00:00,ORL @ MIL,93,12,32,24,1
Brooklyn Nets,2025-01-15T00:00:00,BKN @ LAC,67,5,39,15,2
Denver Nuggets,2025-01-14T00:00:00,DEN @ DAL,118,13,51,28,7
Brooklyn Nets,2025-01-14T00:00:00,BKN @ POR,132,19,44,36,2
Oklahoma City Thunder,2025-01-14T00:00:00,OKC @ PHI,118,12,38,32,4
Milwaukee Bucks,2025-01-14T00:00:00,MIL vs. SAC,130,17,52,32,4
Cleveland Cavaliers,2025-01-14T00:00:00,CLE @ IND,127,15,49,25,6
New Orleans Pelicans,2025-01-14T00:00:00,NOP @ CHI,119,14,46,32,5
Atlanta Hawks,2025-01-14T00:00:00,ATL vs. PHX,122,17,54,22,3
Phoenix Suns,2025-01-14T00:00:00,PHX @ ATL,117,13,37,28,4
Chicago Bulls,2025-01-14T00:00:00,CHI vs. NOP,113,14,57,31,6
Indiana Pacers,2025-01-14T00:00:00,IND vs. CLE,117,12,37,30,3
Sacramento Kings,2025-01-14T00:00:00,SAC @ MIL,115,17,45,25,5
Philadelphia 76ers,2025-01-14T00:00:00,PHI vs. OKC,102,13,35,23,1
Portland Trail Blazers,2025-01-14T00:00:00,POR vs. BKN,114,17,38,20,3
Dallas Mavericks,2025-01-14T00:00:00,DAL vs. DEN,99,9,30,27,6
San Antonio Spurs,2025-01-13T00:00:00,SAS @ LAL,126,13,41,30,5
Minnesota Timberwolves,2025-01-13T00:00:00,MIN @ WAS,120,14,53,20,6
LA Clippers,2025-01-13T00:00:00,LAC vs. MIA,109,13,48,28,6
Detroit Pistons,2025-01-13T00:00:00,DET @ NYK,124,15,39,20,2
Toronto Raptors,2025-01-13T00:00:00,TOR vs. GSW,104,12,44,28,9
Houston Rockets,2025-01-13T00:00:00,HOU vs. MEM,120,16,40,28,8
Memphis Grizzlies,2025-01-13T00:00:00,MEM @ HOU,118,14,31,15,2
Golden State Warriors,2025-01-13T00:00:00,GSW @ TOR,101,16,46,23,4
New York Knicks,2025-01-13T00:00:00,NYK vs. DET,119,15,42,26,2
Miami Heat,2025-01-13T00:00:00,MIA @ LAC,98,17,49,22,3
Washington Wizards,2025-01-13T00:00:00,WAS vs. MIN,106,17,34,27,3
Los Angeles Lakers,2025-01-13T00:00:00,LAL vs. SAS,102,14,40,24,4
Oklahoma City Thunder,2025-01-12T00:00:00,OKC @ WAS,136,13,56,26,4
New York Knicks,2025-01-12T00:00:00,NYK vs. MIL,140,18,49,29,4
Indiana Pacers,2025-01-12T00:00:00,IND @ CLE,108,11,50,30,7
Denver Nuggets,2025-01-12T00:00:00,DEN @ DAL,112,7,55,23,5
Phoenix Suns,2025-01-12T00:00:00,PHX vs. CHA,120,17,39,31,6
Sacramento Kings,2025-01-12T00:00:00,SAC @ CHI,124,13,53,33,3
Orlando Magic,2025-01-12T00:00:00,ORL vs. PHI,104,7,41,23,9
Boston Celtics,2025-01-12T00:00:00,BOS vs. NOP,120,13,55,23,7
Utah Jazz,2025-01-12T00:00:00,UTA vs. BKN,112,17,41,25,6
New Orleans Pelicans,2025-01-12T00:00:00,NOP @ BOS,119,17,42,24,3
Brooklyn Nets,2025-01-12T00:00:00,BKN @ UTA,111,10,54,26,5
Chicago Bulls,2025-01-12T00:00:00,CHI vs. SAC,119,18,45,26,4
Philadelphia 76ers,2025-01-12T00:00:00,PHI @ ORL,99,12,29,17,4
Charlotte Hornets,2025-01-12T00:00:00,CHA @ PHX,113,15,52,30,2
Dallas Mavericks,2025-01-12T00:00:00,DAL vs. DEN,101,12,37,27,5
Cleveland Cavaliers,2025-01-12T00:00:00,CLE vs. IND,93,11,44,24,5
Milwaukee Bucks,2025-01-12T00:00:00,MIL @ NYK,106,10,39,22,3
Washington Wizards,2025-01-12T00:00:00,WAS vs. OKC,95,9,39,20,6
Miami Heat,2025-01-11T00:00:00,MIA @ POR,119,19,43,31,5
Detroit Pistons,2025-01-11T00:00:00,DET vs. TOR,123,19,46,35,5
Phoenix Suns,2025-01-11T00:00:00,PHX vs. UTA,114,13,38,26,4
Memphis Grizzlies,2025-01-11T00:00:00,MEM @ MIN,127,16,46,25,3
Minnesota Timberwolves,2025-01-11T00:00:00,MIN vs. MEM,125,17,41,37,5
Utah Jazz,2025-01-11T00:00:00,UTA @ PHX,106,9,50,26,2
Toronto Raptors,2025-01-11T00:00:00,TOR @ DET,114,16,45,27,3
Portland Trail Blazers,2025-01-11T00:00:00,POR vs. MIA,98,13,51,24,6
Chicago Bulls,2025-01-10T00:00:00,CHI vs. WAS,138,23,55,39,7
Oklahoma City Thunder,2025-01-10T00:00:00,OKC @ NYK,126,14,46,20,9
Denver Nuggets,2025-01-10T00:00:00,DEN vs. BKN,124,9,49,34,5
Sacramento Kings,2025-01-10T00:00:00,SAC @ BOS,114,18,56,26,8
Indiana Pacers,2025-01-10T00:00:00,IND vs. GSW,108,9,48,27,8
New Orleans Pelicans,2025-01-10T00:00:00,NOP @ PHI,123,18,44,31,8
Milwaukee Bucks,2025-01-10T00:00:00,MIL @ ORL,109,9,43,18,5
Orlando Magic,2025-01-10T00:00:00,ORL vs. MIL,106,14,44,20,5
Philadelphia 76ers,2025-01-10T00:00:00,PHI vs. NOP,115,14,42,23,3
Golden State Warriors,2025-01-10T00:00:00,GSW @ IND,96,10,42,25,2
Boston Celtics,2025-01-10T00:00:00,BOS vs. SAC,97,11,43,22,7
Brooklyn Nets,2025-01-10T00:00:00,BKN @ DEN,105,14,39,26,5
New York Knicks,2025-01-10T00:00:00,NYK vs. OKC,101,4,43,18,3
Washington Wizards,2025-01-10T00:00:00,WAS @ CHI,105,18,45,26,4
Minnesota Timberwolves,2025-01-09T00:00:00,MIN @ ORL,104,12,50,21,4
Phoenix Suns,2025-01-09T00:00:00,PHX vs. ATL,123,13,42,33,6
Cleveland Cavaliers,2025-01-09T00:00:00,CLE vs. TOR,132,18,42,31,3
Dallas Mavericks,2025-01-09T00:00:00,DAL vs. POR,117,10,53,26,7
Miami Heat,2025-01-09T00:00:00,MIA @ UTA,97,14,49,26,7
Houston Rockets,2025-01-09T00:00:00,HOU @ MEM,119,13,44,21,3
Golden State Warriors,2025-01-09T00:00:00,GSW @ DET,107,15,49,32,7
Detroit Pistons,2025-01-09T00:00:00,DET vs. GSW,104,14,40,25,7
Memphis Grizzlies,2025-01-09T00:00:00,MEM vs. HOU,115,10,43,20,8
Utah Jazz,2025-01-09T00:00:00,UTA vs. MIA,92,11,49,20,7
Toronto Raptors,2025-01-09T00:00:00,TOR @ CLE,126,14,37,34,2
Portland Trail Blazers,2025-01-09T00:00:00,POR @ DAL,111,16,43,24,7
Atlanta Hawks,2025-01-09T00:00:00,ATL @ PHX,115,15,32,32,3
Orlando Magic,2025-01-09T00:00:00,ORL vs. MIN,89,10,47,21,10
Denver Nuggets,2025-01-08T00:00:00,DEN vs. LAC,126,17,45,29,3
Portland Trail Blazers,2025-01-08T00:00:00,POR @ NOP,119,13,44,24,7
Indiana Pacers,2025-01-08T00:00:00,IND vs. CHI,129,10,46,37,1
Milwaukee Bucks,2025-01-08T00:00:00,MIL vs. SAS,121,19,57,26,4
Detroit Pistons,2025-01-08T00:00:00,DET @ BKN,113,15,42,30,9
New York Knicks,2025-01-08T00:00:00,NYK vs. TOR,112,12,43,24,4
Cleveland Cavaliers,2025-01-08T00:00:00,CLE vs. OKC,129,15,40,36,2
Philadelphia 76ers,2025-01-08T00:00:00,PHI vs. WAS,109,15,36,21,11
Washington Wizards,2025-01-08T00:00:00,WAS @ PHI,103,13,51,26,6
Oklahoma City Thunder,2025-01-08T00:00:00,OKC @ CLE,122,11,38,35,5
Toronto Raptors,2025-01-08T00:00:00,TOR @ NYK,98,10,33,25,6
Brooklyn Nets,2025-01-08T00:00:00,BKN vs. DET,98,13,38,24,4
Chicago Bulls,2025-01-08T00:00:00,CHI @ IND,113,12,39,23,6
San Antonio Spurs,2025-01-08T00:00:00,SAS @ MIL,105,18,46,24,5
New Orleans Pelicans,2025-01-08T00:00:00,NOP vs. POR,100,12,41,19,3
LA Clippers,2025-01-08T00:00:00,LAC @ DEN,103,11,40,14,6
Houston Rockets,2025-01-07T00:00:00,HOU @ WAS,135,15,49,31,2
Dallas Mavericks,2025-01-07T00:00:00,DAL vs. LAL,118,18,44,29,0
Miami Heat,2025-01-07T00:00:00,MIA @ GSW,114,16,48,32,3
Boston Celtics,2025-01-07T00:00:00,BOS @ DEN,118,12,41,30,7
Charlotte Hornets,2025-01-07T00:00:00,CHA vs. PHX,115,13,59,23,5
Minnesota Timberwolves,2025-01-07T00:00:00,MIN @ NOP,104,15,53,26,8
Atlanta Hawks,2025-01-07T00:00:00,ATL @ UTA,124,18,44,35,11
Utah Jazz,2025-01-07T00:00:00,UTA vs. ATL,121,19,47,25,4
New Orleans Pelicans,2025-01-07T00:00:00,NOP vs. MIN,97,12,46,23,5
Phoenix Suns,2025-01-07T00:00:00,PHX @ CHA,104,8,42,27,4
Denver Nuggets,2025-01-07T00:00:00,DEN vs. BOS,106,14,39,22,6
Golden State Warriors,2025-01-07T00:00:00,GSW vs. MIA,98,14,52,28,6
Los Angeles Lakers,2025-01-07T00:00:00,LAL @ DAL,97,11,33,20,6
Washington Wizards,2025-01-07T00:00:00,WAS vs. HOU,112,15,43,21,4
Milwaukee Bucks,2025-01-06T00:00:00,MIL @ TOR,128,22,46,37,8
Memphis Grizzlies,2025-01-06T00:00:00,MEM vs. DAL,119,12,55,24,5
Indiana Pacers,2025-01-06T00:00:00,IND @ BKN,113,12,35,22,5
Phoenix Suns,2025-01-06T00:00:00,PHX @ PHI,109,14,44,32,4
Orlando Magic,2025-01-06T00:00:00,ORL @ NYK,103,11,39,23,5
Sacramento Kings,2025-01-06T00:00:00,SAC vs. MIA,123,13,60,30,8
Chicago Bulls,2025-01-06T00:00:00,CHI vs. SAS,114,13,47,25,4
Detroit Pistons,2025-01-06T00:00:00,DET vs. POR,118,15,45,23,4
Minnesota Timberwolves,2025-01-06T00:00:00,MIN vs. LAC,108,16,55,24,5
LA Clippers,2025-01-06T00:00:00,LAC @ MIN,106,12,49,23,10
Portland Trail Blazers,2025-01-06T00:00:00,POR @ DET,115,16,38,32,4
San Antonio Spurs,2025-01-06T00:00:00,SAS @ CHI,110,15,49,31,12
Miami Heat,2025-01-06T00:00:00,MIA @ SAC,118,11,53,25,6
New York Knicks,2025-01-06T00:00:00,NYK vs. ORL,94,4,38,16,3
Philadelphia 76ers,2025-01-06T00:00:00,PHI vs. PHX,99,15,46,20,4
Brooklyn Nets,2025-01-06T00:00:00,BKN vs. IND,99,10,51,23,3
Dallas Mavericks,2025-01-06T00:00:00,DAL @ MEM,104,13,50,25,8
Toronto Raptors,2025-01-06T00:00:00,TOR vs. MIL,104,9,35,27,4
Sacramento Kings,2025-01-05T00:00:00,SAC @ GSW,129,19,43,31,3
Utah Jazz,2025-01-05T00:00:00,UTA @ ORL,105,11,50,21,5
Oklahoma City Thunder,2025-01-05T00:00:00,OKC vs. BOS,105,16,46,22,6
New Orleans Pelicans,2025-01-05T00:00:00,NOP @ WAS,110,18,49,26,8
Cleveland Cavaliers,2025-01-05T00:00:00,CLE vs. CHA,115,15,41,29,5
Houston Rockets,2025-01-05T00:00:00,HOU vs. LAL,119,14,49,19,4
Los Angeles Lakers,2025-01-05T00:00:00,LAL @ HOU,115,16,39,26,5
Charlotte Hornets,2025-01-05T00:00:00,CHA @ CLE,105,15,48,19,4
Washington Wizards,2025-01-05T00:00:00,WAS vs. NOP,98,11,46,25,4
Orlando Magic,2025-01-05T00:00:00,ORL vs. UTA,92,14,43,25,4
Boston Celtics,2025-01-05T00:00:00,BOS @ OKC,92,9,48,17,5
Golden State Warriors,2025-01-05T00:00:00,GSW vs. SAC,99,12,35,22,3
Utah Jazz,2025-01-04T00:00:00,UTA @ MIA,136,19,57,31,4
Philadelphia 76ers,2025-01-04T00:00:00,PHI @ BKN,123,15,50,31,2
LA Clippers,2025-01-04T00:00:00,LAC vs. ATL,131,13,48,36,3
Indiana Pacers,2025-01-04T00:00:00,IND vs. PHX,126,15,47,35,4
Detroit Pistons,2025-01-04T00:00:00,DET vs. MIN,119,13,47,26,2
Chicago Bulls,2025-01-04T00:00:00,CHI vs. NYK,139,20,43,36,4
Denver Nuggets,2025-01-04T00:00:00,DEN @ SAS,122,10,58,32,7
Golden State Warriors,2025-01-04T00:00:00,GSW vs. MEM,121,23,29,32,5
Portland Trail Blazers,2025-01-04T00:00:00,POR @ MIL,105,13,55,21,3
Milwaukee Bucks,2025-01-04T00:00:00,MIL vs. POR,102,13,43,25,3
Memphis Grizzlies,2025-01-04T00:00:00,MEM @ GSW,113,9,43,29,7
San Antonio Spurs,2025-01-04T00:00:00,SAS vs. DEN,111,13,58,28,7
New York Knicks,2025-01-04T00:00:00,NYK @ CHI,126,8,49,27,3
Minnesota Timberwolves,2025-01-04T00:00:00,MIN @ DET,105,16,33,20,4
Phoenix Suns,2025-01-04T00:00:00,PHX @ IND,108,12,36,30,7
Atlanta Hawks,2025-01-04T00:00:00,ATL @ LAC,105,16,43,30,4
Brooklyn Nets,2025-01-04T00:00:00,BKN vs. PHI,94,14,39,22,4
Miami Heat,2025-01-04T00:00:00,MIA vs. UTA,100,9,32,25,7
Boston Celtics,2025-01-03T00:00:00,BOS @ HOU,109,19,41,20,8
Los Angeles Lakers,2025-01-03T00:00:00,LAL vs. ATL,119,13,56,28,6
Cleveland Cavaliers,2025-01-03T00:00:00,CLE @ DAL,134,15,46,38,7
New Orleans Pelicans,2025-01-03T00:00:00,NOP vs. WAS,132,18,37,36,6
Oklahoma City Thunder,2025-01-03T00:00:00,OKC vs. NYK,117,14,41,27,7
Orlando Magic,2025-01-03T00:00:00,ORL @ TOR,106,19,42,32,8
Sacramento Kings,2025-01-03T00:00:00,SAC vs. MEM,138,21,37,32,8
Detroit Pistons,2025-01-03T00:00:00,DET vs. CHA,98,12,51,21,7
San Antonio Spurs,2025-01-03T00:00:00,SAS @ DEN,113,13,56,31,3
Denver Nuggets,2025-01-03T00:00:00,DEN vs. SAS,110,15,46,33,7
Charlotte Hornets,2025-01-03T00:00:00,CHA @ DET,94,9,45,25,6
Memphis Grizzlies,2025-01-03T00:00:00,MEM @ SAC,133,17,51,31,4
Toronto Raptors,2025-01-03T00:00:00,TOR vs. ORL,97,10,37,28,1
New York Knicks,2025-01-03T00:00:00,NYK @ OKC,107,9,42,22,2
Dallas Mavericks,2025-01-03T00:00:00,DAL vs. CLE,122,12,53,29,4
Washington Wizards,2025-01-03T00:00:00,WAS @ NOP,120,9,48,28,0
Atlanta Hawks,2025-01-03T00:00:00,ATL @ LAL,102,6,39,22,3
Houston Rockets,2025-01-03T00:00:00,HOU vs. BOS,86,10,37,9,4
Golden State Warriors,2025-01-02T00:00:00,GSW vs. PHI,139,22,43,41,8
Oklahoma City Thunder,2025-01-02T00:00:00,OKC vs. LAC,116,14,35,29,3
Indiana Pacers,2025-01-02T00:00:00,IND @ MIA,128,17,39,35,4
Los Angeles Lakers,2025-01-02T00:00:00,LAL vs. POR,114,15,43,30,3
Boston Celtics,2025-01-02T00:00:00,BOS @ MIN,118,22,31,30,4
Brooklyn Nets,2025-01-02T00:00:00,BKN @ MIL,113,12,51,26,3
Minnesota Timberwolves,2025-01-02T00:00:00,MIN vs. BOS,115,21,41,24,2
Milwaukee Bucks,2025-01-02T00:00:00,MIL vs. BKN,110,11,46,21,6
Portland Trail Blazers,2025-01-02T00:00:00,POR @ LAL,106,9,42,24,4
Miami Heat,2025-01-02T00:00:00,MIA vs. IND,115,11,39,34,6
LA Clippers,2025-01-02T00:00:00,LAC @ OKC,98,11,45,25,1
Philadelphia 76ers,2025-01-02T00:00:00,PHI @ GSW,105,9,33,17,6
Denver Nuggets,2025-01-01T00:00:00,DEN vs. ATL,139,12,43,44,5
Washington Wizards,2025-01-01T00:00:00,WAS vs. CHI,125,17,42,36,3
Toronto Raptors,2025-01-01T00:00:00,TOR vs. BKN,130,16,39,36,6
New York Knicks,2025-01-01T00:00:00,NYK vs. UTA,119,9,47,31,6
Miami Heat,2025-01-01T00:00:00,MIA vs. NOP,119,14,38,34,1
Houston Rockets,2025-01-01T00:00:00,HOU vs. DAL,110,8,35,16,1
Detroit Pistons,2025-01-01T00:00:00,DET vs. ORL,105,12,49,25,3
Sacramento Kings,2025-01-01T00:00:00,SAC vs. PHI,113,9,45,24,4
Philadelphia 76ers,2025-01-01T00:00:00,PHI @ SAC,107,15,34,24,5
Orlando Magic,2025-01-01T00:00:00,ORL @ DET,96,8,33,18,5
New Orleans Pelicans,2025-01-01T00:00:00,NOP @ MIA,108,9,31,25,7
Dallas Mavericks,2025-01-01T00:00:00,DAL @ HOU,99,11,38,19,12
Utah Jazz,2025-01-01T00:00:00,UTA @ NYK,103,13,45,23,6
Brooklyn Nets,2025-01-01T00:00:00,BKN @ TOR,113,11,32,28,2
Chicago Bulls,2025-01-01T00:00:00,CHI @ WAS,107,14,44,28,6
Atlanta Hawks,2025-01-01T00:00:00,ATL @ DEN,120,16,44,34,5
Boston Celtics,2024-12-31T00:00:00,BOS vs. TOR,125,22,49,29,7
San Antonio Spurs,2024-12-31T00:00:00,SAS vs. LAC,122,9,58,37,7
Cleveland Cavaliers,2024-12-31T00:00:00,CLE @ LAL,122,18,48,32,8
Milwaukee Bucks,2024-12-31T00:00:00,MIL @ IND,120,12,51,27,0
Oklahoma City Thunder,2024-12-31T00:00:00,OKC vs. MIN,113,12,37,25,2
Memphis Grizzlies,2024-12-31T00:00:00,MEM @ PHX,117,15,51,27,6
Phoenix Suns,2024-12-31T00:00:00,PHX vs. MEM,112,9,43,28,10
Indiana Pacers,2024-12-31T00:00:00,IND vs. MIL,112,13,50,26,7
Minnesota Timberwolves,2024-12-31T00:00:00,MIN @ OKC,105,15,43,21,7
Los Angeles Lakers,2024-12-31T00:00:00,LAL vs. CLE,110,9,43,26,3
LA Clippers,2024-12-31T00:00:00,LAC @ SAS,86,11,41,17,3
Toronto Raptors,2024-12-31T00:00:00,TOR @ BOS,71,10,44,18,4
Philadelphia 76ers,2024-12-30T00:00:00,PHI @ POR,125,11,32,20,3
New York Knicks,2024-12-30T00:00:00,NYK @ WAS,126,15,54,34,2
Cleveland Cavaliers,2024-12-30T00:00:00,CLE @ GSW,113,18,54,25,6
Denver Nuggets,2024-12-30T00:00:00,DEN @ UTA,132,9,51,38,3
Sacramento Kings,2024-12-30T00:00:00,SAC vs. DAL,110,10,58,25,1
Chicago Bulls,2024-12-30T00:00:00,CHI @ CHA,115,18,63,31,4
LA Clippers,2024-12-30T00:00:00,LAC @ NOP,116,13,40,24,2
New Orleans Pelicans,2024-12-30T00:00:00,NOP vs. LAC,113,18,35,30,5
Charlotte Hornets,2024-12-30T00:00:00,CHA vs. CHI,108,10,56,23,6
Dallas Mavericks,2024-12-30T00:00:00,DAL @ SAC,100,12,36,17,13
Utah Jazz,2024-12-30T00:00:00,UTA vs. DEN,121,13,37,28,2
Golden State Warriors,2024-12-30T00:00:00,GSW vs. CLE,95,9,55,20,8
Washington Wizards,2024-12-30T00:00:00,WAS vs. NYK,106,12,46,25,8
Portland Trail Blazers,2024-12-30T00:00:00,POR vs. PHI,103,8,33,23,4
Atlanta Hawks,2024-12-29T00:00:00,ATL @ TOR,136,18,40,30,8
Oklahoma City Thunder,2024-12-29T00:00:00,OKC vs. MEM,130,14,45,35,9
Indiana Pacers,2024-12-29T00:00:00,IND @ BOS,123,9,50,27,2
Miami Heat,2024-12-29T00:00:00,MIA @ HOU,104,10,52,21,3
Minnesota Timberwolves,2024-12-29T00:00:00,MIN vs. SAS,112,11,56,23,5
Orlando Magic,2024-12-29T00:00:00,ORL vs. BKN,102,12,42,30,3
Brooklyn Nets,2024-12-29T00:00:00,BKN @ ORL,101,13,38,22,3
San Antonio Spurs,2024-12-29T00:00:00,SAS @ MIN,110,11,41,25,4
Houston Rockets,2024-12-29T00:00:00,HOU vs. MIA,100,13,52,24,4
Boston Celtics,2024-12-29T00:00:00,BOS vs. IND,114,16,41,26,6
Memphis Grizzlies,2024-12-29T00:00:00,MEM @ OKC,106,14,51,30,4
Toronto Raptors,2024-12-29T00:00:00,TOR vs. ATL,107,7,52,26,4
Denver Nuggets,2024-12-28T00:00:00,DEN vs. DET,134,13,40,29,6
Oklahoma City Thunder,2024-12-28T00:00:00,OKC @ CHA,106,10,49,29,1
Los Angeles Lakers,2024-12-28T00:00:00,LAL vs. SAC,132,14,33,33,3
Atlanta Hawks,2024-12-28T00:00:00,ATL vs. MIA,120,15,47,34,2
Chicago Bulls,2024-12-28T00:00:00,CHI vs. MIL,116,14,52,33,6
New York Knicks,2024-12-28T00:00:00,NYK @ WAS,136,10,43,26,3
Portland Trail Blazers,2024-12-28T00:00:00,POR vs. DAL,126,11,50,27,7
Golden State Warriors,2024-12-28T00:00:00,GSW vs. PHX,109,12,49,26,7
Philadelphia 76ers,2024-12-28T00:00:00,PHI @ UTA,114,13,32,22,8
Utah Jazz,2024-12-28T00:00:00,UTA vs. PHI,111,12,48,27,3
Washington Wizards,2024-12-28T00:00:00,WAS vs. NYK,132,17,44,32,4
Dallas Mavericks,2024-12-28T00:00:00,DAL @ POR,122,15,40,20,10
Phoenix Suns,2024-12-28T00:00:00,PHX @ GSW,105,9,46,21,12
Milwaukee Bucks,2024-12-28T00:00:00,MIL @ CHI,111,15,43,27,7
Sacramento Kings,2024-12-28T00:00:00,SAC @ LAL,122,11,39,38,2
Miami Heat,2024-12-28T00:00:00,MIA @ ATL,110,13,42,23,4
Charlotte Hornets,2024-12-28T00:00:00,CHA vs. OKC,94,11,44,17,5
Detroit Pistons,2024-12-28T00:00:00,DET @ DEN,121,12,41,29,1
Boston Celtics,2024-12-27T00:00:00,BOS vs. IND,142,23,52,31,6
New York Knicks,2024-12-27T00:00:00,NYK @ ORL,108,4,44,18,3
Cleveland Cavaliers,2024-12-27T00:00:00,CLE @ DEN,149,23,38,40,7
LA Clippers,2024-12-27T00:00:00,LAC vs. GSW,102,10,39,19,10
Dallas Mavericks,2024-12-27T00:00:00,DAL @ PHX,98,12,41,24,5
San Antonio Spurs,2024-12-27T00:00:00,SAS @ BKN,96,12,43,26,8
Memphis Grizzlies,2024-12-27T00:00:00,MEM @ NOP,132,17,42,30,7
Minnesota Timberwolves,2024-12-27T00:00:00,MIN @ HOU,113,21,40,25,6
Houston Rockets,2024-12-27T00:00:00,HOU vs. MIN,112,10,47,19,3
New Orleans Pelicans,2024-12-27T00:00:00,NOP vs. MEM,124,11,45,30,10
Phoenix Suns,2024-12-27T00:00:00,PHX vs. DAL,89,13,42,23,7
Brooklyn Nets,2024-12-27T00:00:00,BKN vs. SAS,87,12,45,22,4
Golden State Warriors,2024-12-27T00:00:00,GSW @ LAC,92,7,47,24,2
Denver Nuggets,2024-12-27T00:00:00,DEN vs. CLE,135,15,38,39,3
Orlando Magic,2024-12-27T00:00:00,ORL vs. NYK,85,10,33,20,3
Indiana Pacers,2024-12-27T00:00:00,IND @ BOS,105,11,39,27,3
Memphis Grizzlies,2024-12-26T00:00:00,MEM vs. TOR,155,18,63,36,8
Houston Rockets,2024-12-26T00:00:00,HOU @ NOP,128,18,54,19,9
Atlanta Hawks,2024-12-26T00:00:00,ATL vs. CHI,141,17,44,32,5
Oklahoma City Thunder,2024-12-26T00:00:00,OKC @ IND,120,13,45,20,4
Brooklyn Nets,2024-12-26T00:00:00,BKN @ MIL,111,16,38,25,1
Washington Wizards,2024-12-26T00:00:00,WAS vs. CHA,113,14,43,25,7
Portland Trail Blazers,2024-12-26T00:00:00,POR vs. UTA,122,15,43,26,8
Detroit Pistons,2024-12-26T00:00:00,DET @ SAC,114,17,44,25,4
Miami Heat,2024-12-26T00:00:00,MIA @ ORL,89,15,35,21,6
Sacramento Kings,2024-12-26T00:00:00,SAC vs. DET,113,14,44,20,6
Orlando Magic,2024-12-26T00:00:00,ORL vs. MIA,88,5,42,14,6
Utah Jazz,2024-12-26T00:00:00,UTA @ POR,120,21,46,26,5
Charlotte Hornets,2024-12-26T00:00:00,CHA @ WAS,110,17,50,31,4
Indiana Pacers,2024-12-26T00:00:00,IND vs. OKC,114,14,51,28,8
Milwaukee Bucks,2024-12-26T00:00:00,MIL vs. BKN,105,15,39,23,3
Chicago Bulls,2024-12-26T00:00:00,CHI @ ATL,133,22,36,36,1
New Orleans Pelicans,2024-12-26T00:00:00,NOP vs. HOU,111,12,44,29,2
Toronto Raptors,2024-12-26T00:00:00,TOR @ MEM,126,14,40,39,3
Phoenix Suns,2024-12-25T00:00:00,PHX vs. DEN,110,11,42,31,4
Minnesota Timberwolves,2024-12-25T00:00:00,MIN @ DAL,105,14,46,23,5
Philadelphia 76ers,2024-12-25T00:00:00,PHI @ BOS,118,17,39,28,5
New York Knicks,2024-12-25T00:00:00,NYK vs. SAS,117,13,47,26,3
Los Angeles Lakers,2024-12-25T00:00:00,LAL @ GSW,115,15,41,30,4
Golden State Warriors,2024-12-25T00:00:00,GSW vs. LAL,113,18,44,26,8
San Antonio Spurs,2024-12-25T00:00:00,SAS @ NYK,114,16,45,33,6
Boston Celtics,2024-12-25T00:00:00,BOS vs. PHI,114,20,51,24,4
Dallas Mavericks,2024-12-25T00:00:00,DAL vs. MIN,99,16,43,15,8
Denver Nuggets,2024-12-25T00:00:00,DEN @ PHX,100,8,46,20,2
Denver Nuggets,2024-12-23T00:00:00,DEN vs. PHX,117,16,46,35,4
Dallas Mavericks,2024-12-23T00:00:00,DAL vs. POR,132,12,41,27,4
Milwaukee Bucks,2024-12-23T00:00:00,MIL @ CHI,112,18,49,24,1
Oklahoma City Thunder,2024-12-23T00:00:00,OKC vs. WAS,123,10,59,25,9
Miami Heat,2024-12-23T00:00:00,MIA vs. BKN,110,17,44,27,3
New York Knicks,2024-12-23T00:00:00,NYK vs. TOR,139,17,35,34,1
Atlanta Hawks,2024-12-23T00:00:00,ATL vs. MIN,117,18,38,27,6
Houston Rockets,2024-12-23T00:00:00,HOU @ CHA,114,13,60,23,8
Cleveland Cavaliers,2024-12-23T00:00:00,CLE vs. UTA,124,20,40,33,3
Indiana Pacers,2024-12-23T00:00:00,IND @ GSW,111,11,43,26,4
Philadelphia 76ers,2024-12-23T00:00:00,PHI vs. SAS,111,16,47,22,2
LA Clippers,2024-12-23T00:00:00,LAC @ MEM,114,9,53,22,6
Orlando Magic,2024-12-23T00:00:00,ORL vs. BOS,108,13,42,26,9
Detroit Pistons,2024-12-23T00:00:00,DET @ LAL,117,11,37,24,5
Los Angeles Lakers,2024-12-23T00:00:00,LAL vs. DET,114,14,38,28,3
Memphis Grizzlies,2024-12-23T00:00:00,MEM vs. LAC,110,16,56,26,6
Boston Celtics,2024-12-23T00:00:00,BOS @ ORL,104,8,41,13,5
San Antonio Spurs,2024-12-23T00:00:00,SAS @ PHI,106,15,42,24,12
Golden State Warriors,2024-12-23T00:00:00,GSW vs. IND,105,12,44,29,7
Utah Jazz,2024-12-23T00:00:00,UTA @ CLE,113,19,51,27,5
Minnesota Timberwolves,2024-12-23T00:00:00,MIN @ ATL,104,14,43,31,3
Charlotte Hornets,2024-12-23T00:00:00,CHA vs. HOU,101,10,44,25,6
Toronto Raptors,2024-12-23T00:00:00,TOR @ NYK,125,11,30,28,3
Brooklyn Nets,2024-12-23T00:00:00,BKN @ MIA,95,13,42,23,2
Washington Wizards,2024-12-23T00:00:00,WAS @ OKC,105,16,51,25,8
Chicago Bulls,2024-12-23T00:00:00,CHI vs. MIL,91,10,46,27,1
Portland Trail Blazers,2024-12-23T00:00:00,POR @ DAL,108,8,48,23,1
Phoenix Suns,2024-12-23T00:00:00,PHX @ DEN,90,13,39,23,5
Indiana Pacers,2024-12-22T00:00:00,IND @ SAC,122,17,50,36,5
Houston Rockets,2024-12-22T00:00:00,HOU @ TOR,114,7,53,18,6
Denver Nuggets,2024-12-22T00:00:00,DEN @ NOP,132,10,54,34,8
New Orleans Pelicans,2024-12-22T00:00:00,NOP vs. DEN,129,12,43,37,9
Toronto Raptors,2024-12-22T00:00:00,TOR vs. HOU,110,17,42,33,3
Sacramento Kings,2024-12-22T00:00:00,SAC vs. IND,95,12,47,21,3
Cleveland Cavaliers,2024-12-21T00:00:00,CLE vs. PHI,126,22,49,31,1
Boston Celtics,2024-12-21T00:00:00,BOS @ CHI,123,15,59,27,4
San Antonio Spurs,2024-12-21T00:00:00,SAS vs. POR,114,10,49,33,13
Memphis Grizzlies,2024-12-21T00:00:00,MEM @ ATL,128,18,40,35,1
Dallas Mavericks,2024-12-21T00:00:00,DAL vs. LAC,113,14,43,25,5
Milwaukee Bucks,2024-12-21T00:00:00,MIL vs. WAS,112,20,44,35,2
Utah Jazz,2024-12-21T00:00:00,UTA @ BKN,105,14,45,25,8
New York Knicks,2024-12-21T00:00:00,NYK @ NOP,104,15,42,24,3
Golden State Warriors,2024-12-21T00:00:00,GSW @ MIN,113,16,45,30,6
Detroit Pistons,2024-12-21T00:00:00,DET @ PHX,133,19,35,31,4
Orlando Magic,2024-12-21T00:00:00,ORL vs. MIA,121,11,41,24,9
Los Angeles Lakers,2024-12-21T00:00:00,LAL @ SAC,103,9,48,23,6
Sacramento Kings,2024-12-21T00:00:00,SAC vs. LAL,99,10,46,25,1
Miami Heat,2024-12-21T00:00:00,MIA @ ORL,114,9,38,16,2
Phoenix Suns,2024-12-21T00:00:00,PHX vs. DET,125,14,35,30,1
Minnesota Timberwolves,2024-12-21T00:00:00,MIN vs. GSW,103,14,45,27,2
Washington Wizards,2024-12-21T00:00:00,WAS @ MIL,101,18,47,20,4
Brooklyn Nets,2024-12-21T00:00:00,BKN vs. UTA,94,7,50,24,3
New Orleans Pelicans,2024-12-21T00:00:00,NOP vs. NYK,93,12,45,23,5
Atlanta Hawks,2024-12-21T00:00:00,ATL vs. MEM,112,14,41,29,6
LA Clippers,2024-12-21T00:00:00,LAC @ DAL,97,10,40,18,7
Portland Trail Blazers,2024-12-21T00:00:00,POR @ SAS,94,12,44,21,3
Chicago Bulls,2024-12-21T00:00:00,CHI vs. BOS,98,14,43,28,4
Philadelphia 76ers,2024-12-21T00:00:00,PHI @ CLE,99,11,41,13,3
Cleveland Cavaliers,2024-12-20T00:00:00,CLE vs. MIL,124,20,48,30,0
Philadelphia 76ers,2024-12-20T00:00:00,PHI vs. CHA,108,12,39,30,6
Oklahoma City Thunder,2024-12-20T00:00:00,OKC @ MIA,104,14,48,24,5
Miami Heat,2024-12-20T00:00:00,MIA vs. OKC,97,12,41,20,3
Charlotte Hornets,2024-12-20T00:00:00,CHA @ PHI,98,10,44,22,4
Milwaukee Bucks,2024-12-20T00:00:00,MIL @ CLE,101,10,45,23,4
Memphis Grizzlies,2024-12-19T00:00:00,MEM vs. GSW,144,27,60,38,8
New York Knicks,2024-12-19T00:00:00,NYK @ MIN,133,20,57,39,2
LA Clippers,2024-12-19T00:00:00,LAC @ DAL,118,14,47,30,3
Houston Rockets,2024-12-19T00:00:00,HOU vs. NOP,133,17,42,34,6
Los Angeles Lakers,2024-12-19T00:00:00,LAL @ SAC,113,12,53,22,10
Washington Wizards,2024-12-19T00:00:00,WAS vs. CHA,123,17,52,33,8
Indiana Pacers,2024-12-19T00:00:00,IND @ PHX,120,16,47,30,7
Chicago Bulls,2024-12-19T00:00:00,CHI @ BOS,117,19,56,23,2
San Antonio Spurs,2024-12-19T00:00:00,SAS vs. ATL,133,19,42,32,8
Utah Jazz,2024-12-19T00:00:00,UTA @ DET,126,20,62,23,8
Brooklyn Nets,2024-12-19T00:00:00,BKN @ TOR,101,9,53,18,6
Oklahoma City Thunder,2024-12-19T00:00:00,OKC @ ORL,105,10,32,23,6
Portland Trail Blazers,2024-12-19T00:00:00,POR vs. DEN,126,16,45,29,7
Denver Nuggets,2024-12-19T00:00:00,DEN @ POR,124,15,40,35,3
Orlando Magic,2024-12-19T00:00:00,ORL vs. OKC,99,11,40,25,6
Atlanta Hawks,2024-12-19T00:00:00,ATL @ SAS,126,16,53,32,6
Detroit Pistons,2024-12-19T00:00:00,DET vs. UTA,119,13,39,26,8
Toronto Raptors,2024-12-19T00:00:00,TOR vs. BKN,94,15,34,26,4
Charlotte Hornets,2024-12-19T00:00:00,CHA @ WAS,114,8,52,30,2
Phoenix Suns,2024-12-19T00:00:00,PHX vs. IND,111,9,44,28,4
Boston Celtics,2024-12-19T00:00:00,BOS vs. CHI,108,14,45,21,8
Sacramento Kings,2024-12-19T00:00:00,SAC vs. LAL,100,11,43,27,6
New Orleans Pelicans,2024-12-19T00:00:00,NOP @ HOU,113,13,37,25,2
Dallas Mavericks,2024-12-19T00:00:00,DAL vs. LAC,95,7,40,21,5
Minnesota Timberwolves,2024-12-19T00:00:00,MIN vs. NYK,107,17,37,29,5
Golden State Warriors,2024-12-19T00:00:00,GSW @ MEM,93,12,36,20,5
Milwaukee Bucks,2024-12-17T00:00:00,MIL @ OKC,97,17,52,25,4
Oklahoma City Thunder,2024-12-17T00:00:00,OKC @ MIL,81,5,43,13,5
LA Clippers,2024-12-16T00:00:00,LAC vs. UTA,144,21,41,28,6
Cleveland Cavaliers,2024-12-16T00:00:00,CLE @ BKN,130,19,42,33,6
Philadelphia 76ers,2024-12-16T00:00:00,PHI @ CHA,121,16,42,21,4
Denver Nuggets,2024-12-16T00:00:00,DEN @ SAC,130,10,55,38,4
Detroit Pistons,2024-12-16T00:00:00,DET vs. MIA,125,20,52,32,4
Chicago Bulls,2024-12-16T00:00:00,CHI @ TOR,122,14,41,33,8
Sacramento Kings,2024-12-16T00:00:00,SAC vs. DEN,129,12,42,28,9
Miami Heat,2024-12-16T00:00:00,MIA @ DET,124,12,44,30,2
Toronto Raptors,2024-12-16T00:00:00,TOR vs. CHI,121,9,44,28,6
Charlotte Hornets,2024-12-16T00:00:00,CHA vs. PHI,108,12,38,30,8
Brooklyn Nets,2024-12-16T00:00:00,BKN vs. CLE,101,14,35,25,2
Utah Jazz,2024-12-16T00:00:00,UTA @ LAC,107,13,35,22,3
Indiana Pacers,2024-12-15T00:00:00,IND vs. NOP,119,16,43,33,9
Boston Celtics,2024-12-15T00:00:00,BOS @ WAS,112,18,56,26,5
Minnesota Timberwolves,2024-12-15T00:00:00,MIN @ SAS,106,12,51,26,4
Dallas Mavericks,2024-12-15T00:00:00,DAL @ GSW,143,21,47,36,5
New York Knicks,2024-12-15T00:00:00,NYK @ ORL,100,10,45,20,3
Phoenix Suns,2024-12-15T00:00:00,PHX vs. POR,116,15,46,23,2
Los Angeles Lakers,2024-12-15T00:00:00,LAL vs. MEM,116,10,44,23,7
Memphis Grizzlies,2024-12-15T00:00:00,MEM @ LAL,110,9,50,25,3
Portland Trail Blazers,2024-12-15T00:00:00,POR @ PHX,109,15,48,30,4
Orlando Magic,2024-12-15T00:00:00,ORL vs. NYK,91,9,39,24,10
Golden State Warriors,2024-12-15T00:00:00,GSW vs. DAL,133,27,37,39,2
Washington Wizards,2024-12-15T00:00:00,WAS vs. BOS,98,13,51,22,7
San Antonio Spurs,2024-12-15T00:00:00,SAS vs. MIN,92,11,50,34,8
New Orleans Pelicans,2024-12-15T00:00:00,NOP @ IND,104,10,49,18,4
Oklahoma City Thunder,2024-12-14T00:00:00,OKC @ HOU,111,11,43,19,4
Milwaukee Bucks,2024-12-14T00:00:00,MIL @ ATL,110,14,47,28,8
Atlanta Hawks,2024-12-14T00:00:00,ATL @ MIL,102,10,44,23,6
Houston Rockets,2024-12-14T00:00:00,HOU @ OKC,96,11,49,17,3
Denver Nuggets,2024-12-13T00:00:00,DEN vs. LAC,120,10,46,23,2
Memphis Grizzlies,2024-12-13T00:00:00,MEM vs. BKN,135,17,49,33,4
Indiana Pacers,2024-12-13T00:00:00,IND @ PHI,121,14,41,35,4
Chicago Bulls,2024-12-13T00:00:00,CHI vs. CHA,109,14,52,27,11
Cleveland Cavaliers,2024-12-13T00:00:00,CLE vs. WAS,115,15,50,27,5
Minnesota Timberwolves,2024-12-13T00:00:00,MIN vs. LAL,97,9,48,18,5
Phoenix Suns,2024-12-13T00:00:00,PHX @ UTA,134,22,37,36,7
San Antonio Spurs,2024-12-13T00:00:00,SAS @ POR,118,14,41,32,6
Portland Trail Blazers,2024-12-13T00:00:00,POR vs. SAS,116,16,36,25,5
Utah Jazz,2024-12-13T00:00:00,UTA vs. PHX,126,22,34,30,6
Washington Wizards,2024-12-13T00:00:00,WAS @ CLE,105,14,44,24,7
Los Angeles Lakers,2024-12-13T00:00:00,LAL @ MIN,87,10,53,17,6
Philadelphia 76ers,2024-12-13T00:00:00,PHI vs. IND,107,10,47,18,4
Charlotte Hornets,2024-12-13T00:00:00,CHA @ CHI,95,8,54,22,5
Brooklyn Nets,2024-12-13T00:00:00,BKN @ MEM,119,20,41,30,7
LA Clippers,2024-12-13T00:00:00,LAC @ DEN,98,14,31,24,2
Boston Celtics,2024-12-12T00:00:00,BOS vs. DET,123,20,51,34,4
Miami Heat,2024-12-12T00:00:00,MIA vs. TOR,114,13,52,21,3
Sacramento Kings,2024-12-12T00:00:00,SAC @ NOP,111,10,50,24,2
New Orleans Pelicans,2024-12-12T00:00:00,NOP vs. SAC,109,14,43,22,4
Toronto Raptors,2024-12-12T00:00:00,TOR @ MIA,104,11,42,29,5
Detroit Pistons,2024-12-12T00:00:00,DET @ BOS,99,7,43,27,4
Atlanta Hawks,2024-12-11T00:00:00,ATL @ NYK,108,9,58,27,7
Houston Rockets,2024-12-11T00:00:00,HOU vs. GSW,91,6,36,23,5
Golden State Warriors,2024-12-11T00:00:00,GSW @ HOU,90,12,39,22,8
New York Knicks,2024-12-11T00:00:00,NYK vs. ATL,100,11,49,27,11
Oklahoma City Thunder,2024-12-10T00:00:00,OKC vs. DAL,118,20,52,29,5
Milwaukee Bucks,2024-12-10T00:00:00,MIL vs. ORL,114,11,37,27,6
Orlando Magic,2024-12-10T00:00:00,ORL @ MIL,109,6,46,19,4
Dallas Mavericks,2024-12-10T00:00:00,DAL @ OKC,104,15,44,25,2
New York Knicks,2024-12-09T00:00:00,NYK @ TOR,113,17,40,32,7
Toronto Raptors,2024-12-09T00:00:00,TOR vs. NYK,108,13,51,23,4
Sacramento Kings,2024-12-08T00:00:00,SAC vs. UTA,141,22,43,39,7
Denver Nuggets,2024-12-08T00:00:00,DEN @ ATL,141,12,43,43,5
Memphis Grizzlies,2024-12-08T00:00:00,MEM @ WAS,140,17,46,34,8
Houston Rockets,2024-12-08T00:00:00,HOU @ LAC,117,15,50,23,4
Miami Heat,2024-12-08T00:00:00,MIA vs. CLE,122,16,47,27,4
Los Angeles Lakers,2024-12-08T00:00:00,LAL vs. POR,107,13,40,25,7
Golden State Warriors,2024-12-08T00:00:00,GSW vs. MIN,114,16,45,28,6
Philadelphia 76ers,2024-12-08T00:00:00,PHI @ CHI,108,9,56,25,5
San Antonio Spurs,2024-12-08T00:00:00,SAS vs. NOP,121,12,55,27,11
Milwaukee Bucks,2024-12-08T00:00:00,MIL @ BKN,118,15,31,26,7
Orlando Magic,2024-12-08T00:00:00,ORL vs. PHX,115,12,44,17,6
Charlotte Hornets,2024-12-08T00:00:00,CHA @ IND,113,14,45,24,3
Indiana Pacers,2024-12-08T00:00:00,IND vs. CHA,109,12,29,23,7
New Orleans Pelicans,2024-12-08T00:00:00,NOP @ SAS,116,13,43,26,8
Brooklyn Nets,2024-12-08T00:00:00,BKN vs. MIL,113,16,30,24,3
Phoenix Suns,2024-12-08T00:00:00,PHX @ ORL,110,13,39,24,6
Minnesota Timberwolves,2024-12-08T00:00:00,MIN @ GSW,106,19,39,22,8
Chicago Bulls,2024-12-08T00:00:00,CHI vs. PHI,100,19,35,29,3
Cleveland Cavaliers,2024-12-08T00:00:00,CLE @ MIA,113,14,36,25,1
Portland Trail Blazers,2024-12-08T00:00:00,POR @ LAL,98,9,49,17,3
LA Clippers,2024-12-08T00:00:00,LAC vs. HOU,106,11,33,21,3
Washington Wizards,2024-12-08T00:00:00,WAS vs. MEM,112,6,52,20,5
Atlanta Hawks,2024-12-08T00:00:00,ATL vs. DEN,111,9,45,26,2
Utah Jazz,2024-12-08T00:00:00,UTA @ SAC,97,15,38,21,6
Cleveland Cavaliers,2024-12-07T00:00:00,CLE @ CHA,116,14,47,28,6
Miami Heat,2024-12-07T00:00:00,MIA vs. PHX,121,13,41,30,4
Oklahoma City Thunder,2024-12-07T00:00:00,OKC @ NOP,119,12,45,27,3
Washington Wizards,2024-12-07T00:00:00,WAS vs. DEN,122,16,46,31,12
Detroit Pistons,2024-12-07T00:00:00,DET @ NYK,120,18,43,28,0
Dallas Mavericks,2024-12-07T00:00:00,DAL @ TOR,125,17,52,21,8
Memphis Grizzlies,2024-12-07T00:00:00,MEM @ BOS,127,15,52,25,7
Boston Celtics,2024-12-07T00:00:00,BOS vs. MEM,121,18,51,26,7
Toronto Raptors,2024-12-07T00:00:00,TOR vs. DAL,118,15,39,37,3
Denver Nuggets,2024-12-07T00:00:00,DEN @ WAS,113,5,48,34,6
New York Knicks,2024-12-07T00:00:00,NYK vs. DET,111,11,31,27,5
Phoenix Suns,2024-12-07T00:00:00,PHX @ MIA,111,16,41,29,3
New Orleans Pelicans,2024-12-07T00:00:00,NOP vs. OKC,109,11,35,25,6
Charlotte Hornets,2024-12-07T00:00:00,CHA vs. CLE,102,11,37,21,5
Utah Jazz,2024-12-06T00:00:00,UTA @ POR,141,14,61,34,11
Sacramento Kings,2024-12-06T00:00:00,SAC @ SAS,140,16,44,33,6
Minnesota Timberwolves,2024-12-06T00:00:00,MIN @ GSW,107,14,48,32,6
Indiana Pacers,2024-12-06T00:00:00,IND @ CHI,132,18,46,33,4
Philadelphia 76ers,2024-12-06T00:00:00,PHI vs. ORL,102,7,37,23,0
Boston Celtics,2024-12-06T00:00:00,BOS vs. MIL,111,17,41,27,6
Atlanta Hawks,2024-12-06T00:00:00,ATL vs. LAL,134,17,48,40,5
Los Angeles Lakers,2024-12-06T00:00:00,LAL @ ATL,132,16,40,33,10
Milwaukee Bucks,2024-12-06T00:00:00,MIL @ BOS,105,11,51,16,2
Orlando Magic,2024-12-06T00:00:00,ORL @ PHI,94,13,38,21,6
Chicago Bulls,2024-12-06T00:00:00,CHI vs. IND,123,21,38,33,6
Golden State Warriors,2024-12-06T00:00:00,GSW vs. MIN,90,11,41,21,4
San Antonio Spurs,2024-12-06T00:00:00,SAS vs. SAC,113,14,42,28,5
Portland Trail Blazers,2024-12-06T00:00:00,POR vs. UTA,99,14,34,23,7
Oklahoma City Thunder,2024-12-05T00:00:00,OKC @ TOR,129,17,55,28,11
Dallas Mavericks,2024-12-05T00:00:00,DAL @ WAS,137,20,58,27,12
New York Knicks,2024-12-05T00:00:00,NYK vs. CHA,125,18,43,29,4
Chicago Bulls,2024-12-05T00:00:00,CHI @ SAS,139,17,50,36,5
Cleveland Cavaliers,2024-12-05T00:00:00,CLE vs. DEN,126,22,47,32,3
Golden State Warriors,2024-12-05T00:00:00,GSW vs. HOU,99,9,54,19,3
Memphis Grizzlies,2024-12-05T00:00:00,MEM vs. SAC,115,13,49,27,5
New Orleans Pelicans,2024-12-05T00:00:00,NOP vs. PHX,126,14,44,23,4
Phoenix Suns,2024-12-05T00:00:00,PHX @ NOP,124,17,46,32,3
Sacramento Kings,2024-12-05T00:00:00,SAC @ MEM,110,8,46,19,1
Houston Rockets,2024-12-05T00:00:00,HOU @ GSW,93,10,45,20,9
Denver Nuggets,2024-12-05T00:00:00,DEN @ CLE,114,6,49,25,5
San Antonio Spurs,2024-12-05T00:00:00,SAS vs. CHI,124,8,41,26,4
Charlotte Hornets,2024-12-05T00:00:00,CHA @ NYK,101,15,40,27,4
Washington Wizards,2024-12-05T00:00:00,WAS vs. DAL,101,13,39,25,3
Toronto Raptors,2024-12-05T00:00:00,TOR vs. OKC,92,11,51,24,7
Miami Heat,2024-12-04T00:00:00,MIA vs. LAL,134,24,52,42,5
Minnesota Timberwolves,2024-12-04T00:00:00,MIN @ LAC,108,16,50,31,5
Atlanta Hawks,2024-12-04T00:00:00,ATL @ MIL,119,9,54,29,3
Boston Celtics,2024-12-04T00:00:00,BOS vs. DET,130,21,43,30,7
Brooklyn Nets,2024-12-04T00:00:00,BKN vs. IND,99,12,43,24,6
Orlando Magic,2024-12-04T00:00:00,ORL @ PHI,106,8,42,21,7
Philadelphia 76ers,2024-12-04T00:00:00,PHI vs. ORL,102,11,35,23,1
Indiana Pacers,2024-12-04T00:00:00,IND @ BKN,90,8,39,20,10
Detroit Pistons,2024-12-04T00:00:00,DET @ BOS,120,20,34,27,5
Milwaukee Bucks,2024-12-04T00:00:00,MIL vs. ATL,104,15,40,23,4
LA Clippers,2024-12-04T00:00:00,LAC vs. MIN,80,11,46,13,2
Los Angeles Lakers,2024-12-04T00:00:00,LAL @ MIA,93,5,36,29,4
Cleveland Cavaliers,2024-12-03T00:00:00,CLE vs. WAS,118,16,45,31,4
Oklahoma City Thunder,2024-12-03T00:00:00,OKC vs. UTA,133,17,34,32,3
LA Clippers,2024-12-03T00:00:00,LAC vs. POR,127,19,35,29,8
Milwaukee Bucks,2024-12-03T00:00:00,MIL @ DET,128,23,36,26,6
New York Knicks,2024-12-03T00:00:00,NYK vs. ORL,121,15,39,30,4
Toronto Raptors,2024-12-03T00:00:00,TOR vs. IND,122,13,42,28,4
Phoenix Suns,2024-12-03T00:00:00,PHX vs. SAS,104,11,44,26,5
Sacramento Kings,2024-12-03T00:00:00,SAC vs. HOU,120,14,34,33,8
Philadelphia 76ers,2024-12-03T00:00:00,PHI @ CHA,110,16,31,26,3
Dallas Mavericks,2024-12-03T00:00:00,DAL vs. MEM,121,13,49,24,8
Denver Nuggets,2024-12-03T00:00:00,DEN vs. GSW,119,11,38,32,5
Golden State Warriors,2024-12-03T00:00:00,GSW @ DEN,115,12,48,36,3
Memphis Grizzlies,2024-12-03T00:00:00,MEM @ DAL,116,13,39,27,3
Charlotte Hornets,2024-12-03T00:00:00,CHA vs. PHI,104,13,47,22,3
Houston Rockets,2024-12-03T00:00:00,HOU @ SAC,111,14,53,14,1
Indiana Pacers,2024-12-03T00:00:00,IND @ TOR,111,12,34,21,6
San Antonio Spurs,2024-12-03T00:00:00,SAS @ PHX,93,8,53,26,2
Orlando Magic,2024-12-03T00:00:00,ORL @ NYK,106,9,38,20,4
Detroit Pistons,2024-12-03T00:00:00,DET vs. MIL,107,11,41,22,7
Portland Trail Blazers,2024-12-03T00:00:00,POR @ LAC,105,10,29,25,4
Utah Jazz,2024-12-03T00:00:00,UTA @ OKC,106,13,36,21,6
Washington Wizards,2024-12-03T00:00:00,WAS @ CLE,87,4,52,18,8
Minnesota Timberwolves,2024-12-02T00:00:00,MIN vs. LAL,109,15,43,31,2
Chicago Bulls,2024-12-02T00:00:00,CHI vs. BKN,128,16,54,33,5
Boston Celtics,2024-12-02T00:00:00,BOS vs. MIA,108,19,54,25,9
Atlanta Hawks,2024-12-02T00:00:00,ATL vs. NOP,124,10,51,30,4
New Orleans Pelicans,2024-12-02T00:00:00,NOP @ ATL,112,13,41,21,5
Miami Heat,2024-12-02T00:00:00,MIA @ BOS,89,8,44,24,1
Brooklyn Nets,2024-12-02T00:00:00,BKN @ CHI,102,14,41,24,5
Los Angeles Lakers,2024-12-02T00:00:00,LAL @ MIN,80,6,39,19,2
New York Knicks,2024-12-01T00:00:00,NYK vs. NOP,118,20,60,30,9
Memphis Grizzlies,2024-12-01T00:00:00,MEM vs. IND,136,16,40,36,6
Orlando Magic,2024-12-01T00:00:00,ORL @ BKN,100,7,52,23,11
Dallas Mavericks,2024-12-01T00:00:00,DAL @ POR,137,18,33,33,0
LA Clippers,2024-12-01T00:00:00,LAC vs. DEN,126,18,42,28,4
Cleveland Cavaliers,2024-12-01T00:00:00,CLE vs. BOS,115,17,44,22,7
Houston Rockets,2024-12-01T00:00:00,HOU vs. OKC,119,13,51,20,6
Toronto Raptors,2024-12-01T00:00:00,TOR vs. MIA,119,10,47,30,5
San Antonio Spurs,2024-12-01T00:00:00,SAS @ SAC,127,23,38,32,9
Los Angeles Lakers,2024-12-01T00:00:00,LAL @ UTA,105,7,42,23,4
Utah Jazz,2024-12-01T00:00:00,UTA vs. LAL,104,14,44,27,4
Sacramento Kings,2024-12-01T00:00:00,SAC vs. SAS,125,12,51,32,5
Miami Heat,2024-12-01T00:00:00,MIA @ TOR,116,15,45,25,4
Oklahoma City Thunder,2024-12-01T00:00:00,OKC @ HOU,116,13,46,30,4
Denver Nuggets,2024-12-01T00:00:00,DEN @ LAC,122,10,39,37,3
Boston Celtics,2024-12-01T00:00:00,BOS @ CLE,111,17,46,17,6
Portland Trail Blazers,2024-12-01T00:00:00,POR vs. DAL,131,18,39,29,0
Brooklyn Nets,2024-12-01T00:00:00,BKN vs. ORL,92,8,33,19,3
Indiana Pacers,2024-12-01T00:00:00,IND @ MEM,121,14,41,28,3
New Orleans Pelicans,2024-12-01T00:00:00,NOP @ NYK,85,4,42,20,9
Philadelphia 76ers,2024-11-30T00:00:00,PHI @ DET,111,11,50,19,8
Dallas Mavericks,2024-11-30T00:00:00,DAL @ UTA,106,15,48,30,6
Milwaukee Bucks,2024-11-30T00:00:00,MIL vs. WAS,124,16,38,31,6
Phoenix Suns,2024-11-30T00:00:00,PHX vs. GSW,113,18,45,31,9
Atlanta Hawks,2024-11-30T00:00:00,ATL @ CHA,107,10,49,27,7
Charlotte Hornets,2024-11-30T00:00:00,CHA vs. ATL,104,18,45,23,6
Golden State Warriors,2024-11-30T00:00:00,GSW @ PHX,105,14,43,28,5
Washington Wizards,2024-11-30T00:00:00,WAS @ MIL,114,9,41,24,3
Utah Jazz,2024-11-30T00:00:00,UTA vs. DAL,94,9,53,20,7
Detroit Pistons,2024-11-30T00:00:00,DET vs. PHI,96,11,42,22,5
Detroit Pistons,2024-11-29T00:00:00,DET @ IND,130,18,44,35,5
Orlando Magic,2024-11-29T00:00:00,ORL @ BKN,123,18,40,29,13
Atlanta Hawks,2024-11-29T00:00:00,ATL vs. CLE,117,14,53,33,5
Memphis Grizzlies,2024-11-29T00:00:00,MEM vs. NOP,120,12,51,36,5
Miami Heat,2024-11-29T00:00:00,MIA vs. TOR,121,21,33,32,0
Boston Celtics,2024-11-29T00:00:00,BOS @ CHI,138,23,51,24,2
Portland Trail Blazers,2024-11-29T00:00:00,POR vs. SAC,115,11,40,27,3
Oklahoma City Thunder,2024-11-29T00:00:00,OKC @ LAL,101,13,47,20,3
New York Knicks,2024-11-29T00:00:00,NYK @ CHA,99,12,44,20,5
Minnesota Timberwolves,2024-11-29T00:00:00,MIN vs. LAC,93,15,49,25,5
Charlotte Hornets,2024-11-29T00:00:00,CHA vs. NYK,98,15,39,25,6
LA Clippers,2024-11-29T00:00:00,LAC @ MIN,92,10,39,20,3
Los Angeles Lakers,2024-11-29T00:00:00,LAL vs. OKC,93,11,47,25,6
Chicago Bulls,2024-11-29T00:00:00,CHI vs. BOS,129,20,43,28,2
Sacramento Kings,2024-11-29T00:00:00,SAC @ POR,106,15,41,29,4
Toronto Raptors,2024-11-29T00:00:00,TOR @ MIA,111,11,46,34,3
New Orleans Pelicans,2024-11-29T00:00:00,NOP @ MEM,109,9,46,16,7
Cleveland Cavaliers,2024-11-29T00:00:00,CLE @ ATL,101,11,40,21,0
Brooklyn Nets,2024-11-29T00:00:00,BKN vs. ORL,100,14,35,22,5
Indiana Pacers,2024-11-29T00:00:00,IND vs. DET,106,12,32,23,4
Toronto Raptors,2024-11-27T00:00:00,TOR @ NOP,119,21,52,38,4
LA Clippers,2024-11-27T00:00:00,LAC @ WAS,121,12,47,27,4
Memphis Grizzlies,2024-11-27T00:00:00,MEM vs. DET,131,17,42,31,4
Denver Nuggets,2024-11-27T00:00:00,DEN @ UTA,122,11,39,30,8
Los Angeles Lakers,2024-11-27T00:00:00,LAL @ SAS,119,13,46,31,3
Dallas Mavericks,2024-11-27T00:00:00,DAL vs. NYK,129,17,43,27,4
Orlando Magic,2024-11-27T00:00:00,ORL vs. CHI,133,15,39,30,8
Atlanta Hawks,2024-11-27T00:00:00,ATL @ CLE,135,20,51,39,6
Sacramento Kings,2024-11-27T00:00:00,SAC @ MIN,115,12,47,28,3
Brooklyn Nets,2024-11-27T00:00:00,BKN @ PHX,127,18,36,32,1
Houston Rockets,2024-11-27T00:00:00,HOU @ PHI,122,10,51,23,14
Indiana Pacers,2024-11-27T00:00:00,IND vs. POR,121,13,47,27,10
Oklahoma City Thunder,2024-11-27T00:00:00,OKC @ GSW,105,11,48,26,9
Miami Heat,2024-11-27T00:00:00,MIA @ CHA,98,14,44,21,5
Golden State Warriors,2024-11-27T00:00:00,GSW vs. OKC,101,16,57,25,6
Charlotte Hornets,2024-11-27T00:00:00,CHA vs. MIA,94,17,43,22,5
Philadelphia 76ers,2024-11-27T00:00:00,PHI vs. HOU,115,12,42,19,7
Portland Trail Blazers,2024-11-27T00:00:00,POR @ IND,114,16,38,31,5
Phoenix Suns,2024-11-27T00:00:00,PHX vs. BKN,117,12,37,25,5
Cleveland Cavaliers,2024-11-27T00:00:00,CLE vs. ATL,124,15,44,31,5
Minnesota Timberwolves,2024-11-27T00:00:00,MIN vs. SAC,104,14,33,25,9
Chicago Bulls,2024-11-27T00:00:00,CHI @ ORL,119,16,37,30,6
New York Knicks,2024-11-27T00:00:00,NYK @ DAL,114,7,33,20,3
San Antonio Spurs,2024-11-27T00:00:00,SAS vs. LAL,101,14,38,26,4
Utah Jazz,2024-11-27T00:00:00,UTA vs. DEN,103,16,47,25,5
Detroit Pistons,2024-11-27T00:00:00,DET @ MEM,111,13,42,24,4
Washington Wizards,2024-11-27T00:00:00,WAS vs. LAC,96,8,40,21,4
New Orleans Pelicans,2024-11-27T00:00:00,NOP vs. TOR,93,11,47,24,4
Phoenix Suns,2024-11-26T00:00:00,PHX vs. LAL,127,17,46,31,3
Chicago Bulls,2024-11-26T00:00:00,CHI @ WAS,127,14,50,29,4
San Antonio Spurs,2024-11-26T00:00:00,SAS @ UTA,128,18,39,30,5
Houston Rockets,2024-11-26T00:00:00,HOU @ MIN,117,15,44,31,9
Milwaukee Bucks,2024-11-26T00:00:00,MIL @ MIA,106,20,41,23,7
Miami Heat,2024-11-26T00:00:00,MIA vs. MIL,103,10,38,26,2
Minnesota Timberwolves,2024-11-26T00:00:00,MIN vs. HOU,111,9,52,21,4
Utah Jazz,2024-11-26T00:00:00,UTA vs. SAS,115,13,41,24,4
Washington Wizards,2024-11-26T00:00:00,WAS vs. CHI,108,10,43,27,3
Los Angeles Lakers,2024-11-26T00:00:00,LAL @ PHX,100,8,42,25,6
Boston Celtics,2024-11-25T00:00:00,BOS vs. LAC,126,22,47,33,11
New York Knicks,2024-11-25T00:00:00,NYK @ DEN,145,19,43,45,4
Memphis Grizzlies,2024-11-25T00:00:00,MEM vs. POR,123,12,60,35,13
Oklahoma City Thunder,2024-11-25T00:00:00,OKC @ SAC,130,14,44,28,3
Orlando Magic,2024-11-25T00:00:00,ORL @ CHA,95,12,39,21,6
Dallas Mavericks,2024-11-25T00:00:00,DAL @ ATL,129,16,51,24,8
Brooklyn Nets,2024-11-25T00:00:00,BKN @ GSW,128,20,42,23,3
Indiana Pacers,2024-11-25T00:00:00,IND vs. NOP,114,17,41,30,2
Detroit Pistons,2024-11-25T00:00:00,DET vs. TOR,102,12,38,27,7
Toronto Raptors,2024-11-25T00:00:00,TOR @ DET,100,10,50,26,5
New Orleans Pelicans,2024-11-25T00:00:00,NOP @ IND,110,9,44,35,3
Golden State Warriors,2024-11-25T00:00:00,GSW vs. BKN,120,19,43,32,5
Atlanta Hawks,2024-11-25T00:00:00,ATL vs. DAL,119,9,39,32,6
Charlotte Hornets,2024-11-25T00:00:00,CHA vs. ORL,84,7,52,14,5
Sacramento Kings,2024-11-25T00:00:00,SAC vs. OKC,109,8,31,24,4
Portland Trail Blazers,2024-11-25T00:00:00,POR @ MEM,98,8,44,22,7
Denver Nuggets,2024-11-25T00:00:00,DEN vs. NYK,118,11,33,23,3
LA Clippers,2024-11-25T00:00:00,LAC @ BOS,94,7,44,18,3
LA Clippers,2024-11-24T00:00:00,LAC @ PHI,125,12,44,31,5
Cleveland Cavaliers,2024-11-24T00:00:00,CLE vs. TOR,122,16,49,27,4
Indiana Pacers,2024-11-24T00:00:00,IND vs. WAS,115,12,45,31,3
Miami Heat,2024-11-24T00:00:00,MIA vs. DAL,123,14,57,27,6
Brooklyn Nets,2024-11-24T00:00:00,BKN @ SAC,108,19,31,24,5
Boston Celtics,2024-11-24T00:00:00,BOS vs. MIN,107,21,40,25,7
Minnesota Timberwolves,2024-11-24T00:00:00,MIN @ BOS,105,15,49,19,1
Dallas Mavericks,2024-11-24T00:00:00,DAL @ MIA,118,10,59,29,9
Sacramento Kings,2024-11-24T00:00:00,SAC vs. BKN,103,9,44,21,6
Washington Wizards,2024-11-24T00:00:00,WAS @ IND,103,11,41,24,5
Toronto Raptors,2024-11-24T00:00:00,TOR @ CLE,108,12,55,22,5
Philadelphia 76ers,2024-11-24T00:00:00,PHI vs. LAC,99,9,33,22,5
Denver Nuggets,2024-11-23T00:00:00,DEN @ LAL,127,16,48,37,2
Utah Jazz,2024-11-23T00:00:00,UTA vs. NYK,121,19,52,30,4
Memphis Grizzlies,2024-11-23T00:00:00,MEM @ CHI,142,19,49,38,4
Orlando Magic,2024-11-23T00:00:00,ORL vs. DET,111,12,44,25,9
San Antonio Spurs,2024-11-23T00:00:00,SAS vs. GSW,104,13,48,29,9
Milwaukee Bucks,2024-11-23T00:00:00,MIL vs. CHA,125,18,51,20,9
Portland Trail Blazers,2024-11-23T00:00:00,POR @ HOU,104,18,53,16,12
Charlotte Hornets,2024-11-23T00:00:00,CHA @ MIL,119,19,48,22,5
Houston Rockets,2024-11-23T00:00:00,HOU vs. POR,98,8,43,17,5
Golden State Warriors,2024-11-23T00:00:00,GSW @ SAS,94,14,49,29,3
Chicago Bulls,2024-11-23T00:00:00,CHI vs. MEM,131,19,35,29,8
Detroit Pistons,2024-11-23T00:00:00,DET @ ORL,100,13,34,16,8
New York Knicks,2024-11-23T00:00:00,NYK @ UTA,106,17,40,25,10
Los Angeles Lakers,2024-11-23T00:00:00,LAL vs. DEN,102,13,32,27,3
Houston Rockets,2024-11-22T00:00:00,HOU vs. POR,116,15,51,27,5
LA Clippers,2024-11-22T00:00:00,LAC vs. SAC,104,10,54,27,3
Philadelphia 76ers,2024-11-22T00:00:00,PHI vs. BKN,113,16,40,25,9
Chicago Bulls,2024-11-22T00:00:00,CHI vs. ATL,136,19,41,36,10
Milwaukee Bucks,2024-11-22T00:00:00,MIL vs. IND,129,17,44,33,4
Boston Celtics,2024-11-22T00:00:00,BOS @ WAS,108,11,43,22,7
Golden State Warriors,2024-11-22T00:00:00,GSW @ NOP,112,12,52,27,5
Dallas Mavericks,2024-11-22T00:00:00,DAL @ DEN,123,10,44,24,5
Denver Nuggets,2024-11-22T00:00:00,DEN vs. DAL,120,15,42,33,7
New Orleans Pelicans,2024-11-22T00:00:00,NOP vs. GSW,108,12,43,28,9
Indiana Pacers,2024-11-22T00:00:00,IND @ MIL,117,11,46,30,6
Washington Wizards,2024-11-22T00:00:00,WAS vs. BOS,96,7,48,19,4
Atlanta Hawks,2024-11-22T00:00:00,ATL @ CHI,122,10,42,32,4
Brooklyn Nets,2024-11-22T00:00:00,BKN @ PHI,98,13,34,28,4
Sacramento Kings,2024-11-22T00:00:00,SAC @ LAC,88,7,48,19,8
Portland Trail Blazers,2024-11-22T00:00:00,POR @ HOU,88,11,45,17,8
San Antonio Spurs,2024-11-21T00:00:00,SAS vs. UTA,126,9,51,32,9
Toronto Raptors,2024-11-21T00:00:00,TOR vs. MIN,110,7,43,22,1
Charlotte Hornets,2024-11-21T00:00:00,CHA vs. DET,123,20,43,23,5
Orlando Magic,2024-11-21T00:00:00,ORL @ LAL,119,15,48,31,5
Los Angeles Lakers,2024-11-21T00:00:00,LAL vs. ORL,118,13,36,21,6
Detroit Pistons,2024-11-21T00:00:00,DET @ CHA,121,17,56,30,3
Minnesota Timberwolves,2024-11-21T00:00:00,MIN @ TOR,105,12,40,16,5
Utah Jazz,2024-11-21T00:00:00,UTA @ SAS,118,13,49,22,7
Cleveland Cavaliers,2024-11-20T00:00:00,CLE vs. NOP,128,18,52,29,9
Golden State Warriors,2024-11-20T00:00:00,GSW vs. ATL,120,14,54,36,7
Houston Rockets,2024-11-20T00:00:00,HOU vs. IND,130,12,47,25,2
New York Knicks,2024-11-20T00:00:00,NYK @ PHX,138,19,41,30,0
Milwaukee Bucks,2024-11-20T00:00:00,MIL vs. CHI,122,13,45,30,2
LA Clippers,2024-11-20T00:00:00,LAC vs. ORL,104,11,49,22,1
Oklahoma City Thunder,2024-11-20T00:00:00,OKC vs. POR,109,9,46,24,8
Memphis Grizzlies,2024-11-20T00:00:00,MEM vs. PHI,117,19,41,29,6
Philadelphia 76ers,2024-11-20T00:00:00,PHI @ MEM,111,11,41,21,6
Portland Trail Blazers,2024-11-20T00:00:00,POR @ OKC,99,15,49,18,7
Orlando Magic,2024-11-20T00:00:00,ORL @ LAC,93,8,24,21,7
Phoenix Suns,2024-11-20T00:00:00,PHX vs. NYK,122,19,34,30,2
Chicago Bulls,2024-11-20T00:00:00,CHI @ MIL,106,17,33,25,2
Indiana Pacers,2024-11-20T00:00:00,IND @ HOU,113,5,36,19,9
Atlanta Hawks,2024-11-20T00:00:00,ATL @ GSW,97,12,65,27,5
New Orleans Pelicans,2024-11-20T00:00:00,NOP @ CLE,100,8,40,23,3
Dallas Mavericks,2024-11-19T00:00:00,DAL vs. NOP,132,14,48,26,7
Denver Nuggets,2024-11-19T00:00:00,DEN @ MEM,122,12,53,29,6
Los Angeles Lakers,2024-11-19T00:00:00,LAL vs. UTA,124,14,34,30,5
San Antonio Spurs,2024-11-19T00:00:00,SAS vs. OKC,110,19,46,32,5
Boston Celtics,2024-11-19T00:00:00,BOS vs. CLE,120,22,42,32,4
Brooklyn Nets,2024-11-19T00:00:00,BKN vs. CHA,116,18,36,31,8
Charlotte Hornets,2024-11-19T00:00:00,CHA @ BKN,115,20,44,25,8
Cleveland Cavaliers,2024-11-19T00:00:00,CLE @ BOS,117,10,41,30,3
Utah Jazz,2024-11-19T00:00:00,UTA @ LAL,118,12,42,28,0
Oklahoma City Thunder,2024-11-19T00:00:00,OKC @ SAS,104,16,47,24,4
Memphis Grizzlies,2024-11-19T00:00:00,MEM vs. DEN,110,9,55,24,10
New Orleans Pelicans,2024-11-19T00:00:00,NOP @ DAL,91,11,37,19,4
New York Knicks,2024-11-18T00:00:00,NYK vs. WAS,134,20,41,37,1
Miami Heat,2024-11-18T00:00:00,MIA vs. PHI,106,13,53,26,2
Toronto Raptors,2024-11-18T00:00:00,TOR vs. IND,130,14,46,27,9
Chicago Bulls,2024-11-18T00:00:00,CHI @ DET,122,23,46,28,5
Orlando Magic,2024-11-18T00:00:00,ORL @ PHX,109,11,38,28,7
LA Clippers,2024-11-18T00:00:00,LAC vs. GSW,102,16,44,29,6
Atlanta Hawks,2024-11-18T00:00:00,ATL @ SAC,109,16,37,34,7
Milwaukee Bucks,2024-11-18T00:00:00,MIL vs. HOU,101,13,43,21,8
Sacramento Kings,2024-11-18T00:00:00,SAC vs. ATL,108,20,45,24,4
Houston Rockets,2024-11-18T00:00:00,HOU @ MIL,100,9,53,19,6
Golden State Warriors,2024-11-18T00:00:00,GSW @ LAC,99,16,45,27,4
Detroit Pistons,2024-11-18T00:00:00,DET vs. CHI,112,15,48,27,3
Phoenix Suns,2024-11-18T00:00:00,PHX vs. ORL,99,12,45,25,2
Indiana Pacers,2024-11-18T00:00:00,IND @ TOR,119,15,32,29,5
Philadelphia 76ers,2024-11-18T00:00:00,PHI @ MIA,89,10,42,25,3
Washington Wizards,2024-11-18T00:00:00,WAS @ NYK,106,11,41,23,3
Houston Rockets,2024-11-17T00:00:00,HOU @ CHI,143,10,66,34,9
Detroit Pistons,2024-11-17T00:00:00,DET @ WAS,124,17,51,27,4
Memphis Grizzlies,2024-11-17T00:00:00,MEM vs. DEN,105,13,45,31,10
Cleveland Cavaliers,2024-11-17T00:00:00,CLE vs. CHA,128,13,48,26,4
LA Clippers,2024-11-17T00:00:00,LAC vs. UTA,116,11,41,30,5
New York Knicks,2024-11-17T00:00:00,NYK vs. BKN,114,13,47,33,5
Indiana Pacers,2024-11-17T00:00:00,IND vs. MIA,119,13,45,30,6
Portland Trail Blazers,2024-11-17T00:00:00,POR vs. ATL,114,14,40,31,10
Minnesota Timberwolves,2024-11-17T00:00:00,MIN vs. PHX,120,17,32,27,6
Dallas Mavericks,2024-11-17T00:00:00,DAL @ OKC,121,11,53,18,5
Oklahoma City Thunder,2024-11-17T00:00:00,OKC vs. DAL,119,14,29,29,5
Phoenix Suns,2024-11-17T00:00:00,PHX @ MIN,117,14,41,29,2
Atlanta Hawks,2024-11-17T00:00:00,ATL @ POR,110,11,47,30,7
Miami Heat,2024-11-17T00:00:00,MIA @ IND,110,19,38,21,1
Brooklyn Nets,2024-11-17T00:00:00,BKN @ NYK,104,17,35,31,3
Utah Jazz,2024-11-17T00:00:00,UTA @ LAC,105,12,41,24,1
Charlotte Hornets,2024-11-17T00:00:00,CHA @ CLE,114,20,40,34,6
Denver Nuggets,2024-11-17T00:00:00,DEN @ MEM,90,10,39,23,5
Washington Wizards,2024-11-17T00:00:00,WAS vs. DET,104,12,39,21,3
Chicago Bulls,2024-11-17T00:00:00,CHI vs. HOU,107,14,47,26,7
Dallas Mavericks,2024-11-16T00:00:00,DAL vs. SAS,110,8,53,26,7
Los Angeles Lakers,2024-11-16T00:00:00,LAL @ NOP,104,12,43,24,3
Sacramento Kings,2024-11-16T00:00:00,SAC vs. UTA,121,19,35,24,3
Boston Celtics,2024-11-16T00:00:00,BOS vs. TOR,126,21,42,30,6
Charlotte Hornets,2024-11-16T00:00:00,CHA vs. MIL,115,15,53,25,4
Milwaukee Bucks,2024-11-16T00:00:00,MIL @ CHA,114,15,40,31,6
Toronto Raptors,2024-11-16T00:00:00,TOR @ BOS,123,9,46,35,2
Utah Jazz,2024-11-16T00:00:00,UTA @ SAC,117,12,33,16,3
New Orleans Pelicans,2024-11-16T00:00:00,NOP vs. LAL,99,11,50,24,4
San Antonio Spurs,2024-11-16T00:00:00,SAS @ DAL,93,11,45,21,9
Houston Rockets,2024-11-15T00:00:00,HOU vs. LAC,125,19,48,31,3
Cleveland Cavaliers,2024-11-15T00:00:00,CLE vs. CHI,144,21,40,33,6
Oklahoma City Thunder,2024-11-15T00:00:00,OKC vs. PHX,99,10,53,21,11
Miami Heat,2024-11-15T00:00:00,MIA @ IND,124,15,36,27,1
Atlanta Hawks,2024-11-15T00:00:00,ATL vs. WAS,129,12,55,28,10
Orlando Magic,2024-11-15T00:00:00,ORL vs. PHI,98,11,43,15,6
New Orleans Pelicans,2024-11-15T00:00:00,NOP vs. DEN,101,11,56,21,5
Golden State Warriors,2024-11-15T00:00:00,GSW vs. MEM,123,19,56,33,5
Los Angeles Lakers,2024-11-15T00:00:00,LAL @ SAS,120,14,41,27,3
Minnesota Timberwolves,2024-11-15T00:00:00,MIN @ SAC,130,20,41,26,4
Detroit Pistons,2024-11-15T00:00:00,DET @ TOR,99,8,56,24,8
New York Knicks,2024-11-15T00:00:00,NYK vs. BKN,124,13,45,25,6
Brooklyn Nets,2024-11-15T00:00:00,BKN @ NYK,122,19,37,27,2
Sacramento Kings,2024-11-15T00:00:00,SAC vs. MIN,126,12,51,21,7
Toronto Raptors,2024-11-15T00:00:00,TOR vs. DET,95,8,53,21,6
Memphis Grizzlies,2024-11-15T00:00:00,MEM @ GSW,118,7,54,22,11
San Antonio Spurs,2024-11-15T00:00:00,SAS vs. LAL,115,17,40,32,5
Denver Nuggets,2024-11-15T00:00:00,DEN @ NOP,94,10,38,26,1
Washington Wizards,2024-11-15T00:00:00,WAS @ ATL,117,15,52,28,5
Philadelphia 76ers,2024-11-15T00:00:00,PHI @ ORL,86,10,34,19,3
Indiana Pacers,2024-11-15T00:00:00,IND vs. MIA,111,14,39,28,4
Phoenix Suns,2024-11-15T00:00:00,PHX @ OKC,83,9,50,17,4
Chicago Bulls,2024-11-15T00:00:00,CHI @ CLE,126,20,36,32,4
LA Clippers,2024-11-15T00:00:00,LAC @ HOU,104,10,51,12,6
Utah Jazz,2024-11-14T00:00:00,UTA vs. DAL,115,13,40,25,2
Dallas Mavericks,2024-11-14T00:00:00,DAL @ UTA,113,12,30,25,10
Boston Celtics,2024-11-13T00:00:00,BOS @ BKN,139,22,45,35,6
Sacramento Kings,2024-11-13T00:00:00,SAC vs. PHX,127,15,45,38,8
Oklahoma City Thunder,2024-11-13T00:00:00,OKC vs. NOP,106,15,31,20,7
San Antonio Spurs,2024-11-13T00:00:00,SAS vs. WAS,139,18,39,38,7
Cleveland Cavaliers,2024-11-13T00:00:00,CLE @ PHI,114,16,46,25,1
Houston Rockets,2024-11-13T00:00:00,HOU vs. LAC,111,15,59,28,11
Portland Trail Blazers,2024-11-13T00:00:00,POR vs. MIN,106,9,47,17,10
Milwaukee Bucks,2024-11-13T00:00:00,MIL vs. DET,127,15,47,26,9
Los Angeles Lakers,2024-11-13T00:00:00,LAL vs. MEM,128,20,42,31,5
Orlando Magic,2024-11-13T00:00:00,ORL vs. IND,94,13,50,26,10
Chicago Bulls,2024-11-13T00:00:00,CHI @ NYK,124,14,40,31,6
New York Knicks,2024-11-13T00:00:00,NYK vs. CHI,123,15,40,31,3
Indiana Pacers,2024-11-13T00:00:00,IND @ ORL,90,10,41,22,6
Memphis Grizzlies,2024-11-13T00:00:00,MEM @ LAL,123,12,41,28,6
Detroit Pistons,2024-11-13T00:00:00,DET @ MIL,120,18,45,29,7
Philadelphia 76ers,2024-11-13T00:00:00,PHI vs. CLE,106,14,45,24,2
LA Clippers,2024-11-13T00:00:00,LAC @ HOU,103,14,42,27,3
Minnesota Timberwolves,2024-11-13T00:00:00,MIN @ POR,98,7,41,16,3
Washington Wizards,2024-11-13T00:00:00,WAS @ SAS,130,18,41,27,5
New Orleans Pelicans,2024-11-13T00:00:00,NOP @ OKC,88,9,58,21,4
Phoenix Suns,2024-11-13T00:00:00,PHX @ SAC,104,13,40,23,2
Brooklyn Nets,2024-11-13T00:00:00,BKN vs. BOS,114,19,34,26,3
Orlando Magic,2024-11-12T00:00:00,ORL vs. CHA,114,13,43,25,7
Portland Trail Blazers,2024-11-12T00:00:00,POR vs. MIN,122,18,39,30,7
Milwaukee Bucks,2024-11-12T00:00:00,MIL vs. TOR,99,16,47,25,9
New York Knicks,2024-11-12T00:00:00,NYK @ PHI,111,9,47,31,5
Phoenix Suns,2024-11-12T00:00:00,PHX @ UTA,120,18,42,21,11
Golden State Warriors,2024-11-12T00:00:00,GSW vs. DAL,120,14,50,29,7
Detroit Pistons,2024-11-12T00:00:00,DET vs. MIA,123,13,56,32,4
Atlanta Hawks,2024-11-12T00:00:00,ATL @ BOS,117,10,44,35,2
Boston Celtics,2024-11-12T00:00:00,BOS vs. ATL,116,18,34,28,5
Miami Heat,2024-11-12T00:00:00,MIA @ DET,121,17,43,25,3
Dallas Mavericks,2024-11-12T00:00:00,DAL @ GSW,117,11,40,26,1
Utah Jazz,2024-11-12T00:00:00,UTA vs. PHX,112,15,39,32,3
Philadelphia 76ers,2024-11-12T00:00:00,PHI vs. NYK,99,14,40,19,6
Minnesota Timberwolves,2024-11-12T00:00:00,MIN @ POR,108,13,32,22,4
Toronto Raptors,2024-11-12T00:00:00,TOR @ MIL,85,9,54,20,6
Charlotte Hornets,2024-11-12T00:00:00,CHA @ ORL,89,13,48,22,3
San Antonio Spurs,2024-11-11T00:00:00,SAS vs. SAC,116,22,44,31,5
Houston Rockets,2024-11-11T00:00:00,HOU vs. WAS,107,5,58,13,10
Oklahoma City Thunder,2024-11-11T00:00:00,OKC vs. LAC,134,18,29,31,5
Cleveland Cavaliers,2024-11-11T00:00:00,CLE @ CHI,119,15,43,26,3
Brooklyn Nets,2024-11-11T00:00:00,BKN @ NOP,107,19,46,24,5
New Orleans Pelicans,2024-11-11T00:00:00,NOP vs. BKN,105,10,45,31,4
LA Clippers,2024-11-11T00:00:00,LAC @ OKC,128,20,47,31,5
Chicago Bulls,2024-11-11T00:00:00,CHI vs. CLE,113,14,51,26,5
Washington Wizards,2024-11-11T00:00:00,WAS @ HOU,92,11,34,21,5
Sacramento Kings,2024-11-11T00:00:00,SAC @ SAS,96,10,37,18,4
Memphis Grizzlies,2024-11-10T00:00:00,MEM @ POR,134,16,51,32,13
Orlando Magic,2024-11-10T00:00:00,ORL vs. WAS,121,17,44,25,5
Los Angeles Lakers,2024-11-10T00:00:00,LAL vs. TOR,123,12,33,30,4
Indiana Pacers,2024-11-10T00:00:00,IND vs. NYK,132,21,32,27,4
Golden State Warriors,2024-11-10T00:00:00,GSW @ OKC,127,21,46,35,3
Sacramento Kings,2024-11-10T00:00:00,SAC @ PHX,127,11,57,23,3
Boston Celtics,2024-11-10T00:00:00,BOS @ MIL,113,19,42,27,2
Denver Nuggets,2024-11-10T00:00:00,DEN vs. DAL,122,14,45,35,5
Philadelphia 76ers,2024-11-10T00:00:00,PHI vs. CHA,107,9,40,24,1
Houston Rockets,2024-11-10T00:00:00,HOU @ DET,101,7,53,19,5
Miami Heat,2024-11-10T00:00:00,MIA @ MIN,95,11,43,18,9
Minnesota Timberwolves,2024-11-10T00:00:00,MIN vs. MIA,94,13,47,22,5
Dallas Mavericks,2024-11-10T00:00:00,DAL @ DEN,120,10,42,29,5
Charlotte Hornets,2024-11-10T00:00:00,CHA @ PHI,105,14,50,22,5
Detroit Pistons,2024-11-10T00:00:00,DET vs. HOU,99,11,46,21,6
Milwaukee Bucks,2024-11-10T00:00:00,MIL vs. BOS,107,13,41,21,8
Phoenix Suns,2024-11-10T00:00:00,PHX vs. SAC,118,18,48,30,3
New York Knicks,2024-11-10T00:00:00,NYK @ IND,121,7,39,23,3
Oklahoma City Thunder,2024-11-10T00:00:00,OKC vs. GSW,116,11,41,25,6
Toronto Raptors,2024-11-10T00:00:00,TOR @ LAL,103,10,40,26,2
Washington Wizards,2024-11-10T00:00:00,WAS @ ORL,94,10,37,20,7
Portland Trail Blazers,2024-11-10T00:00:00,POR vs. MEM,89,4,43,18,3
Chicago Bulls,2024-11-09T00:00:00,CHI @ ATL,125,13,47,30,6
Cleveland Cavaliers,2024-11-09T00:00:00,CLE vs. BKN,105,10,33,24,5
LA Clippers,2024-11-09T00:00:00,LAC vs. TOR,105,10,47,18,8
Utah Jazz,2024-11-09T00:00:00,UTA @ SAS,111,10,45,23,4
San Antonio Spurs,2024-11-09T00:00:00,SAS vs. UTA,110,17,37,29,10
Toronto Raptors,2024-11-09T00:00:00,TOR @ LAC,103,11,44,26,5
Brooklyn Nets,2024-11-09T00:00:00,BKN @ CLE,100,15,36,21,2
Atlanta Hawks,2024-11-09T00:00:00,ATL vs. CHI,113,9,39,31,5
Orlando Magic,2024-11-08T00:00:00,ORL vs. NOP,115,8,43,28,8
Minnesota Timberwolves,2024-11-08T00:00:00,MIN vs. POR,127,22,49,32,7
Memphis Grizzlies,2024-11-08T00:00:00,MEM vs. WAS,128,14,50,30,10
New York Knicks,2024-11-08T00:00:00,NYK vs. MIL,116,14,48,35,3
Charlotte Hornets,2024-11-08T00:00:00,CHA vs. IND,103,17,56,23,7
Cleveland Cavaliers,2024-11-08T00:00:00,CLE vs. GSW,136,20,43,33,7
Oklahoma City Thunder,2024-11-08T00:00:00,OKC vs. HOU,126,14,41,24,8
Denver Nuggets,2024-11-08T00:00:00,DEN vs. MIA,135,18,39,37,5
Los Angeles Lakers,2024-11-08T00:00:00,LAL vs. PHI,116,16,45,28,13
LA Clippers,2024-11-08T00:00:00,LAC @ SAC,107,14,48,20,2
Boston Celtics,2024-11-08T00:00:00,BOS vs. BKN,108,14,39,23,9
Detroit Pistons,2024-11-08T00:00:00,DET vs. ATL,122,13,45,27,8
Phoenix Suns,2024-11-08T00:00:00,PHX @ DAL,114,15,37,26,2
Atlanta Hawks,2024-11-08T00:00:00,ATL @ DET,121,15,44,30,7
Dallas Mavericks,2024-11-08T00:00:00,DAL vs. PHX,113,11,39,18,1
Brooklyn Nets,2024-11-08T00:00:00,BKN @ BOS,104,10,51,24,3
Sacramento Kings,2024-11-08T00:00:00,SAC vs. LAC,98,3,35,19,3
Philadelphia 76ers,2024-11-08T00:00:00,PHI @ LAL,106,13,44,28,4
Miami Heat,2024-11-08T00:00:00,MIA @ DEN,122,20,33,33,1
Golden State Warriors,2024-11-08T00:00:00,GSW @ CLE,117,13,40,32,4
Houston Rockets,2024-11-08T00:00:00,HOU @ OKC,107,11,48,19,3
Indiana Pacers,2024-11-08T00:00:00,IND @ CHA,83,9,37,24,4
Milwaukee Bucks,2024-11-08T00:00:00,MIL @ NYK,94,7,41,20,5
Washington Wizards,2024-11-08T00:00:00,WAS @ MEM,104,9,41,27,8
Portland Trail Blazers,2024-11-08T00:00:00,POR @ MIN,102,6,37,13,7
New Orleans Pelicans,2024-11-08T00:00:00,NOP @ ORL,88,10,31,18,1
Milwaukee Bucks,2024-11-07T00:00:00,MIL vs. UTA,123,15,41,20,3
Minnesota Timberwolves,2024-11-07T00:00:00,MIN @ CHI,135,16,40,29,4
San Antonio Spurs,2024-11-07T00:00:00,SAS vs. POR,118,16,45,35,4
Portland Trail Blazers,2024-11-07T00:00:00,POR @ SAS,105,9,41,23,3
Chicago Bulls,2024-11-07T00:00:00,CHI vs. MIN,119,15,32,30,4
Utah Jazz,2024-11-07T00:00:00,UTA @ MIL,100,17,39,24,5
Houston Rockets,2024-11-06T00:00:00,HOU vs. SAS,127,10,45,28,5
Dallas Mavericks,2024-11-06T00:00:00,DAL vs. CHI,119,12,47,33,4
Memphis Grizzlies,2024-11-06T00:00:00,MEM vs. LAL,131,17,50,28,6
Sacramento Kings,2024-11-06T00:00:00,SAC vs. TOR,122,10,47,26,5
LA Clippers,2024-11-06T00:00:00,LAC vs. PHI,110,12,29,27,1
Cleveland Cavaliers,2024-11-06T00:00:00,CLE @ NOP,131,17,46,33,10
Indiana Pacers,2024-11-06T00:00:00,IND vs. ORL,118,12,36,21,3
Golden State Warriors,2024-11-06T00:00:00,GSW @ BOS,118,14,53,22,5
Atlanta Hawks,2024-11-06T00:00:00,ATL vs. NYK,121,15,48,31,4
Phoenix Suns,2024-11-06T00:00:00,PHX vs. MIA,115,18,46,29,6
Denver Nuggets,2024-11-06T00:00:00,DEN vs. OKC,124,16,55,34,6
Charlotte Hornets,2024-11-06T00:00:00,CHA vs. DET,108,14,47,22,4
Detroit Pistons,2024-11-06T00:00:00,DET @ CHA,107,10,46,34,4
Oklahoma City Thunder,2024-11-06T00:00:00,OKC @ DEN,122,16,47,29,6
Miami Heat,2024-11-06T00:00:00,MIA @ PHX,112,13,43,27,3
New York Knicks,2024-11-06T00:00:00,NYK @ ATL,116,22,41,29,5
Boston Celtics,2024-11-06T00:00:00,BOS vs. GSW,112,19,47,22,3
Orlando Magic,2024-11-06T00:00:00,ORL @ IND,111,7,38,26,5
New Orleans Pelicans,2024-11-06T00:00:00,NOP vs. CLE,122,13,33,21,8
Philadelphia 76ers,2024-11-06T00:00:00,PHI @ LAC,98,7,32,19,2
Toronto Raptors,2024-11-06T00:00:00,TOR @ SAC,107,10,34,25,1
Los Angeles Lakers,2024-11-06T00:00:00,LAL @ MEM,114,15,37,23,1
Chicago Bulls,2024-11-06T00:00:00,CHI @ DAL,99,12,51,25,2
San Antonio Spurs,2024-11-06T00:00:00,SAS @ HOU,100,14,41,20,6
Boston Celtics,2024-11-04T00:00:00,BOS @ ATL,123,18,50,27,7
Minnesota Timberwolves,2024-11-04T00:00:00,MIN vs. CHA,114,18,45,23,8
Portland Trail Blazers,2024-11-04T00:00:00,POR @ NOP,118,10,38,21,5
Oklahoma City Thunder,2024-11-04T00:00:00,OKC vs. ORL,102,12,42,23,4
Golden State Warriors,2024-11-04T00:00:00,GSW @ WAS,125,12,56,29,7
Detroit Pistons,2024-11-04T00:00:00,DET vs. LAL,115,8,55,22,5
Houston Rockets,2024-11-04T00:00:00,HOU vs. NYK,109,8,50,21,6
Utah Jazz,2024-11-04T00:00:00,UTA @ CHI,135,16,49,35,6
LA Clippers,2024-11-04T00:00:00,LAC vs. SAS,113,19,44,25,7
Indiana Pacers,2024-11-04T00:00:00,IND @ DAL,134,13,46,30,3
Denver Nuggets,2024-11-04T00:00:00,DEN vs. TOR,121,10,44,29,10
Phoenix Suns,2024-11-04T00:00:00,PHX vs. PHI,118,11,43,24,4
Cleveland Cavaliers,2024-11-04T00:00:00,CLE vs. MIL,116,17,39,28,4
Brooklyn Nets,2024-11-04T00:00:00,BKN vs. MEM,106,13,37,28,1
Sacramento Kings,2024-11-04T00:00:00,SAC @ MIA,111,10,39,23,4
Miami Heat,2024-11-04T00:00:00,MIA vs. SAC,110,15,36,24,6
Toronto Raptors,2024-11-04T00:00:00,TOR @ DEN,119,13,41,38,3
Philadelphia 76ers,2024-11-04T00:00:00,PHI @ PHX,116,20,38,27,4
Milwaukee Bucks,2024-11-04T00:00:00,MIL @ CLE,114,17,49,21,6
Memphis Grizzlies,2024-11-04T00:00:00,MEM @ BKN,104,8,44,29,8
Dallas Mavericks,2024-11-04T00:00:00,DAL vs. IND,127,15,38,29,3
Chicago Bulls,2024-11-04T00:00:00,CHI vs. UTA,126,14,36,36,7
San Antonio Spurs,2024-11-04T00:00:00,SAS @ LAC,104,11,45,22,10
Los Angeles Lakers,2024-11-04T00:00:00,LAL @ DET,103,9,37,28,1
New York Knicks,2024-11-04T00:00:00,NYK @ HOU,97,11,39,20,4
Washington Wizards,2024-11-04T00:00:00,WAS vs. GSW,112,10,47,29,8
Orlando Magic,2024-11-04T00:00:00,ORL @ OKC,86,5,41,20,5
New Orleans Pelicans,2024-11-04T00:00:00,NOP vs. POR,100,10,34,24,3
Charlotte Hornets,2024-11-04T00:00:00,CHA @ MIN,93,10,38,19,1
Atlanta Hawks,2024-11-04T00:00:00,ATL vs. BOS,93,6,43,23,3
Dallas Mavericks,2024-11-03T00:00:00,DAL vs. ORL,108,10,53,25,5
Atlanta Hawks,2024-11-03T00:00:00,ATL @ NOP,126,15,41,29,3
Detroit Pistons,2024-11-03T00:00:00,DET @ BKN,106,11,47,25,6
Brooklyn Nets,2024-11-03T00:00:00,BKN vs. DET,92,9,27,23,3
New Orleans Pelicans,2024-11-03T00:00:00,NOP vs. ATL,111,16,43,22,3
Orlando Magic,2024-11-03T00:00:00,ORL @ DAL,85,8,43,19,4
Denver Nuggets,2024-11-02T00:00:00,DEN vs. UTA,129,16,52,33,1
Miami Heat,2024-11-02T00:00:00,MIA @ WAS,118,15,65,19,3
Memphis Grizzlies,2024-11-02T00:00:00,MEM @ PHI,124,12,52,35,6
Oklahoma City Thunder,2024-11-02T00:00:00,OKC @ LAC,105,16,41,25,3
Boston Celtics,2024-11-02T00:00:00,BOS @ CHA,113,16,44,23,4
San Antonio Spurs,2024-11-02T00:00:00,SAS vs. MIN,113,13,44,32,5
Golden State Warriors,2024-11-02T00:00:00,GSW @ HOU,127,15,47,26,4
Phoenix Suns,2024-11-02T00:00:00,PHX vs. POR,103,17,63,29,8
Toronto Raptors,2024-11-02T00:00:00,TOR vs. SAC,131,17,46,31,3
Cleveland Cavaliers,2024-11-02T00:00:00,CLE @ MIL,114,15,45,31,2
Milwaukee Bucks,2024-11-02T00:00:00,MIL vs. CLE,113,18,45,24,3
Sacramento Kings,2024-11-02T00:00:00,SAC @ TOR,128,10,49,21,3
Houston Rockets,2024-11-02T00:00:00,HOU vs. GSW,121,15,49,27,6
Portland Trail Blazers,2024-11-02T00:00:00,POR @ PHX,97,14,56,17,5
Charlotte Hornets,2024-11-02T00:00:00,CHA vs. BOS,103,17,34,24,1
Minnesota Timberwolves,2024-11-02T00:00:00,MIN @ SAS,103,11,32,21,2
LA Clippers,2024-11-02T00:00:00,LAC vs. OKC,92,11,50,23,7
Philadelphia 76ers,2024-11-02T00:00:00,PHI vs. MEM,107,19,33,22,5
Washington Wizards,2024-11-02T00:00:00,WAS @ MIA,98,7,44,23,10
Utah Jazz,2024-11-02T00:00:00,UTA @ DEN,103,13,39,24,8
New York Knicks,2024-11-01T00:00:00,NYK @ DET,128,18,45,31,3
Oklahoma City Thunder,2024-11-01T00:00:00,OKC @ POR,137,19,45,31,9
Boston Celtics,2024-11-01T00:00:00,BOS @ CHA,124,13,41,21,5
Cleveland Cavaliers,2024-11-01T00:00:00,CLE vs. ORL,120,15,49,25,4
Sacramento Kings,2024-11-01T00:00:00,SAC @ ATL,123,11,51,28,4
Brooklyn Nets,2024-11-01T00:00:00,BKN vs. CHI,120,11,46,34,6
New Orleans Pelicans,2024-11-01T00:00:00,NOP vs. IND,125,12,46,28,4
Los Angeles Lakers,2024-11-01T00:00:00,LAL @ TOR,131,11,43,29,5
Minnesota Timberwolves,2024-11-01T00:00:00,MIN vs. DEN,119,18,38,34,9
Denver Nuggets,2024-11-01T00:00:00,DEN @ MIN,116,11,46,30,2
Toronto Raptors,2024-11-01T00:00:00,TOR vs. LAL,125,10,44,35,6
Indiana Pacers,2024-11-01T00:00:00,IND @ NOP,118,16,39,35,3
Atlanta Hawks,2024-11-01T00:00:00,ATL vs. SAC,115,19,40,30,4
Chicago Bulls,2024-11-01T00:00:00,CHI @ BKN,112,17,44,24,3
Orlando Magic,2024-11-01T00:00:00,ORL @ CLE,109,11,39,26,4
Charlotte Hornets,2024-11-01T00:00:00,CHA vs. BOS,109,19,42,20,5
Portland Trail Blazers,2024-11-01T00:00:00,POR vs. OKC,114,15,36,27,5
Detroit Pistons,2024-11-01T00:00:00,DET vs. NYK,98,11,38,23,9
Memphis Grizzlies,2024-10-31T00:00:00,MEM vs. MIL,122,8,56,26,3
San Antonio Spurs,2024-10-31T00:00:00,SAS @ UTA,106,12,42,25,7
Phoenix Suns,2024-10-31T00:00:00,PHX @ LAC,125,18,39,29,4
Houston Rockets,2024-10-31T00:00:00,HOU @ DAL,108,8,50,21,4
LA Clippers,2024-10-31T00:00:00,LAC vs. PHX,119,12,48,27,8
Dallas Mavericks,2024-10-31T00:00:00,DAL vs. HOU,102,10,37,21,7
Utah Jazz,2024-10-31T00:00:00,UTA vs. SAS,88,7,53,19,6
Milwaukee Bucks,2024-10-31T00:00:00,MIL @ MEM,99,9,38,20,4
Cleveland Cavaliers,2024-10-30T00:00:00,CLE vs. LAL,134,17,36,37,2
Golden State Warriors,2024-10-30T00:00:00,GSW vs. NOP,104,13,42,32,9
Washington Wizards,2024-10-30T00:00:00,WAS vs. ATL,133,16,37,32,5
Brooklyn Nets,2024-10-30T00:00:00,BKN @ MEM,119,15,34,27,2
Oklahoma City Thunder,2024-10-30T00:00:00,OKC vs. SAS,105,17,39,28,6
Detroit Pistons,2024-10-30T00:00:00,DET @ PHI,105,15,49,23,5
New York Knicks,2024-10-30T00:00:00,NYK @ MIA,116,18,42,30,4
Charlotte Hornets,2024-10-30T00:00:00,CHA vs. TOR,138,20,38,31,8
Indiana Pacers,2024-10-30T00:00:00,IND vs. BOS,135,15,57,33,5
Chicago Bulls,2024-10-30T00:00:00,CHI vs. ORL,102,13,54,23,2
Portland Trail Blazers,2024-10-30T00:00:00,POR @ LAC,106,14,47,19,6
LA Clippers,2024-10-30T00:00:00,LAC vs. POR,105,13,49,26,5
Boston Celtics,2024-10-30T00:00:00,BOS @ IND,132,19,51,23,5
Orlando Magic,2024-10-30T00:00:00,ORL @ CHI,99,11,42,25,8
Toronto Raptors,2024-10-30T00:00:00,TOR @ CHA,133,9,41,37,5
Miami Heat,2024-10-30T00:00:00,MIA vs. NYK,107,17,39,27,3
Philadelphia 76ers,2024-10-30T00:00:00,PHI vs. DET,95,8,37,17,4
San Antonio Spurs,2024-10-30T00:00:00,SAS @ OKC,93,12,52,22,6
Atlanta Hawks,2024-10-30T00:00:00,ATL @ WAS,120,12,41,28,3
Memphis Grizzlies,2024-10-30T00:00:00,MEM vs. BKN,106,8,38,27,3
New Orleans Pelicans,2024-10-30T00:00:00,NOP @ GSW,89,11,49,24,6
Los Angeles Lakers,2024-10-30T00:00:00,LAL @ CLE,110,6,37,21,0
Golden State Warriors,2024-10-29T00:00:00,GSW vs. NOP,124,21,34,34,9
Sacramento Kings,2024-10-29T00:00:00,SAC @ UTA,113,8,49,26,9
Dallas Mavericks,2024-10-29T00:00:00,DAL @ MIN,120,16,40,25,2
Denver Nuggets,2024-10-29T00:00:00,DEN @ BKN,144,13,43,31,4
Brooklyn Nets,2024-10-29T00:00:00,BKN vs. DEN,139,20,41,37,6
Minnesota Timberwolves,2024-10-29T00:00:00,MIN vs. DAL,114,19,42,33,2
Utah Jazz,2024-10-29T00:00:00,UTA vs. SAC,96,14,42,24,4
New Orleans Pelicans,2024-10-29T00:00:00,NOP @ GSW,106,9,44,23,6
Sacramento Kings,2024-10-28T00:00:00,SAC vs. POR,111,14,40,25,6
Boston Celtics,2024-10-28T00:00:00,BOS vs. MIL,119,18,38,24,5
Dallas Mavericks,2024-10-28T00:00:00,DAL vs. UTA,110,11,50,27,12
Miami Heat,2024-10-28T00:00:00,MIA vs. DET,106,15,44,24,3
Cleveland Cavaliers,2024-10-28T00:00:00,CLE @ NYK,110,12,41,21,5
Houston Rockets,2024-10-28T00:00:00,HOU @ SAS,106,15,43,20,2
Orlando Magic,2024-10-28T00:00:00,ORL vs. IND,119,13,46,26,6
Phoenix Suns,2024-10-28T00:00:00,PHX vs. LAL,109,11,46,21,11
Chicago Bulls,2024-10-28T00:00:00,CHI @ MEM,126,25,50,36,6
Denver Nuggets,2024-10-28T00:00:00,DEN @ TOR,127,9,52,29,6
Washington Wizards,2024-10-28T00:00:00,WAS @ ATL,121,21,43,24,3
Toronto Raptors,2024-10-28T00:00:00,TOR vs. DEN,125,10,54,30,7
Atlanta Hawks,2024-10-28T00:00:00,ATL vs. WAS,119,15,39,32,7
Memphis Grizzlies,2024-10-28T00:00:00,MEM vs. CHI,123,14,60,37,9
Indiana Pacers,2024-10-28T00:00:00,IND @ ORL,115,13,44,25,4
Los Angeles Lakers,2024-10-28T00:00:00,LAL @ PHX,105,14,46,25,6
San Antonio Spurs,2024-10-28T00:00:00,SAS vs. HOU,101,10,49,22,6
New York Knicks,2024-10-28T00:00:00,NYK vs. CLE,104,9,43,22,3
Utah Jazz,2024-10-28T00:00:00,UTA @ DAL,102,10,50,24,5
Detroit Pistons,2024-10-28T00:00:00,DET @ MIA,98,14,54,14,6
Milwaukee Bucks,2024-10-28T00:00:00,MIL @ BOS,108,8,43,18,6
Portland Trail Blazers,2024-10-28T00:00:00,POR @ SAC,98,4,46,17,4
Oklahoma City Thunder,2024-10-27T00:00:00,OKC vs. ATL,128,16,45,26,12
Portland Trail Blazers,2024-10-27T00:00:00,POR vs. NOP,125,14,51,25,8
Brooklyn Nets,2024-10-27T00:00:00,BKN vs. MIL,115,16,47,23,3
LA Clippers,2024-10-27T00:00:00,LAC @ GSW,112,10,48,27,2
Philadelphia 76ers,2024-10-27T00:00:00,PHI @ IND,118,11,54,15,4
Indiana Pacers,2024-10-27T00:00:00,IND vs. PHI,114,13,37,28,4
Golden State Warriors,2024-10-27T00:00:00,GSW vs. LAC,104,14,47,19,5
Milwaukee Bucks,2024-10-27T00:00:00,MIL @ BKN,102,10,43,20,3
New Orleans Pelicans,2024-10-27T00:00:00,NOP @ POR,103,8,39,24,8
Atlanta Hawks,2024-10-27T00:00:00,ATL @ OKC,104,10,49,24,4
Cleveland Cavaliers,2024-10-26T00:00:00,CLE @ WAS,135,18,48,27,10
Oklahoma City Thunder,2024-10-26T00:00:00,OKC @ CHI,114,8,54,21,5
Memphis Grizzlies,2024-10-26T00:00:00,MEM vs. ORL,124,13,42,38,5
Phoenix Suns,2024-10-26T00:00:00,PHX vs. DAL,114,14,47,26,4
Minnesota Timberwolves,2024-10-26T00:00:00,MIN vs. TOR,112,14,41,29,8
Miami Heat,2024-10-26T00:00:00,MIA @ CHA,114,14,43,33,6
Boston Celtics,2024-10-26T00:00:00,BOS @ DET,124,22,37,19,6
LA Clippers,2024-10-26T00:00:00,LAC @ DEN,109,12,44,30,5
Los Angeles Lakers,2024-10-26T00:00:00,LAL vs. SAC,131,14,45,32,3
San Antonio Spurs,2024-10-26T00:00:00,SAS vs. HOU,109,8,49,23,7
Houston Rockets,2024-10-26T00:00:00,HOU @ SAS,106,13,34,21,3
Sacramento Kings,2024-10-26T00:00:00,SAC @ LAL,127,15,32,32,5
Denver Nuggets,2024-10-26T00:00:00,DEN vs. LAC,104,14,37,20,4
Detroit Pistons,2024-10-26T00:00:00,DET vs. BOS,118,14,44,27,7
Charlotte Hornets,2024-10-26T00:00:00,CHA vs. MIA,106,13,46,20,5
Toronto Raptors,2024-10-26T00:00:00,TOR @ MIN,101,10,46,29,4
Dallas Mavericks,2024-10-26T00:00:00,DAL @ PHX,102,13,46,22,2
Orlando Magic,2024-10-26T00:00:00,ORL @ MEM,111,17,41,21,6
Washington Wizards,2024-10-26T00:00:00,WAS vs. CLE,116,15,46,25,9
Chicago Bulls,2024-10-26T00:00:00,CHI vs. OKC,95,15,61,23,2
Golden State Warriors,2024-10-25T00:00:00,GSW @ UTA,127,20,60,35,6
New York Knicks,2024-10-25T00:00:00,NYK vs. IND,123,12,43,19,4
Houston Rockets,2024-10-25T00:00:00,HOU vs. MEM,128,17,64,20,4
Orlando Magic,2024-10-25T00:00:00,ORL vs. BKN,116,15,39,28,7
Cleveland Cavaliers,2024-10-25T00:00:00,CLE vs. DET,113,13,39,28,4
Chicago Bulls,2024-10-25T00:00:00,CHI @ MIL,133,21,46,30,4
Toronto Raptors,2024-10-25T00:00:00,TOR vs. PHI,115,6,54,25,13
Los Angeles Lakers,2024-10-25T00:00:00,LAL vs. PHX,123,14,37,33,5
Atlanta Hawks,2024-10-25T00:00:00,ATL vs. CHA,125,14,39,25,9
New Orleans Pelicans,2024-10-25T00:00:00,NOP @ POR,105,12,44,25,8
Portland Trail Blazers,2024-10-25T00:00:00,POR vs. NOP,103,13,48,26,11
Charlotte Hornets,2024-10-25T00:00:00,CHA @ ATL,120,21,53,22,4
Phoenix Suns,2024-10-25T00:00:00,PHX @ LAL,116,17,34,35,4
Philadelphia 76ers,2024-10-25T00:00:00,PHI @ TOR,107,9,28,19,5
Milwaukee Bucks,2024-10-25T00:00:00,MIL vs. CHI,122,13,47,24,3
Detroit Pistons,2024-10-25T00:00:00,DET @ CLE,101,13,42,25,5
Brooklyn Nets,2024-10-25T00:00:00,BKN @ ORL,101,14,37,22,3
Memphis Grizzlies,2024-10-25T00:00:00,MEM @ HOU,108,10,43,24,8
Indiana Pacers,2024-10-25T00:00:00,IND @ NYK,98,3,33,28,6
Utah Jazz,2024-10-25T00:00:00,UTA vs. GSW,86,9,45,18,5
Boston Celtics,2024-10-24T00:00:00,BOS @ WAS,122,17,49,21,3
Oklahoma City Thunder,2024-10-24T00:00:00,OKC @ DEN,102,8,49,23,13
Dallas Mavericks,2024-10-24T00:00:00,DAL vs. SAS,120,19,50,27,5
Minnesota Timberwolves,2024-10-24T00:00:00,MIN @ SAC,117,20,42,24,2
Sacramento Kings,2024-10-24T00:00:00,SAC vs. MIN,115,11,38,21,2
San Antonio Spurs,2024-10-24T00:00:00,SAS @ DAL,109,12,52,30,5
Denver Nuggets,2024-10-24T00:00:00,DEN vs. OKC,87,7,57,29,7
Washington Wizards,2024-10-24T00:00:00,WAS vs. BOS,102,7,40,27,6
Golden State Warriors,2024-10-23T00:00:00,GSW @ POR,140,20,57,38,5
Cleveland Cavaliers,2024-10-23T00:00:00,CLE @ TOR,136,14,36,29,9
Orlando Magic,2024-10-23T00:00:00,ORL @ MIA,116,18,57,28,8
Milwaukee Bucks,2024-10-23T00:00:00,MIL @ PHI,124,16,46,27,9
New Orleans Pelicans,2024-10-23T00:00:00,NOP vs. CHI,123,14,42,29,10
Indiana Pacers,2024-10-23T00:00:00,IND @ DET,115,9,39,32,8
Charlotte Hornets,2024-10-23T00:00:00,CHA @ HOU,110,15,56,20,10
Atlanta Hawks,2024-10-23T00:00:00,ATL vs. BKN,120,9,45,25,9
Phoenix Suns,2024-10-23T00:00:00,PHX @ LAC,116,15,42,25,9
Memphis Grizzlies,2024-10-23T00:00:00,MEM @ UTA,126,17,41,28,5
Utah Jazz,2024-10-23T00:00:00,UTA vs. MEM,124,10,49,21,9
LA Clippers,2024-10-23T00:00:00,LAC vs. PHX,113,8,51,27,1
Brooklyn Nets,2024-10-23T00:00:00,BKN @ ATL,116,17,43,21,6
Houston Rockets,2024-10-23T00:00:00,HOU vs. CHA,105,13,43,19,4
Detroit Pistons,2024-10-23T00:00:00,DET vs. IND,109,9,38,22,2
Chicago Bulls,2024-10-23T00:00:00,CHI @ NOP,111,10,47,26,2
Philadelphia 76ers,2024-10-23T00:00:00,PHI vs. MIL,109,8,49,18,2
Miami Heat,2024-10-23T00:00:00,MIA vs. ORL,97,11,41,24,8
Toronto Raptors,2024-10-23T00:00:00,TOR vs. CLE,106,12,38,25,6
Portland Trail Blazers,2024-10-23T00:00:00,POR vs. GSW,104,8,42,21,4
Boston Celtics,2024-10-22T00:00:00,BOS vs. NYK,132,29,40,33,3
Los Angeles Lakers,2024-10-22T00:00:00,LAL vs. MIN,110,5,46,22,8
Minnesota Timberwolves,2024-10-22T00:00:00,MIN @ LAL,103,13,47,17,1
New York Knicks,2024-10-22T00:00:00,NYK @ BOS,109,11,34,20,3
Golden State Warriors,2024-10-18T00:00:00,GSW vs. LAL,132,13,36,38,9
Portland Trail Blazers,2024-10-18T00:00:00,POR vs. UTA,124,12,56,34,10
Orlando Magic,2024-10-18T00:00:00,ORL vs. PHI,114,12,43,32,10
Miami Heat,2024-10-18T00:00:00,MIA @ MEM,114,16,41,29,2
Toronto Raptors,2024-10-18T00:00:00,TOR @ BKN,116,11,45,34,7
Chicago Bulls,2024-10-18T00:00:00,CHI vs. CLE,139,19,60,34,5
Washington Wizards,2024-10-18T00:00:00,WAS vs. NYK,118,15,36,32,2
New York Knicks,2024-10-18T00:00:00,NYK @ WAS,117,8,38,22,6
Cleveland Cavaliers,2024-10-18T00:00:00,CLE @ CHI,137,17,51,33,5
Brooklyn Nets,2024-10-18T00:00:00,BKN vs. TOR,112,13,39,30,5
Memphis Grizzlies,2024-10-18T00:00:00,MEM vs. MIA,109,13,46,28,5
Philadelphia 76ers,2024-10-18T00:00:00,PHI @ ORL,99,8,51,18,3
Utah Jazz,2024-10-18T00:00:00,UTA @ POR,86,9,44,16,10
Los Angeles Lakers,2024-10-18T00:00:00,LAL @ GSW,74,7,41,15,2
Dallas Mavericks,2024-10-17T00:00:00,DAL vs. MIL,109,8,53,23,9
Houston Rockets,2024-10-17T00:00:00,HOU vs. SAS,129,15,55,25,7
LA Clippers,2024-10-17T00:00:00,LAC vs. SAC,113,11,43,20,3
Denver Nuggets,2024-10-17T00:00:00,DEN @ MIN,132,15,43,31,7
Los Angeles Lakers,2024-10-17T00:00:00,LAL @ PHX,128,16,53,25,6
Indiana Pacers,2024-10-17T00:00:00,IND vs. CHA,121,12,46,25,6
Oklahoma City Thunder,2024-10-17T00:00:00,OKC vs. ATL,104,14,50,27,8
Charlotte Hornets,2024-10-17T00:00:00,CHA @ IND,116,17,52,28,8
Atlanta Hawks,2024-10-17T00:00:00,ATL @ OKC,99,16,51,25,5
Minnesota Timberwolves,2024-10-17T00:00:00,MIN vs. DEN,126,13,45,26,4
Phoenix Suns,2024-10-17T00:00:00,PHX vs. LAL,122,12,52,33,9
San Antonio Spurs,2024-10-17T00:00:00,SAS @ HOU,107,9,38,32,2
Sacramento Kings,2024-10-17T00:00:00,SAC @ LAC,91,12,46,20,2
Milwaukee Bucks,2024-10-17T00:00:00,MIL @ DAL,84,11,37,28,4
Philadelphia 76ers,2024-10-16T00:00:00,PHI vs. BKN,117,14,51,19,5
Detroit Pistons,2024-10-16T00:00:00,DET vs. CLE,108,16,39,34,4
Portland Trail Blazers,2024-10-16T00:00:00,POR vs. ULM,111,5,48,23,5
Miami Heat,2024-10-16T00:00:00,MIA vs. ATL,120,13,47,34,2
Chicago Bulls,2024-10-16T00:00:00,CHI vs. MIN,125,18,46,32,5
Minnesota Timberwolves,2024-10-16T00:00:00,MIN @ CHI,123,17,53,31,2
Atlanta Hawks,2024-10-16T00:00:00,ATL @ MIA,111,17,38,28,2
Ratiopharm Ulm,2024-10-16T00:00:00,ULM @ POR,100,20,31,22,1
Cleveland Cavaliers,2024-10-16T00:00:00,CLE @ DET,92,9,40,20,9
Brooklyn Nets,2024-10-16T00:00:00,BKN @ PHI,95,15,43,23,4
Oklahoma City Thunder,2024-10-15T00:00:00,OKC @ DEN,124,17,44,31,5
Houston Rockets,2024-10-15T00:00:00,HOU vs. NOP,118,12,62,30,5
Golden State Warriors,2024-10-15T00:00:00,GSW @ LAL,111,14,55,33,5
New York Knicks,2024-10-15T00:00:00,NYK vs. CHA,111,16,59,28,2
Miami Heat,2024-10-15T00:00:00,MIA vs. SAS,120,14,36,31,6
Utah Jazz,2024-10-15T00:00:00,UTA vs. SAC,117,14,41,21,12
Toronto Raptors,2024-10-15T00:00:00,TOR vs. BOS,119,15,57,34,0
Boston Celtics,2024-10-15T00:00:00,BOS @ TOR,118,18,36,19,5
San Antonio Spurs,2024-10-15T00:00:00,SAS @ MIA,117,9,50,28,2
Sacramento Kings,2024-10-15T00:00:00,SAC @ UTA,114,10,44,32,2
Charlotte Hornets,2024-10-15T00:00:00,CHA @ NYK,105,18,45,22,5
Los Angeles Lakers,2024-10-15T00:00:00,LAL vs. GSW,97,11,50,20,5
New Orleans Pelicans,2024-10-15T00:00:00,NOP @ HOU,98,9,47,25,5
Denver Nuggets,2024-10-15T00:00:00,DEN vs. OKC,94,10,47,25,3
Brooklyn Nets,2024-10-14T00:00:00,BKN vs. WAS,131,13,41,27,4
Philadelphia 76ers,2024-10-14T00:00:00,PHI @ ATL,104,14,53,28,6
LA Clippers,2024-10-14T00:00:00,LAC vs. DAL,110,6,42,31,7
Memphis Grizzlies,2024-10-14T00:00:00,MEM @ IND,120,16,47,32,1
Milwaukee Bucks,2024-10-14T00:00:00,MIL vs. CHI,111,11,54,24,6
Indiana Pacers,2024-10-14T00:00:00,IND vs. MEM,116,13,40,33,3
Chicago Bulls,2024-10-14T00:00:00,CHI @ MIL,107,17,50,25,6
Dallas Mavericks,2024-10-14T00:00:00,DAL @ LAC,96,15,38,21,8
Atlanta Hawks,2024-10-14T00:00:00,ATL vs. PHI,89,13,52,27,5
Washington Wizards,2024-10-14T00:00:00,WAS @ BKN,92,7,41,18,5
Portland Trail Blazers,2024-10-13T00:00:00,POR @ SAC,105,14,47,23,3
Golden State Warriors,2024-10-13T00:00:00,GSW vs. DET,111,18,49,31,9
New York Knicks,2024-10-13T00:00:00,NYK vs. MIN,115,12,52,23,3
Phoenix Suns,2024-10-13T00:00:00,PHX @ DEN,118,23,48,29,6
Boston Celtics,2024-10-13T00:00:00,BOS vs. TOR,115,18,50,29,5
Miami Heat,2024-10-13T00:00:00,MIA vs. NOP,101,9,48,26,1
New Orleans Pelicans,2024-10-13T00:00:00,NOP @ MIA,99,9,48,19,11
Denver Nuggets,2024-10-13T00:00:00,DEN vs. PHX,114,12,46,33,3
Toronto Raptors,2024-10-13T00:00:00,TOR @ BOS,111,10,45,30,2
Minnesota Timberwolves,2024-10-13T00:00:00,MIN @ NYK,110,17,51,22,3
Detroit Pistons,2024-10-13T00:00:00,DET @ GSW,93,7,36,30,9
Sacramento Kings,2024-10-13T00:00:00,SAC vs. POR,85,5,46,25,5
Boston Celtics,2024-10-12T00:00:00,BOS vs. PHI,139,23,60,38,7
San Antonio Spurs,2024-10-12T00:00:00,SAS vs. UTA,126,13,40,35,4
Memphis Grizzlies,2024-10-12T00:00:00,MEM @ CHI,124,17,58,31,8
Chicago Bulls,2024-10-12T00:00:00,CHI vs. MEM,121,20,46,26,6
Utah Jazz,2024-10-12T00:00:00,UTA @ SAS,120,17,45,28,5
Philadelphia 76ers,2024-10-12T00:00:00,PHI @ BOS,89,10,33,17,1
Washington Wizards,2024-10-11T00:00:00,WAS vs. TOR,113,17,42,23,8
Detroit Pistons,2024-10-11T00:00:00,DET @ PHX,109,9,51,22,3
Minnesota Timberwolves,2024-10-11T00:00:00,MIN vs. PHI,121,18,45,32,7
Golden State Warriors,2024-10-11T00:00:00,GSW vs. SAC,109,13,46,20,4
LA Clippers,2024-10-11T00:00:00,LAC vs. POR,101,9,43,22,8
Portland Trail Blazers,2024-10-11T00:00:00,POR @ LAC,99,10,47,24,6
Sacramento Kings,2024-10-11T00:00:00,SAC @ GSW,106,13,47,24,2
Philadelphia 76ers,2024-10-11T00:00:00,PHI @ MIN,111,16,47,17,3
Toronto Raptors,2024-10-11T00:00:00,TOR @ WAS,95,7,45,20,3
Phoenix Suns,2024-10-11T00:00:00,PHX vs. DET,91,11,39,24,3
Oklahoma City Thunder,2024-10-10T00:00:00,OKC vs. NZB,117,16,47,23,4
Charlotte Hornets,2024-10-10T00:00:00,CHA @ MEM,119,18,48,22,6
Indiana Pacers,2024-10-10T00:00:00,IND @ CLE,129,16,51,28,7
Utah Jazz,2024-10-10T00:00:00,UTA @ DAL,107,11,49,22,6
Los Angeles Lakers,2024-10-10T00:00:00,LAL @ MIL,107,14,55,28,8
Milwaukee Bucks,2024-10-10T00:00:00,MIL vs. LAL,102,13,49,32,7
Dallas Mavericks,2024-10-10T00:00:00,DAL vs. UTA,102,8,45,21,10
Cleveland Cavaliers,2024-10-10T00:00:00,CLE vs. IND,117,12,42,34,2
Memphis Grizzlies,2024-10-10T00:00:00,MEM vs. CHA,94,14,41,23,5
New Zealand Breakers,2024-10-10T00:00:00,NZB @ OKC,89,15,38,18,5
New York Knicks,2024-10-09T00:00:00,NYK vs. WAS,117,10,46,23,5
Golden State Warriors,2024-10-09T00:00:00,GSW @ SAC,122,28,33,34,3
San Antonio Spurs,2024-10-09T00:00:00,SAS vs. ORL,107,14,43,27,7
Houston Rockets,2024-10-09T00:00:00,HOU @ OKC,122,13,58,23,0
Oklahoma City Thunder,2024-10-09T00:00:00,OKC vs. HOU,113,15,49,25,5
Sacramento Kings,2024-10-09T00:00:00,SAC vs. GSW,112,7,41,28,3
Orlando Magic,2024-10-09T00:00:00,ORL @ SAS,97,12,50,22,3
Washington Wizards,2024-10-09T00:00:00,WAS @ NYK,94,12,53,22,9
LA Clippers,2024-10-08T00:00:00,LAC vs. BKN,115,12,44,28,11
Phoenix Suns,2024-10-08T00:00:00,PHX @ DET,105,16,38,30,9
Chicago Bulls,2024-10-08T00:00:00,CHI @ CLE,116,8,59,24,9
Charlotte Hornets,2024-10-08T00:00:00,CHA vs. MIA,111,14,55,19,7
Atlanta Hawks,2024-10-08T00:00:00,ATL vs. IND,131,15,43,35,2
Indiana Pacers,2024-10-08T00:00:00,IND @ ATL,130,13,43,32,5
Miami Heat,2024-10-08T00:00:00,MIA @ CHA,108,15,42,29,11
Cleveland Cavaliers,2024-10-08T00:00:00,CLE vs. CHI,112,10,60,27,6
Detroit Pistons,2024-10-08T00:00:00,DET vs. PHX,97,10,44,29,4
Brooklyn Nets,2024-10-08T00:00:00,BKN @ LAC,106,11,36,30,4
Philadelphia 76ers,2024-10-07T00:00:00,PHI vs. NZB,139,17,51,30,2
Utah Jazz,2024-10-07T00:00:00,UTA vs. HOU,122,14,49,21,4
Memphis Grizzlies,2024-10-07T00:00:00,MEM @ DAL,121,15,55,35,7
Oklahoma City Thunder,2024-10-07T00:00:00,OKC @ SAS,112,11,46,34,10
New Orleans Pelicans,2024-10-07T00:00:00,NOP vs. ORL,106,12,40,25,5
Orlando Magic,2024-10-07T00:00:00,ORL @ NOP,104,9,44,20,3
Dallas Mavericks,2024-10-07T00:00:00,DAL vs. MEM,116,13,36,26,3
San Antonio Spurs,2024-10-07T00:00:00,SAS vs. OKC,107,17,42,29,4
Houston Rockets,2024-10-07T00:00:00,HOU @ UTA,113,13,34,27,7
New Zealand Breakers,2024-10-07T00:00:00,NZB @ PHI,84,4,31,11,4
Detroit Pistons,2024-10-06T00:00:00,DET vs. MIL,120,12,51,31,9
Toronto Raptors,2024-10-06T00:00:00,TOR @ WAS,125,15,51,39,3
Boston Celtics,2024-10-06T00:00:00,BOS @ DEN,130,18,38,33,3
Phoenix Suns,2024-10-06T00:00:00,PHX @ LAL,118,16,50,33,5
New York Knicks,2024-10-06T00:00:00,NYK @ CHA,111,16,39,21,5
Charlotte Hornets,2024-10-06T00:00:00,CHA vs. NYK,109,17,46,27,6
Los Angeles Lakers,2024-10-06T00:00:00,LAL vs. PHX,114,11,49,31,7
Denver Nuggets,2024-10-06T00:00:00,DEN @ BOS,104,8,42,24,1
Washington Wizards,2024-10-06T00:00:00,WAS @ TOR,98,11,32,22,7
Milwaukee Bucks,2024-10-06T00:00:00,MIL @ DET,87,19,46,20,12
Golden State Warriors,2024-10-05T00:00:00,GSW @ LAC,91,11,56,24,6
LA Clippers,2024-10-05T00:00:00,LAC vs. GSW,90,8,47,21,6
Utah Jazz,2024-10-04T00:00:00,UTA vs. NZB,116,12,44,27,5
Minnesota Timberwolves,2024-10-04T00:00:00,MIN @ LAL,124,15,41,24,3
Boston Celtics,2024-10-04T00:00:00,BOS @ DEN,107,20,44,29,8
Denver Nuggets,2024-10-04T00:00:00,DEN @ BOS,103,12,49,29,2
Los Angeles Lakers,2024-10-04T00:00:00,LAL vs. MIN,107,10,38,28,12
New Zealand Breakers,2024-10-04T00:00:00,NZB @ UTA,87,11,35,23,5
