id_equipo,equipo,id_partido,fecha,enfrentamiento,resultado,puntos,tiros_campo_convertidos,tiros_campo_intentados,porcentaje_tiros_campo,triples_convertidos,triples_intentados,porcentaje_triples,libres_convertidos,libres_intentados,porcentaje_libres,asistencias,rebotes,perdidas,mas_menos
1610612744,Golden State Warriors,21400014,2014-10-29,GSW @ SAC,W,95,33,75,0.44,6,27,0.222,23,32,0.719,21,44,22.0,18.0
1610612744,Golden State Warriors,21400038,2014-11-01,GSW vs. LAL,W,127,46,83,0.554,11,23,0.478,24,28,0.857,30,43,20.0,23.0
1610612744,Golden State Warriors,21400042,2014-11-02,GSW @ POR,W,95,36,81,0.444,6,19,0.316,17,21,0.81,22,41,17.0,5.0
1610612744,Golden State Warriors,21400068,2014-11-05,GSW vs. LAC,W,121,43,74,0.581,15,25,0.6,20,20,1.0,29,39,23.0,17.0
1610612744,Golden State Warriors,21400087,2014-11-08,GSW @ HOU,W,98,39,87,0.448,9,28,0.321,11,17,0.647,22,54,26.0,11.0
1610612744,Golden State Warriors,21400095,2014-11-09,GSW @ PHX,L,95,33,69,0.478,11,24,0.458,18,21,0.857,16,36,27.0,-12.0
1610612744,Golden State Warriors,21400108,2014-11-11,GSW vs. SAS,L,100,38,70,0.543,7,20,0.35,17,20,0.85,23,38,20.0,-13.0
1610612744,Golden State Warriors,21400121,2014-11-13,GSW vs. BKN,W,107,41,90,0.456,11,34,0.324,14,21,0.667,30,45,11.0,8.0
1610612744,Golden State Warriors,21400140,2014-11-15,GSW vs. CHA,W,112,45,87,0.517,11,26,0.423,11,14,0.786,30,51,15.0,25.0
1610612744,Golden State Warriors,21400145,2014-11-16,GSW @ LAL,W,136,46,86,0.535,14,28,0.5,30,34,0.882,32,51,16.0,21.0
1610612744,Golden State Warriors,21400182,2014-11-21,GSW vs. UTA,W,101,41,82,0.5,6,23,0.261,13,19,0.684,28,40,13.0,13.0
1610612744,Golden State Warriors,21400196,2014-11-23,GSW @ OKC,W,91,33,93,0.355,7,25,0.28,18,24,0.75,26,52,10.0,5.0
1610612744,Golden State Warriors,21400206,2014-11-25,GSW @ MIA,W,114,43,75,0.573,13,28,0.464,15,23,0.652,21,45,12.0,17.0
1610612744,Golden State Warriors,21400212,2014-11-26,GSW @ ORL,W,111,44,85,0.518,12,26,0.462,11,19,0.579,30,47,15.0,15.0
1610612744,Golden State Warriors,21400224,2014-11-28,GSW @ CHA,W,106,42,99,0.424,7,26,0.269,15,16,0.938,28,46,12.0,5.0
1610612744,Golden State Warriors,21400243,2014-11-30,GSW @ DET,W,104,37,79,0.468,9,21,0.429,21,27,0.778,24,49,16.0,11.0
1610612744,Golden State Warriors,21400262,2014-12-02,GSW vs. ORL,W,98,38,82,0.463,8,27,0.296,14,18,0.778,25,49,15.0,1.0
1610612744,Golden State Warriors,21400275,2014-12-04,GSW vs. NOP,W,112,47,100,0.47,10,22,0.455,8,17,0.471,31,56,9.0,27.0
1610612744,Golden State Warriors,21400289,2014-12-06,GSW @ CHI,W,112,40,89,0.449,12,30,0.4,20,25,0.8,27,40,11.0,10.0
1610612744,Golden State Warriors,21400305,2014-12-08,GSW @ MIN,W,102,42,91,0.462,5,22,0.227,13,14,0.929,24,51,17.0,16.0
1610612744,Golden State Warriors,21400324,2014-12-10,GSW vs. HOU,W,105,40,81,0.494,8,23,0.348,17,20,0.85,21,43,15.0,12.0
1610612744,Golden State Warriors,21400340,2014-12-13,GSW @ DAL,W,105,37,83,0.446,10,32,0.313,21,27,0.778,21,45,14.0,7.0
1610612744,Golden State Warriors,21400348,2014-12-14,GSW @ NOP,W,128,44,86,0.512,11,24,0.458,29,35,0.829,22,46,20.0,6.0
1610612744,Golden State Warriors,21400365,2014-12-16,GSW @ MEM,L,98,39,95,0.411,9,31,0.29,11,12,0.917,18,49,14.0,-7.0
1610612744,Golden State Warriors,21400382,2014-12-18,GSW vs. OKC,W,114,48,94,0.511,12,31,0.387,6,10,0.6,32,39,10.0,5.0
1610612744,Golden State Warriors,21400415,2014-12-22,GSW vs. SAC,W,128,49,91,0.538,9,25,0.36,21,24,0.875,36,45,12.0,20.0
1610612744,Golden State Warriors,21400426,2014-12-23,GSW @ LAL,L,105,39,84,0.464,12,26,0.462,15,17,0.882,20,39,20.0,-10.0
1610612744,Golden State Warriors,21400431,2014-12-25,GSW @ LAC,L,86,34,80,0.425,6,28,0.214,12,22,0.545,24,44,16.0,-14.0
1610612744,Golden State Warriors,21400452,2014-12-27,GSW vs. MIN,W,110,41,88,0.466,11,28,0.393,17,21,0.81,32,43,16.0,13.0
1610612744,Golden State Warriors,21400474,2014-12-30,GSW vs. PHI,W,126,46,82,0.561,12,28,0.429,22,27,0.815,38,42,14.0,40.0
1610612744,Golden State Warriors,21400493,2015-01-02,GSW vs. TOR,W,126,49,92,0.533,12,28,0.429,16,20,0.8,35,45,9.0,21.0
1610612744,Golden State Warriors,21400518,2015-01-05,GSW vs. OKC,W,117,41,88,0.466,15,28,0.536,20,32,0.625,27,54,12.0,26.0
1610612744,Golden State Warriors,21400533,2015-01-07,GSW vs. IND,W,117,45,91,0.495,12,28,0.429,15,20,0.75,30,39,11.0,15.0
1610612744,Golden State Warriors,21400547,2015-01-09,GSW vs. CLE,W,112,43,86,0.5,10,30,0.333,16,17,0.941,35,44,13.0,18.0
1610612744,Golden State Warriors,21400571,2015-01-13,GSW @ UTA,W,116,46,91,0.505,13,25,0.52,11,13,0.846,32,31,10.0,11.0
1610612744,Golden State Warriors,21400582,2015-01-14,GSW vs. MIA,W,104,38,81,0.469,13,29,0.448,15,19,0.789,29,36,13.0,15.0
1610612744,Golden State Warriors,21400593,2015-01-16,GSW @ OKC,L,115,42,92,0.457,9,24,0.375,22,28,0.786,24,43,14.0,-12.0
1610612744,Golden State Warriors,21400603,2015-01-17,GSW @ HOU,W,131,50,91,0.549,9,22,0.409,22,33,0.667,32,49,14.0,25.0
1610612744,Golden State Warriors,21400615,2015-01-19,GSW vs. DEN,W,122,44,81,0.543,13,27,0.481,21,27,0.778,30,53,13.0,43.0
1610612744,Golden State Warriors,21400636,2015-01-21,GSW vs. HOU,W,126,49,98,0.5,13,29,0.448,15,18,0.833,26,46,18.0,13.0
1610612744,Golden State Warriors,21400651,2015-01-23,GSW vs. SAC,W,126,45,94,0.479,17,40,0.425,19,22,0.864,32,46,18.0,25.0
1610612744,Golden State Warriors,21400665,2015-01-25,GSW vs. BOS,W,114,42,89,0.472,8,23,0.348,22,25,0.88,29,47,13.0,3.0
1610612744,Golden State Warriors,21400679,2015-01-27,GSW vs. CHI,L,111,48,113,0.425,9,33,0.273,6,12,0.5,31,48,13.0,-2.0
1610612744,Golden State Warriors,21400703,2015-01-30,GSW @ UTA,L,100,37,86,0.43,8,27,0.296,18,25,0.72,21,41,13.0,-10.0
1610612744,Golden State Warriors,21400715,2015-01-31,GSW vs. PHX,W,106,40,87,0.46,12,32,0.375,14,18,0.778,27,44,15.0,19.0
1610612744,Golden State Warriors,21400730,2015-02-03,GSW @ SAC,W,121,46,91,0.505,10,23,0.435,19,26,0.731,33,49,11.0,25.0
1610612744,Golden State Warriors,21400741,2015-02-04,GSW vs. DAL,W,128,45,86,0.523,19,38,0.5,19,25,0.76,29,46,13.0,14.0
1610612744,Golden State Warriors,21400749,2015-02-06,GSW @ ATL,L,116,47,103,0.456,12,33,0.364,10,15,0.667,31,51,14.0,-8.0
1610612744,Golden State Warriors,21400760,2015-02-07,GSW @ NYK,W,106,37,81,0.457,12,25,0.48,20,24,0.833,21,48,14.0,14.0
1610612744,Golden State Warriors,21400775,2015-02-09,GSW @ PHI,W,89,34,85,0.4,7,29,0.241,14,19,0.737,26,40,14.0,5.0
1610612744,Golden State Warriors,21400793,2015-02-11,GSW @ MIN,W,94,40,90,0.444,7,27,0.259,7,9,0.778,26,49,15.0,3.0
1610612744,Golden State Warriors,21400814,2015-02-20,GSW vs. SAS,W,110,41,84,0.488,17,33,0.515,11,18,0.611,29,40,12.0,11.0
1610612744,Golden State Warriors,21400824,2015-02-22,GSW @ IND,L,98,34,89,0.382,9,26,0.346,21,22,0.955,19,45,10.0,-6.0
1610612744,Golden State Warriors,21400838,2015-02-24,GSW @ WAS,W,114,45,90,0.5,12,23,0.522,12,17,0.706,27,29,9.0,7.0
1610612744,Golden State Warriors,21400854,2015-02-26,GSW @ CLE,L,99,39,92,0.424,11,29,0.379,10,19,0.526,32,44,14.0,-11.0
1610612744,Golden State Warriors,21400861,2015-02-27,GSW @ TOR,W,113,42,87,0.483,13,28,0.464,16,19,0.842,31,47,13.0,24.0
1610612744,Golden State Warriors,21400880,2015-03-01,GSW @ BOS,W,106,40,95,0.421,12,34,0.353,14,17,0.824,19,55,10.0,5.0
1610612744,Golden State Warriors,21400886,2015-03-02,GSW @ BKN,L,108,42,90,0.467,11,30,0.367,13,18,0.722,26,50,15.0,-2.0
1610612744,Golden State Warriors,21400907,2015-03-04,GSW vs. MIL,W,102,37,73,0.507,14,34,0.412,14,25,0.56,30,34,18.0,9.0
1610612744,Golden State Warriors,21400922,2015-03-06,GSW vs. DAL,W,104,38,81,0.469,11,23,0.478,17,19,0.895,28,51,22.0,15.0
1610612744,Golden State Warriors,21400932,2015-03-08,GSW vs. LAC,W,106,40,80,0.5,10,22,0.455,16,23,0.696,23,37,15.0,8.0
1610612744,Golden State Warriors,21400944,2015-03-09,GSW @ PHX,W,98,35,83,0.422,13,31,0.419,15,19,0.789,17,48,18.0,18.0
1610612744,Golden State Warriors,21400960,2015-03-11,GSW vs. DET,W,105,44,84,0.524,7,20,0.35,10,13,0.769,29,42,17.0,7.0
1610612744,Golden State Warriors,21400973,2015-03-13,GSW @ DEN,L,103,39,92,0.424,8,19,0.421,17,22,0.773,29,35,8.0,-11.0
1610612744,Golden State Warriors,21400981,2015-03-14,GSW vs. NYK,W,125,45,90,0.5,19,34,0.559,16,17,0.941,34,42,11.0,31.0
1610612744,Golden State Warriors,21400999,2015-03-16,GSW vs. LAL,W,108,40,84,0.476,7,27,0.259,21,23,0.913,28,37,15.0,3.0
1610612744,Golden State Warriors,21401014,2015-03-18,GSW vs. ATL,W,114,44,84,0.524,14,30,0.467,12,20,0.6,39,44,18.0,19.0
1610612744,Golden State Warriors,21401030,2015-03-20,GSW vs. NOP,W,112,44,88,0.5,5,19,0.263,19,23,0.826,29,42,10.0,16.0
1610612744,Golden State Warriors,21401036,2015-03-21,GSW vs. UTA,W,106,38,78,0.487,8,18,0.444,22,26,0.846,25,37,12.0,15.0
1610612744,Golden State Warriors,21401053,2015-03-23,GSW vs. WAS,W,107,39,95,0.411,13,33,0.394,16,21,0.762,23,62,11.0,31.0
1610612744,Golden State Warriors,21401059,2015-03-24,GSW @ POR,W,122,50,83,0.602,12,26,0.462,10,11,0.909,37,46,14.0,14.0
1610612744,Golden State Warriors,21401082,2015-03-27,GSW @ MEM,W,107,39,90,0.433,16,31,0.516,13,17,0.765,28,43,14.0,23.0
1610612744,Golden State Warriors,21401089,2015-03-28,GSW @ MIL,W,108,42,82,0.512,12,25,0.48,12,14,0.857,27,45,22.0,13.0
1610612744,Golden State Warriors,21401111,2015-03-31,GSW @ LAC,W,110,38,85,0.447,8,21,0.381,26,34,0.765,28,43,9.0,4.0
1610612744,Golden State Warriors,21401126,2015-04-02,GSW vs. PHX,W,107,43,93,0.462,10,26,0.385,11,17,0.647,29,50,13.0,1.0
1610612744,Golden State Warriors,21401142,2015-04-04,GSW @ DAL,W,123,43,95,0.453,14,36,0.389,23,32,0.719,28,55,14.0,13.0
1610612744,Golden State Warriors,21401150,2015-04-05,GSW @ SAS,L,92,39,91,0.429,9,28,0.321,5,10,0.5,25,39,11.0,-15.0
1610612744,Golden State Warriors,21401156,2015-04-07,GSW @ NOP,L,100,42,95,0.442,9,22,0.409,7,10,0.7,25,50,12.0,-3.0
1610612744,Golden State Warriors,21401174,2015-04-09,GSW vs. POR,W,116,48,90,0.533,12,26,0.462,8,9,0.889,27,44,14.0,11.0
1610612744,Golden State Warriors,21401192,2015-04-11,GSW vs. MIN,W,110,42,93,0.452,11,31,0.355,15,21,0.714,28,50,12.0,9.0
1610612744,Golden State Warriors,21401212,2015-04-13,GSW vs. MEM,W,111,39,74,0.527,13,24,0.542,20,27,0.741,30,39,21.0,4.0
1610612744,Golden State Warriors,21401229,2015-04-15,GSW vs. DEN,W,133,47,90,0.522,13,28,0.464,26,34,0.765,30,41,13.0,7.0
1610612744,Golden State Warriors,21500003,2015-10-27,GSW vs. NOP,W,111,41,96,0.427,9,30,0.3,20,22,0.909,29,56,20.0,16.0
1610612744,Golden State Warriors,21500030,2015-10-30,GSW @ HOU,W,112,43,93,0.462,9,26,0.346,17,25,0.68,26,47,8.0,20.0
1610612744,Golden State Warriors,21500035,2015-10-31,GSW @ NOP,W,134,46,84,0.548,17,30,0.567,25,35,0.714,26,38,10.0,14.0
1610612744,Golden State Warriors,21500051,2015-11-02,GSW vs. MEM,W,119,43,84,0.512,11,25,0.44,22,30,0.733,32,65,14.0,50.0
1610612744,Golden State Warriors,21500069,2015-11-04,GSW vs. LAC,W,112,39,85,0.459,10,26,0.385,24,31,0.774,28,42,12.0,4.0
1610612744,Golden State Warriors,21500083,2015-11-06,GSW vs. DEN,W,119,46,93,0.495,17,37,0.459,10,18,0.556,40,53,20.0,15.0
1610612744,Golden State Warriors,21500092,2015-11-07,GSW @ SAC,W,103,38,92,0.413,8,39,0.205,19,22,0.864,27,46,18.0,9.0
1610612744,Golden State Warriors,21500104,2015-11-09,GSW vs. DET,W,109,43,91,0.473,12,21,0.571,11,13,0.846,29,41,16.0,14.0
1610612744,Golden State Warriors,21500120,2015-11-11,GSW @ MEM,W,100,36,75,0.48,11,27,0.407,17,23,0.739,22,36,23.0,16.0
1610612744,Golden State Warriors,21500125,2015-11-12,GSW @ MIN,W,129,48,89,0.539,18,38,0.474,15,16,0.938,34,33,11.0,13.0
1610612744,Golden State Warriors,21500144,2015-11-14,GSW vs. BKN,W,107,43,97,0.443,12,34,0.353,9,10,0.9,31,50,15.0,8.0
1610612744,Golden State Warriors,21500164,2015-11-17,GSW vs. TOR,W,115,43,80,0.538,11,29,0.379,18,27,0.667,31,34,20.0,5.0
1610612744,Golden State Warriors,21500177,2015-11-19,GSW @ LAC,W,124,38,73,0.521,17,30,0.567,31,36,0.861,31,44,19.0,7.0
1610612744,Golden State Warriors,21500187,2015-11-20,GSW vs. CHI,W,106,39,79,0.494,10,29,0.345,18,24,0.75,20,49,16.0,12.0
1610612744,Golden State Warriors,21500200,2015-11-22,GSW @ DEN,W,118,47,89,0.528,15,29,0.517,9,13,0.692,35,46,21.0,13.0
1610612744,Golden State Warriors,21500214,2015-11-24,GSW vs. LAL,W,111,45,92,0.489,12,35,0.343,9,15,0.6,32,48,8.0,34.0
1610612744,Golden State Warriors,21500236,2015-11-27,GSW @ PHX,W,135,46,81,0.568,22,38,0.579,21,31,0.677,32,53,24.0,19.0
1610612744,Golden State Warriors,21500245,2015-11-28,GSW vs. SAC,W,120,39,80,0.488,16,30,0.533,26,31,0.839,32,48,16.0,19.0
1610612744,Golden State Warriors,21500259,2015-11-30,GSW @ UTA,W,106,40,82,0.488,14,29,0.483,12,15,0.8,21,45,15.0,3.0
1610612744,Golden State Warriors,21500268,2015-12-02,GSW @ CHA,W,116,46,88,0.523,16,34,0.471,8,11,0.727,31,53,21.0,17.0
1610612744,Golden State Warriors,21500290,2015-12-05,GSW @ TOR,W,112,35,73,0.479,16,30,0.533,26,36,0.722,22,43,12.0,3.0
1610612744,Golden State Warriors,21500300,2015-12-06,GSW @ BKN,W,114,44,86,0.512,14,33,0.424,12,23,0.522,25,46,12.0,16.0
1610612744,Golden State Warriors,21500314,2015-12-08,GSW @ IND,W,131,52,95,0.547,16,35,0.457,11,15,0.733,29,46,15.0,8.0
1610612744,Golden State Warriors,21500336,2015-12-11,GSW @ BOS,W,124,42,107,0.393,9,31,0.29,31,39,0.795,28,67,18.0,5.0
1610612744,Golden State Warriors,21500351,2015-12-12,GSW @ MIL,L,95,36,89,0.404,6,27,0.222,17,25,0.68,23,49,17.0,-13.0
1610612744,Golden State Warriors,21500381,2015-12-16,GSW vs. PHX,W,128,46,88,0.523,15,32,0.469,21,27,0.778,32,49,17.0,25.0
1610612744,Golden State Warriors,21500397,2015-12-18,GSW vs. MIL,W,121,42,87,0.483,9,26,0.346,28,37,0.757,31,46,15.0,9.0
1610612744,Golden State Warriors,21500434,2015-12-23,GSW vs. UTA,W,103,39,83,0.47,9,23,0.391,16,16,1.0,26,40,16.0,18.0
1610612744,Golden State Warriors,21500438,2015-12-25,GSW vs. CLE,W,89,32,78,0.41,5,18,0.278,20,27,0.741,21,49,16.0,6.0
1610612744,Golden State Warriors,21500468,2015-12-28,GSW vs. SAC,W,122,43,89,0.483,20,42,0.476,16,24,0.667,33,59,18.0,19.0
1610612744,Golden State Warriors,21500480,2015-12-30,GSW @ DAL,L,91,33,81,0.407,7,19,0.368,18,24,0.75,20,37,12.0,-23.0
1610612744,Golden State Warriors,21500485,2015-12-31,GSW @ HOU,W,114,43,84,0.512,11,23,0.478,17,27,0.63,35,43,18.0,4.0
1610612744,Golden State Warriors,21500504,2016-01-02,GSW vs. DEN,W,111,43,86,0.5,10,28,0.357,15,23,0.652,34,47,14.0,3.0
1610612744,Golden State Warriors,21500520,2016-01-04,GSW vs. CHA,W,111,45,87,0.517,15,34,0.441,6,6,1.0,32,37,11.0,10.0
1610612744,Golden State Warriors,21500524,2016-01-05,GSW @ LAL,W,109,40,86,0.465,13,31,0.419,16,21,0.762,26,54,11.0,21.0
1610612744,Golden State Warriors,21500548,2016-01-08,GSW @ POR,W,128,46,87,0.529,18,32,0.563,18,21,0.857,36,48,15.0,20.0
1610612744,Golden State Warriors,21500556,2016-01-09,GSW @ SAC,W,128,49,87,0.563,19,37,0.514,11,15,0.733,35,48,19.0,12.0
1610612744,Golden State Warriors,21500568,2016-01-11,GSW vs. MIA,W,111,41,86,0.477,7,23,0.304,22,30,0.733,25,49,9.0,8.0
1610612744,Golden State Warriors,21500583,2016-01-13,GSW @ DEN,L,110,42,88,0.477,10,26,0.385,16,20,0.8,25,39,13.0,-2.0
1610612744,Golden State Warriors,21500592,2016-01-14,GSW vs. LAL,W,116,43,86,0.5,13,33,0.394,17,20,0.85,26,47,20.0,18.0
1610612744,Golden State Warriors,21500605,2016-01-16,GSW @ DET,L,95,34,94,0.362,10,25,0.4,17,23,0.739,18,47,13.0,-18.0
1610612744,Golden State Warriors,21500622,2016-01-18,GSW @ CLE,W,132,46,85,0.541,19,40,0.475,21,27,0.778,33,37,8.0,34.0
1610612744,Golden State Warriors,21500634,2016-01-20,GSW @ CHI,W,125,50,95,0.526,12,32,0.375,13,20,0.65,38,55,10.0,31.0
1610612744,Golden State Warriors,21500652,2016-01-22,GSW vs. IND,W,122,43,90,0.478,14,33,0.424,22,25,0.88,31,50,17.0,12.0
1610612744,Golden State Warriors,21500675,2016-01-25,GSW vs. SAS,W,120,44,85,0.518,11,26,0.423,21,25,0.84,31,45,21.0,30.0
1610612744,Golden State Warriors,21500691,2016-01-27,GSW vs. DAL,W,127,47,81,0.58,14,29,0.483,19,21,0.905,33,40,9.0,20.0
1610612744,Golden State Warriors,21500707,2016-01-30,GSW @ PHI,W,108,47,95,0.495,13,30,0.433,1,2,0.5,37,57,23.0,3.0
1610612744,Golden State Warriors,21500718,2016-01-31,GSW @ NYK,W,116,42,73,0.575,16,29,0.552,16,23,0.696,31,44,18.0,21.0
1610612744,Golden State Warriors,21500739,2016-02-03,GSW @ WAS,W,134,49,93,0.527,20,41,0.488,16,29,0.552,35,49,18.0,13.0
1610612744,Golden State Warriors,21500769,2016-02-06,GSW vs. OKC,W,116,48,97,0.495,7,26,0.269,13,20,0.65,24,46,10.0,8.0
1610612744,Golden State Warriors,21500788,2016-02-09,GSW vs. HOU,W,123,44,94,0.468,12,34,0.353,23,26,0.885,28,49,12.0,13.0
1610612744,Golden State Warriors,21500799,2016-02-10,GSW @ PHX,W,112,37,89,0.416,14,40,0.35,24,29,0.828,24,50,13.0,8.0
1610612744,Golden State Warriors,21500815,2016-02-19,GSW @ POR,L,105,36,92,0.391,12,34,0.353,21,28,0.75,25,47,20.0,-32.0
1610612744,Golden State Warriors,21500822,2016-02-20,GSW @ LAC,W,115,42,82,0.512,11,31,0.355,20,26,0.769,32,39,14.0,3.0
1610612744,Golden State Warriors,21500836,2016-02-22,GSW @ ATL,W,102,39,89,0.438,14,45,0.311,10,12,0.833,30,43,13.0,10.0
1610612744,Golden State Warriors,21500848,2016-02-24,GSW @ MIA,W,118,42,90,0.467,13,28,0.464,21,25,0.84,23,43,13.0,6.0
1610612744,Golden State Warriors,21500855,2016-02-25,GSW @ ORL,W,130,53,88,0.602,13,25,0.52,11,16,0.688,35,42,21.0,16.0
1610612744,Golden State Warriors,21500874,2016-02-27,GSW @ OKC,W,121,45,95,0.474,14,32,0.438,17,25,0.68,25,32,11.0,3.0
1610612744,Golden State Warriors,21500895,2016-03-01,GSW vs. ATL,W,109,41,103,0.398,12,36,0.333,15,17,0.882,28,51,13.0,4.0
1610612744,Golden State Warriors,21500911,2016-03-03,GSW vs. OKC,W,121,47,87,0.54,11,34,0.324,16,21,0.762,33,40,9.0,15.0
1610612744,Golden State Warriors,21500931,2016-03-06,GSW @ LAL,L,95,37,92,0.402,4,30,0.133,17,21,0.81,32,49,20.0,-17.0
1610612744,Golden State Warriors,21500943,2016-03-07,GSW vs. ORL,W,119,42,84,0.5,16,35,0.457,19,27,0.704,27,50,24.0,6.0
1610612744,Golden State Warriors,21500958,2016-03-09,GSW vs. UTA,W,115,48,84,0.571,13,30,0.433,6,10,0.6,36,39,15.0,21.0
1610612744,Golden State Warriors,21500971,2016-03-11,GSW vs. POR,W,128,40,89,0.449,18,40,0.45,30,39,0.769,23,56,8.0,16.0
1610612744,Golden State Warriors,21500981,2016-03-12,GSW vs. PHX,W,123,42,84,0.5,11,33,0.333,28,33,0.848,28,42,8.0,7.0
1610612744,Golden State Warriors,21500996,2016-03-14,GSW vs. NOP,W,125,47,81,0.58,12,25,0.48,19,23,0.826,30,46,18.0,18.0
1610612744,Golden State Warriors,21501011,2016-03-16,GSW vs. NYK,W,121,46,91,0.505,18,37,0.486,11,12,0.917,32,54,13.0,36.0
1610612744,Golden State Warriors,21501026,2016-03-18,GSW @ DAL,W,130,48,95,0.505,22,38,0.579,12,14,0.857,35,42,13.0,18.0
1610612744,Golden State Warriors,21501036,2016-03-19,GSW @ SAS,L,79,31,82,0.378,9,36,0.25,8,10,0.8,24,37,11.0,-8.0
1610612744,Golden State Warriors,21501050,2016-03-21,GSW @ MIN,W,109,43,87,0.494,8,24,0.333,15,24,0.625,31,44,17.0,5.0
1610612744,Golden State Warriors,21501066,2016-03-23,GSW vs. LAC,W,114,39,87,0.448,15,34,0.441,21,28,0.75,23,50,12.0,16.0
1610612744,Golden State Warriors,21501080,2016-03-25,GSW vs. DAL,W,128,43,88,0.489,21,45,0.467,21,23,0.913,30,40,7.0,8.0
1610612744,Golden State Warriors,21501094,2016-03-27,GSW vs. PHI,W,117,44,83,0.53,14,33,0.424,15,20,0.75,32,44,18.0,12.0
1610612744,Golden State Warriors,21501112,2016-03-29,GSW vs. WAS,W,102,38,87,0.437,11,25,0.44,15,23,0.652,27,55,16.0,8.0
1610612744,Golden State Warriors,21501119,2016-03-30,GSW @ UTA,W,103,39,89,0.438,12,35,0.343,13,18,0.722,19,46,18.0,7.0
1610612744,Golden State Warriors,21501136,2016-04-01,GSW vs. BOS,L,106,38,83,0.458,20,43,0.465,10,13,0.769,25,41,22.0,-3.0
1610612744,Golden State Warriors,21501152,2016-04-03,GSW vs. POR,W,136,50,88,0.568,18,30,0.6,18,22,0.818,30,43,13.0,25.0
1610612744,Golden State Warriors,21501163,2016-04-05,GSW vs. MIN,L,117,49,98,0.5,12,35,0.343,7,8,0.875,35,46,24.0,-7.0
1610612744,Golden State Warriors,21501177,2016-04-07,GSW vs. SAS,W,112,45,83,0.542,12,25,0.48,10,11,0.909,33,43,16.0,11.0
1610612744,Golden State Warriors,21501190,2016-04-09,GSW @ MEM,W,100,39,87,0.448,10,36,0.278,12,13,0.923,20,48,11.0,1.0
1610612744,Golden State Warriors,21501201,2016-04-10,GSW @ SAS,W,92,34,77,0.442,10,27,0.37,14,18,0.778,19,46,13.0,6.0
1610612744,Golden State Warriors,21501227,2016-04-13,GSW vs. MEM,W,125,46,87,0.529,20,47,0.426,13,16,0.813,35,51,17.0,21.0
1610612744,Golden State Warriors,21600003,2016-10-25,GSW vs. SAS,L,100,40,85,0.471,7,33,0.212,13,18,0.722,24,35,16.0,-29.0
1610612744,Golden State Warriors,21600025,2016-10-28,GSW @ NOP,W,122,44,91,0.484,9,28,0.321,25,28,0.893,32,49,14.0,8.0
1610612744,Golden State Warriors,21600036,2016-10-30,GSW @ PHX,W,106,35,83,0.422,8,29,0.276,28,33,0.848,27,43,16.0,6.0
1610612744,Golden State Warriors,21600054,2016-11-01,GSW @ POR,W,127,50,89,0.562,10,26,0.385,17,23,0.739,36,45,16.0,23.0
1610612744,Golden State Warriors,21600069,2016-11-03,GSW vs. OKC,W,122,46,89,0.517,14,30,0.467,16,20,0.8,27,46,16.0,26.0
1610612744,Golden State Warriors,21600078,2016-11-04,GSW @ LAL,L,97,39,86,0.453,5,32,0.156,14,20,0.7,26,40,20.0,-20.0
1610612744,Golden State Warriors,21600099,2016-11-07,GSW vs. NOP,W,116,45,90,0.5,16,35,0.457,10,12,0.833,35,38,15.0,10.0
1610612744,Golden State Warriors,21600116,2016-11-09,GSW vs. DAL,W,116,43,74,0.581,17,33,0.515,13,22,0.591,33,39,15.0,21.0
1610612744,Golden State Warriors,21600119,2016-11-10,GSW @ DEN,W,125,46,85,0.541,14,30,0.467,19,20,0.95,33,44,15.0,24.0
1610612744,Golden State Warriors,21600143,2016-11-13,GSW vs. PHX,W,133,45,87,0.517,16,33,0.485,27,31,0.871,32,43,16.0,13.0
1610612744,Golden State Warriors,21600165,2016-11-16,GSW @ TOR,W,127,44,87,0.506,13,36,0.361,26,28,0.929,33,35,12.0,6.0
1610612744,Golden State Warriors,21600179,2016-11-18,GSW @ BOS,W,104,44,90,0.489,9,28,0.321,7,12,0.583,33,50,11.0,16.0
1610612744,Golden State Warriors,21600191,2016-11-19,GSW @ MIL,W,124,42,95,0.442,14,38,0.368,26,32,0.813,30,45,12.0,3.0
1610612744,Golden State Warriors,21600202,2016-11-21,GSW @ IND,W,120,40,90,0.444,13,36,0.361,27,32,0.844,31,60,12.0,37.0
1610612744,Golden State Warriors,21600223,2016-11-23,GSW vs. LAL,W,149,53,86,0.616,19,36,0.528,24,35,0.686,47,48,10.0,43.0
1610612744,Golden State Warriors,21600238,2016-11-25,GSW @ LAL,W,109,43,83,0.518,11,28,0.393,12,17,0.706,31,44,18.0,24.0
1610612744,Golden State Warriors,21600244,2016-11-26,GSW vs. MIN,W,115,45,81,0.556,11,22,0.5,14,17,0.824,25,45,18.0,13.0
1610612744,Golden State Warriors,21600259,2016-11-28,GSW vs. ATL,W,105,37,85,0.435,12,35,0.343,19,24,0.792,25,41,15.0,5.0
1610612744,Golden State Warriors,21600281,2016-12-01,GSW vs. HOU,L,127,43,104,0.413,12,44,0.273,29,37,0.784,31,54,17.0,-5.0
1610612744,Golden State Warriors,21600299,2016-12-03,GSW vs. PHX,W,138,49,78,0.628,14,21,0.667,26,34,0.765,37,38,17.0,29.0
1610612744,Golden State Warriors,21600314,2016-12-05,GSW vs. IND,W,142,54,104,0.519,14,37,0.378,20,26,0.769,45,54,11.0,36.0
1610612744,Golden State Warriors,21600330,2016-12-07,GSW @ LAC,W,115,42,89,0.472,7,31,0.226,24,29,0.828,32,46,10.0,17.0
1610612744,Golden State Warriors,21600335,2016-12-08,GSW @ UTA,W,106,39,80,0.488,12,29,0.414,16,23,0.696,26,47,17.0,7.0
1610612744,Golden State Warriors,21600351,2016-12-10,GSW @ MEM,L,89,34,77,0.442,9,27,0.333,12,20,0.6,15,42,23.0,-21.0
1610612744,Golden State Warriors,21600358,2016-12-11,GSW @ MIN,W,116,38,83,0.458,13,32,0.406,27,30,0.9,30,37,9.0,8.0
1610612744,Golden State Warriors,21600371,2016-12-13,GSW @ NOP,W,113,42,95,0.442,14,34,0.412,15,19,0.789,30,45,12.0,4.0
1610612744,Golden State Warriors,21600388,2016-12-15,GSW vs. NYK,W,103,45,96,0.469,9,32,0.281,4,8,0.5,41,57,17.0,13.0
1610612744,Golden State Warriors,21600405,2016-12-17,GSW vs. POR,W,135,51,87,0.586,14,28,0.5,19,26,0.731,36,56,15.0,45.0
1610612744,Golden State Warriors,21600427,2016-12-20,GSW vs. UTA,W,104,40,90,0.444,9,23,0.391,15,17,0.882,24,50,10.0,30.0
1610612744,Golden State Warriors,21600437,2016-12-22,GSW @ BKN,W,117,47,104,0.452,12,37,0.324,11,14,0.786,29,51,13.0,16.0
1610612744,Golden State Warriors,21600446,2016-12-23,GSW @ DET,W,119,43,77,0.558,11,27,0.407,22,24,0.917,35,41,23.0,6.0
1610612744,Golden State Warriors,21600457,2016-12-25,GSW @ CLE,L,108,37,77,0.481,9,30,0.3,25,29,0.862,25,42,20.0,-1.0
1610612744,Golden State Warriors,21600485,2016-12-28,GSW vs. TOR,W,121,46,81,0.568,14,23,0.609,15,18,0.833,33,51,20.0,10.0
1610612744,Golden State Warriors,21600501,2016-12-30,GSW vs. DAL,W,108,42,84,0.5,11,33,0.333,13,15,0.867,31,43,13.0,9.0
1610612744,Golden State Warriors,21600520,2017-01-02,GSW vs. DEN,W,127,50,95,0.526,11,25,0.44,16,21,0.762,33,43,13.0,8.0
1610612744,Golden State Warriors,21600534,2017-01-04,GSW vs. POR,W,125,44,87,0.506,13,36,0.361,24,29,0.828,31,39,15.0,8.0
1610612744,Golden State Warriors,21600550,2017-01-06,GSW vs. MEM,L,119,41,83,0.494,8,30,0.267,29,39,0.744,23,44,16.0,-9.0
1610612744,Golden State Warriors,21600566,2017-01-08,GSW @ SAC,W,117,45,89,0.506,10,29,0.345,17,20,0.85,33,46,17.0,11.0
1610612744,Golden State Warriors,21600578,2017-01-10,GSW vs. MIA,W,107,39,86,0.453,11,27,0.407,18,22,0.818,28,48,11.0,12.0
1610612744,Golden State Warriors,21600590,2017-01-12,GSW vs. DET,W,127,50,89,0.562,15,29,0.517,12,18,0.667,39,37,18.0,20.0
1610612744,Golden State Warriors,21600619,2017-01-16,GSW vs. CLE,W,126,46,91,0.505,15,34,0.441,19,24,0.792,37,58,17.0,35.0
1610612744,Golden State Warriors,21600634,2017-01-18,GSW vs. OKC,W,121,46,85,0.541,10,21,0.476,19,27,0.704,35,46,18.0,21.0
1610612744,Golden State Warriors,21600646,2017-01-20,GSW @ HOU,W,125,47,89,0.528,15,38,0.395,16,21,0.762,30,41,15.0,17.0
1610612744,Golden State Warriors,21600661,2017-01-22,GSW @ ORL,W,118,42,89,0.472,19,42,0.452,15,19,0.789,27,52,19.0,20.0
1610612744,Golden State Warriors,21600668,2017-01-23,GSW @ MIA,L,102,41,88,0.466,8,30,0.267,12,20,0.6,27,43,14.0,-3.0
1610612744,Golden State Warriors,21600687,2017-01-25,GSW @ CHA,W,113,39,82,0.476,11,28,0.393,24,27,0.889,23,41,12.0,10.0
1610612744,Golden State Warriors,21600707,2017-01-28,GSW vs. LAC,W,144,57,92,0.62,17,34,0.5,13,16,0.813,35,48,11.0,46.0
1610612744,Golden State Warriors,21600718,2017-01-29,GSW @ POR,W,113,36,79,0.456,8,26,0.308,33,39,0.846,28,39,18.0,2.0
1610612744,Golden State Warriors,21600741,2017-02-01,GSW vs. CHA,W,126,47,96,0.49,21,48,0.438,11,14,0.786,35,47,10.0,15.0
1610612744,Golden State Warriors,21600745,2017-02-02,GSW @ LAC,W,133,52,99,0.525,14,34,0.412,15,18,0.833,38,46,12.0,13.0
1610612744,Golden State Warriors,21600764,2017-02-04,GSW @ SAC,L,106,36,87,0.414,15,44,0.341,19,24,0.792,22,40,18.0,-3.0
1610612744,Golden State Warriors,21600792,2017-02-08,GSW vs. CHI,W,123,48,85,0.565,15,28,0.536,12,13,0.923,37,45,13.0,31.0
1610612744,Golden State Warriors,21600803,2017-02-10,GSW @ MEM,W,122,39,77,0.506,15,33,0.455,29,38,0.763,31,34,12.0,15.0
1610612744,Golden State Warriors,21600813,2017-02-11,GSW @ OKC,W,130,46,87,0.529,13,31,0.419,25,35,0.714,28,40,12.0,16.0
1610612744,Golden State Warriors,21600827,2017-02-13,GSW @ DEN,L,110,45,92,0.489,8,32,0.25,12,13,0.923,25,27,9.0,-22.0
1610612744,Golden State Warriors,21600847,2017-02-15,GSW vs. SAC,W,109,41,84,0.488,13,36,0.361,14,21,0.667,32,46,8.0,23.0
1610612744,Golden State Warriors,21600854,2017-02-23,GSW vs. LAC,W,123,43,81,0.531,13,25,0.52,24,26,0.923,31,53,21.0,10.0
1610612744,Golden State Warriors,21600873,2017-02-25,GSW vs. BKN,W,112,42,100,0.42,11,31,0.355,17,22,0.773,30,52,11.0,17.0
1610612744,Golden State Warriors,21600883,2017-02-27,GSW @ PHI,W,119,40,89,0.449,6,29,0.207,33,39,0.846,31,45,14.0,11.0
1610612744,Golden State Warriors,21600889,2017-02-28,GSW @ WAS,L,108,39,84,0.464,8,29,0.276,22,27,0.815,28,41,19.0,-4.0
1610612744,Golden State Warriors,21600906,2017-03-02,GSW @ CHI,L,87,34,88,0.386,6,30,0.2,13,14,0.929,23,41,15.0,-7.0
1610612744,Golden State Warriors,21600928,2017-03-05,GSW @ NYK,W,112,40,88,0.455,13,35,0.371,19,23,0.826,21,35,8.0,7.0
1610612744,Golden State Warriors,21600937,2017-03-06,GSW @ ATL,W,119,41,87,0.471,20,44,0.455,17,22,0.773,33,43,16.0,8.0
1610612744,Golden State Warriors,21600959,2017-03-08,GSW vs. BOS,L,86,37,84,0.44,6,30,0.2,6,9,0.667,23,46,18.0,-13.0
1610612744,Golden State Warriors,21600968,2017-03-10,GSW @ MIN,L,102,41,88,0.466,7,24,0.292,13,17,0.765,25,43,12.0,-1.0
1610612744,Golden State Warriors,21600980,2017-03-11,GSW @ SAS,L,85,33,92,0.359,5,17,0.294,14,23,0.609,19,49,15.0,-22.0
1610612744,Golden State Warriors,21601003,2017-03-14,GSW vs. PHI,W,106,32,88,0.364,14,32,0.438,28,35,0.8,24,43,18.0,2.0
1610612744,Golden State Warriors,21601019,2017-03-16,GSW vs. ORL,W,122,50,87,0.575,10,26,0.385,12,23,0.522,36,47,13.0,30.0
1610612744,Golden State Warriors,21601035,2017-03-18,GSW vs. MIL,W,117,45,75,0.6,12,23,0.522,15,19,0.789,30,44,14.0,25.0
1610612744,Golden State Warriors,21601049,2017-03-20,GSW @ OKC,W,111,40,83,0.482,15,33,0.455,16,21,0.762,28,46,17.0,16.0
1610612744,Golden State Warriors,21601055,2017-03-21,GSW @ DAL,W,112,43,78,0.551,13,30,0.433,13,16,0.813,34,46,16.0,25.0
1610612744,Golden State Warriors,21601081,2017-03-24,GSW vs. SAC,W,114,44,89,0.494,10,31,0.323,16,18,0.889,37,44,13.0,14.0
1610612744,Golden State Warriors,21601094,2017-03-26,GSW vs. MEM,W,106,39,71,0.549,17,31,0.548,11,15,0.733,30,37,18.0,12.0
1610612744,Golden State Warriors,21601108,2017-03-28,GSW @ HOU,W,113,45,88,0.511,11,41,0.268,12,16,0.75,33,44,17.0,7.0
1610612744,Golden State Warriors,21601118,2017-03-29,GSW @ SAS,W,110,43,85,0.506,13,26,0.5,11,11,1.0,31,35,15.0,12.0
1610612744,Golden State Warriors,21601136,2017-03-31,GSW vs. HOU,W,107,43,95,0.453,11,32,0.344,10,14,0.714,27,43,12.0,9.0
1610612744,Golden State Warriors,21601152,2017-04-02,GSW vs. WAS,W,139,50,88,0.568,16,36,0.444,23,26,0.885,34,44,16.0,24.0
1610612744,Golden State Warriors,21601162,2017-04-04,GSW vs. MIN,W,121,44,84,0.524,14,32,0.438,19,24,0.792,33,40,13.0,14.0
1610612744,Golden State Warriors,21601171,2017-04-05,GSW @ PHX,W,120,45,89,0.506,13,30,0.433,17,24,0.708,25,39,15.0,9.0
1610612744,Golden State Warriors,21601195,2017-04-08,GSW vs. NOP,W,123,49,96,0.51,10,33,0.303,15,16,0.938,37,53,9.0,22.0
1610612744,Golden State Warriors,21601211,2017-04-10,GSW vs. UTA,L,99,39,80,0.488,9,25,0.36,12,17,0.706,25,42,13.0,-6.0
1610612744,Golden State Warriors,21601229,2017-04-12,GSW vs. LAL,W,109,41,90,0.456,12,36,0.333,15,22,0.682,26,54,21.0,15.0
1610612744,Golden State Warriors,21700002,2017-10-17,GSW vs. HOU,L,121,43,80,0.538,16,30,0.533,19,21,0.905,34,41,17.0,-1.0
1610612744,Golden State Warriors,21700025,2017-10-20,GSW @ NOP,W,128,47,91,0.516,18,40,0.45,16,20,0.8,29,49,18.0,8.0
1610612744,Golden State Warriors,21700033,2017-10-21,GSW @ MEM,L,101,33,84,0.393,12,38,0.316,23,27,0.852,20,46,17.0,-10.0
1610612744,Golden State Warriors,21700045,2017-10-23,GSW @ DAL,W,133,48,86,0.558,15,39,0.385,22,26,0.846,33,50,16.0,30.0
1610612744,Golden State Warriors,21700063,2017-10-25,GSW vs. TOR,W,117,43,77,0.558,12,26,0.462,19,22,0.864,32,37,17.0,5.0
1610612744,Golden State Warriors,21700075,2017-10-27,GSW vs. WAS,W,120,46,95,0.484,10,38,0.263,18,20,0.9,33,53,18.0,3.0
1610612744,Golden State Warriors,21700091,2017-10-29,GSW vs. DET,L,107,44,77,0.571,10,27,0.37,9,12,0.75,29,40,26.0,-8.0
1610612744,Golden State Warriors,21700100,2017-10-30,GSW @ LAC,W,141,52,89,0.584,14,29,0.483,23,30,0.767,37,46,12.0,28.0
1610612744,Golden State Warriors,21700117,2017-11-02,GSW @ SAS,W,112,43,83,0.518,14,28,0.5,12,16,0.75,30,41,14.0,20.0
1610612744,Golden State Warriors,21700135,2017-11-04,GSW @ DEN,W,127,50,91,0.549,18,40,0.45,9,17,0.529,38,41,15.0,19.0
1610612744,Golden State Warriors,21700148,2017-11-06,GSW vs. MIA,W,97,32,87,0.368,11,32,0.344,22,24,0.917,20,51,15.0,17.0
1610612744,Golden State Warriors,21700163,2017-11-08,GSW vs. MIN,W,125,48,85,0.565,15,36,0.417,14,18,0.778,37,45,19.0,24.0
1610612744,Golden State Warriors,21700184,2017-11-11,GSW vs. PHI,W,135,48,82,0.585,14,27,0.519,25,26,0.962,31,39,22.0,21.0
1610612744,Golden State Warriors,21700199,2017-11-13,GSW vs. ORL,W,110,44,88,0.5,8,23,0.348,14,16,0.875,35,50,16.0,10.0
1610612744,Golden State Warriors,21700215,2017-11-16,GSW @ BOS,L,88,33,82,0.402,10,32,0.313,12,19,0.632,22,47,15.0,-4.0
1610612744,Golden State Warriors,21700231,2017-11-18,GSW @ PHI,W,124,50,91,0.549,7,23,0.304,17,20,0.85,25,48,13.0,8.0
1610612744,Golden State Warriors,21700236,2017-11-19,GSW @ BKN,W,118,46,90,0.511,10,24,0.417,16,23,0.696,29,57,15.0,7.0
1610612744,Golden State Warriors,21700263,2017-11-22,GSW @ OKC,L,91,33,80,0.413,10,31,0.323,15,18,0.833,22,39,22.0,-17.0
1610612744,Golden State Warriors,21700276,2017-11-24,GSW vs. CHI,W,143,53,91,0.582,16,36,0.444,21,21,1.0,36,49,11.0,49.0
1610612744,Golden State Warriors,21700284,2017-11-25,GSW vs. NOP,W,110,39,94,0.415,10,33,0.303,22,27,0.815,30,44,10.0,15.0
1610612744,Golden State Warriors,21700296,2017-11-27,GSW vs. SAC,L,106,40,80,0.5,16,37,0.432,10,14,0.714,31,36,15.0,-4.0
1610612744,Golden State Warriors,21700312,2017-11-29,GSW @ LAL,W,127,47,94,0.5,12,30,0.4,21,28,0.75,30,49,22.0,4.0
1610612744,Golden State Warriors,21700318,2017-12-01,GSW @ ORL,W,133,55,88,0.625,12,24,0.5,11,11,1.0,46,42,19.0,21.0
1610612744,Golden State Warriors,21700335,2017-12-03,GSW @ MIA,W,123,47,84,0.56,11,30,0.367,18,24,0.75,32,41,10.0,28.0
1610612744,Golden State Warriors,21700346,2017-12-04,GSW @ NOP,W,125,45,87,0.517,16,33,0.485,19,27,0.704,36,40,17.0,10.0
1610612744,Golden State Warriors,21700358,2017-12-06,GSW @ CHA,W,101,40,84,0.476,11,30,0.367,10,13,0.769,26,47,15.0,14.0
1610612744,Golden State Warriors,21700368,2017-12-08,GSW @ DET,W,102,39,81,0.481,7,26,0.269,17,22,0.773,29,45,14.0,4.0
1610612744,Golden State Warriors,21700395,2017-12-11,GSW vs. POR,W,111,44,80,0.55,10,20,0.5,13,17,0.765,26,42,14.0,7.0
1610612744,Golden State Warriors,21700417,2017-12-14,GSW vs. DAL,W,112,47,78,0.603,11,22,0.5,7,9,0.778,35,41,16.0,15.0
1610612744,Golden State Warriors,21700450,2017-12-18,GSW @ LAL,W,116,43,107,0.402,11,34,0.324,19,21,0.905,25,61,15.0,2.0
1610612744,Golden State Warriors,21700464,2017-12-20,GSW vs. MEM,W,97,34,74,0.459,7,21,0.333,22,25,0.88,26,44,16.0,13.0
1610612744,Golden State Warriors,21700479,2017-12-22,GSW vs. LAL,W,113,42,85,0.494,7,24,0.292,22,27,0.815,24,42,16.0,7.0
1610612744,Golden State Warriors,21700489,2017-12-23,GSW vs. DEN,L,81,32,84,0.381,3,27,0.111,14,17,0.824,25,38,18.0,-15.0
1610612744,Golden State Warriors,21700494,2017-12-25,GSW vs. CLE,W,99,38,82,0.463,10,37,0.27,13,17,0.765,28,47,15.0,7.0
1610612744,Golden State Warriors,21700514,2017-12-27,GSW vs. UTA,W,126,51,86,0.593,11,23,0.478,13,17,0.765,37,50,16.0,25.0
1610612744,Golden State Warriors,21700528,2017-12-29,GSW vs. CHA,L,100,40,87,0.46,8,22,0.364,12,13,0.923,32,43,18.0,-11.0
1610612744,Golden State Warriors,21700535,2017-12-30,GSW vs. MEM,W,141,50,85,0.588,18,33,0.545,23,25,0.92,37,38,10.0,13.0
1610612744,Golden State Warriors,21700562,2018-01-03,GSW @ DAL,W,125,48,91,0.527,13,32,0.406,16,19,0.842,36,46,14.0,3.0
1610612744,Golden State Warriors,21700566,2018-01-04,GSW @ HOU,W,124,48,87,0.552,13,30,0.433,15,20,0.75,35,45,13.0,10.0
1610612744,Golden State Warriors,21700578,2018-01-06,GSW @ LAC,W,121,39,94,0.415,13,39,0.333,30,37,0.811,31,54,17.0,16.0
1610612744,Golden State Warriors,21700597,2018-01-08,GSW vs. DEN,W,124,48,85,0.565,13,30,0.433,15,21,0.714,33,43,16.0,10.0
1610612744,Golden State Warriors,21700613,2018-01-10,GSW vs. LAC,L,106,38,79,0.481,8,23,0.348,22,26,0.846,26,33,16.0,-19.0
1610612744,Golden State Warriors,21700622,2018-01-12,GSW @ MIL,W,108,44,79,0.557,5,15,0.333,15,18,0.833,28,43,11.0,14.0
1610612744,Golden State Warriors,21700631,2018-01-13,GSW @ TOR,W,127,47,81,0.58,9,24,0.375,24,28,0.857,28,30,7.0,2.0
1610612744,Golden State Warriors,21700646,2018-01-15,GSW @ CLE,W,118,41,85,0.482,12,32,0.375,24,30,0.8,33,48,17.0,10.0
1610612744,Golden State Warriors,21700657,2018-01-17,GSW @ CHI,W,119,42,84,0.5,13,33,0.394,22,25,0.88,24,49,15.0,7.0
1610612744,Golden State Warriors,21700679,2018-01-20,GSW @ HOU,L,108,40,82,0.488,17,36,0.472,11,15,0.733,31,33,19.0,-8.0
1610612744,Golden State Warriors,21700699,2018-01-23,GSW vs. NYK,W,123,46,83,0.554,13,30,0.433,18,20,0.9,40,36,12.0,11.0
1610612744,Golden State Warriors,21700713,2018-01-25,GSW vs. MIN,W,126,48,89,0.539,21,37,0.568,9,15,0.6,37,47,16.0,13.0
1610612744,Golden State Warriors,21700728,2018-01-27,GSW vs. BOS,W,109,38,84,0.452,10,27,0.37,23,26,0.885,19,43,12.0,4.0
1610612744,Golden State Warriors,21700751,2018-01-30,GSW @ UTA,L,99,39,85,0.459,5,25,0.2,16,21,0.762,27,37,20.0,-30.0
1610612744,Golden State Warriors,21700774,2018-02-02,GSW @ SAC,W,119,44,80,0.55,17,33,0.515,14,16,0.875,25,51,25.0,15.0
1610612744,Golden State Warriors,21700782,2018-02-03,GSW @ DEN,L,108,43,86,0.5,8,31,0.258,14,23,0.609,28,42,14.0,-7.0
1610612744,Golden State Warriors,21700803,2018-02-06,GSW vs. OKC,L,105,37,76,0.487,8,28,0.286,23,31,0.742,27,45,25.0,-20.0
1610612744,Golden State Warriors,21700815,2018-02-08,GSW vs. DAL,W,121,45,88,0.511,14,29,0.483,17,20,0.85,37,51,16.0,18.0
1610612744,Golden State Warriors,21700831,2018-02-10,GSW vs. SAS,W,122,48,85,0.565,12,27,0.444,14,15,0.933,35,44,16.0,17.0
1610612744,Golden State Warriors,21700846,2018-02-12,GSW vs. PHX,W,129,52,89,0.584,11,26,0.423,14,21,0.667,36,49,12.0,46.0
1610612744,Golden State Warriors,21700864,2018-02-14,GSW @ POR,L,117,43,90,0.478,13,37,0.351,18,19,0.947,24,41,16.0,-6.0
1610612744,Golden State Warriors,21700872,2018-02-22,GSW vs. LAC,W,134,47,76,0.618,14,25,0.56,26,34,0.765,31,32,15.0,7.0
1610612744,Golden State Warriors,21700887,2018-02-24,GSW vs. OKC,W,112,42,89,0.472,17,38,0.447,11,13,0.846,36,54,16.0,32.0
1610612744,Golden State Warriors,21700900,2018-02-26,GSW @ NYK,W,125,44,85,0.518,15,31,0.484,22,26,0.846,31,43,12.0,14.0
1610612744,Golden State Warriors,21700917,2018-02-28,GSW @ WAS,W,109,37,72,0.514,10,24,0.417,25,30,0.833,24,36,14.0,8.0
1610612744,Golden State Warriors,21700928,2018-03-02,GSW @ ATL,W,114,42,79,0.532,11,31,0.355,19,22,0.864,33,35,18.0,5.0
1610612744,Golden State Warriors,21700963,2018-03-06,GSW vs. BKN,W,114,47,83,0.566,11,23,0.478,9,11,0.818,30,41,17.0,13.0
1610612744,Golden State Warriors,21700976,2018-03-08,GSW vs. SAS,W,110,41,95,0.432,8,30,0.267,20,23,0.87,30,49,10.0,3.0
1610612744,Golden State Warriors,21700984,2018-03-09,GSW @ POR,L,108,38,78,0.487,12,28,0.429,20,24,0.833,20,33,12.0,-17.0
1610612744,Golden State Warriors,21700994,2018-03-11,GSW @ MIN,L,103,37,91,0.407,10,36,0.278,19,21,0.905,22,50,13.0,-6.0
1610612744,Golden State Warriors,21701019,2018-03-14,GSW vs. LAL,W,117,44,81,0.543,6,20,0.3,23,28,0.821,25,50,21.0,11.0
1610612744,Golden State Warriors,21701033,2018-03-16,GSW vs. SAC,L,93,34,81,0.42,12,26,0.462,13,18,0.722,21,40,12.0,-5.0
1610612744,Golden State Warriors,21701044,2018-03-17,GSW @ PHX,W,124,50,95,0.526,13,31,0.419,11,14,0.786,29,43,14.0,15.0
1610612744,Golden State Warriors,21701056,2018-03-19,GSW @ SAS,L,75,30,74,0.405,3,19,0.158,12,16,0.75,17,36,15.0,-14.0
1610612744,Golden State Warriors,21701087,2018-03-23,GSW vs. ATL,W,106,42,93,0.452,12,30,0.4,10,11,0.909,28,46,7.0,12.0
1610612744,Golden State Warriors,21701102,2018-03-25,GSW vs. UTA,L,91,38,91,0.418,6,15,0.4,9,10,0.9,24,41,11.0,-19.0
1610612744,Golden State Warriors,21701114,2018-03-27,GSW vs. IND,L,81,35,86,0.407,5,17,0.294,6,9,0.667,21,51,17.0,-11.0
1610612744,Golden State Warriors,21701128,2018-03-29,GSW vs. MIL,L,107,41,75,0.547,10,20,0.5,15,15,1.0,26,31,19.0,-9.0
1610612744,Golden State Warriors,21701142,2018-03-31,GSW @ SAC,W,112,41,83,0.494,9,26,0.346,21,28,0.75,28,42,11.0,16.0
1610612744,Golden State Warriors,21701153,2018-04-01,GSW vs. PHX,W,117,48,89,0.539,13,28,0.464,8,9,0.889,31,45,15.0,10.0
1610612744,Golden State Warriors,21701163,2018-04-03,GSW @ OKC,W,111,41,83,0.494,8,29,0.276,21,24,0.875,27,40,13.0,4.0
1610612744,Golden State Warriors,21701175,2018-04-05,GSW @ IND,L,106,37,83,0.446,9,29,0.31,23,24,0.958,29,39,16.0,-20.0
1610612744,Golden State Warriors,21701195,2018-04-07,GSW vs. NOP,L,120,49,90,0.544,15,33,0.455,7,11,0.636,31,42,17.0,-6.0
1610612744,Golden State Warriors,21701203,2018-04-08,GSW @ PHX,W,117,47,90,0.522,13,32,0.406,10,15,0.667,27,41,11.0,17.0
1610612744,Golden State Warriors,21701217,2018-04-10,GSW @ UTA,L,79,30,86,0.349,5,19,0.263,14,16,0.875,14,39,16.0,-40.0
1610612744,Golden State Warriors,21800002,2018-10-16,GSW vs. OKC,W,108,42,95,0.442,7,26,0.269,17,18,0.944,28,58,21.0,8.0
1610612744,Golden State Warriors,21800024,2018-10-19,GSW @ UTA,W,124,49,87,0.563,10,19,0.526,16,18,0.889,27,43,16.0,1.0
1610612744,Golden State Warriors,21800038,2018-10-21,GSW @ DEN,L,98,36,79,0.456,7,29,0.241,19,24,0.792,22,40,19.0,-2.0
1610612744,Golden State Warriors,21800047,2018-10-22,GSW vs. PHX,W,123,45,88,0.511,14,37,0.378,19,26,0.731,35,40,14.0,20.0
1610612744,Golden State Warriors,21800062,2018-10-24,GSW vs. WAS,W,144,53,92,0.576,15,33,0.455,23,25,0.92,37,48,18.0,22.0
1610612744,Golden State Warriors,21800068,2018-10-26,GSW @ NYK,W,128,51,87,0.586,16,33,0.485,10,12,0.833,26,39,14.0,28.0
1610612744,Golden State Warriors,21800083,2018-10-28,GSW @ BKN,W,120,44,89,0.494,11,33,0.333,21,24,0.875,28,47,12.0,6.0
1610612744,Golden State Warriors,21800091,2018-10-29,GSW @ CHI,W,149,53,96,0.552,24,45,0.533,19,26,0.731,34,49,7.0,25.0
1610612744,Golden State Warriors,21800108,2018-10-31,GSW vs. NOP,W,131,47,89,0.528,16,32,0.5,21,30,0.7,39,46,17.0,10.0
1610612744,Golden State Warriors,21800124,2018-11-02,GSW vs. MIN,W,116,43,88,0.489,13,34,0.382,17,22,0.773,31,61,16.0,17.0
1610612744,Golden State Warriors,21800147,2018-11-05,GSW vs. MEM,W,117,41,81,0.506,13,24,0.542,22,23,0.957,29,46,13.0,16.0
1610612744,Golden State Warriors,21800166,2018-11-08,GSW vs. MIL,L,111,42,87,0.483,10,28,0.357,17,22,0.773,31,38,18.0,-23.0
1610612744,Golden State Warriors,21800182,2018-11-10,GSW vs. BKN,W,116,46,83,0.554,7,16,0.438,17,21,0.81,27,36,10.0,16.0
1610612744,Golden State Warriors,21800198,2018-11-12,GSW @ LAC,L,116,44,94,0.468,12,31,0.387,16,23,0.696,27,46,17.0,-5.0
1610612744,Golden State Warriors,21800201,2018-11-13,GSW vs. ATL,W,110,39,91,0.429,12,27,0.444,20,21,0.952,28,48,13.0,7.0
1610612744,Golden State Warriors,21800213,2018-11-15,GSW @ HOU,L,86,32,76,0.421,4,18,0.222,18,22,0.818,18,44,17.0,-21.0
1610612744,Golden State Warriors,21800232,2018-11-17,GSW @ DAL,L,109,42,94,0.447,9,33,0.273,16,17,0.941,24,47,12.0,-3.0
1610612744,Golden State Warriors,21800238,2018-11-18,GSW @ SAS,L,92,35,86,0.407,5,26,0.192,17,21,0.81,20,46,12.0,-12.0
1610612744,Golden State Warriors,21800264,2018-11-21,GSW vs. OKC,L,95,36,83,0.434,7,29,0.241,16,24,0.667,24,42,17.0,-28.0
1610612744,Golden State Warriors,21800277,2018-11-23,GSW vs. POR,W,125,48,85,0.565,17,32,0.531,12,16,0.75,29,43,15.0,28.0
1610612744,Golden State Warriors,21800285,2018-11-24,GSW vs. SAC,W,117,41,88,0.466,10,34,0.294,25,29,0.862,28,54,15.0,1.0
1610612744,Golden State Warriors,21800300,2018-11-26,GSW vs. ORL,W,116,41,84,0.488,13,35,0.371,21,23,0.913,21,46,15.0,6.0
1610612744,Golden State Warriors,21800316,2018-11-29,GSW @ TOR,L,128,50,103,0.485,11,30,0.367,17,20,0.85,27,46,15.0,-3.0
1610612744,Golden State Warriors,21800331,2018-12-01,GSW @ DET,L,102,39,85,0.459,6,26,0.231,18,21,0.857,23,44,15.0,-9.0
1610612744,Golden State Warriors,21800344,2018-12-03,GSW @ ATL,W,128,48,82,0.585,13,24,0.542,19,22,0.864,33,39,20.0,17.0
1610612744,Golden State Warriors,21800355,2018-12-05,GSW @ CLE,W,129,45,85,0.529,18,34,0.529,21,24,0.875,29,46,9.0,24.0
1610612744,Golden State Warriors,21800377,2018-12-07,GSW @ MIL,W,105,40,89,0.449,19,46,0.413,6,7,0.857,32,43,18.0,10.0
1610612744,Golden State Warriors,21800400,2018-12-10,GSW vs. MIN,W,116,39,93,0.419,19,43,0.442,19,21,0.905,25,49,17.0,8.0
1610612744,Golden State Warriors,21800415,2018-12-12,GSW vs. TOR,L,93,39,82,0.476,6,26,0.231,9,13,0.692,28,40,19.0,-20.0
1610612744,Golden State Warriors,21800428,2018-12-14,GSW @ SAC,W,130,44,96,0.458,15,40,0.375,27,36,0.75,32,60,18.0,5.0
1610612744,Golden State Warriors,21800449,2018-12-17,GSW vs. MEM,W,110,37,85,0.435,12,31,0.387,24,27,0.889,23,42,10.0,17.0
1610612744,Golden State Warriors,21800464,2018-12-19,GSW @ UTA,L,103,38,95,0.4,10,31,0.323,17,18,0.944,18,48,12.0,-5.0
1610612744,Golden State Warriors,21800484,2018-12-22,GSW vs. DAL,W,120,45,98,0.459,15,43,0.349,15,16,0.938,34,54,13.0,4.0
1610612744,Golden State Warriors,21800494,2018-12-23,GSW vs. LAC,W,129,42,93,0.452,14,40,0.35,31,36,0.861,22,46,7.0,2.0
1610612744,Golden State Warriors,21800500,2018-12-25,GSW vs. LAL,L,101,38,93,0.409,9,36,0.25,16,21,0.762,28,37,14.0,-26.0
1610612744,Golden State Warriors,21800516,2018-12-27,GSW vs. POR,L,109,45,106,0.425,13,44,0.295,6,15,0.4,36,59,15.0,-1.0
1610612744,Golden State Warriors,21800534,2018-12-29,GSW @ POR,W,115,40,80,0.5,12,25,0.48,23,28,0.821,27,42,12.0,10.0
1610612744,Golden State Warriors,21800548,2018-12-31,GSW @ PHX,W,132,46,84,0.548,14,28,0.5,26,32,0.813,31,44,15.0,23.0
1610612744,Golden State Warriors,21800565,2019-01-03,GSW vs. HOU,L,134,53,102,0.52,14,37,0.378,14,15,0.933,33,47,15.0,-1.0
1610612744,Golden State Warriors,21800583,2019-01-05,GSW @ SAC,W,127,47,93,0.505,21,47,0.447,12,14,0.857,29,47,14.0,4.0
1610612744,Golden State Warriors,21800605,2019-01-08,GSW vs. NYK,W,122,49,96,0.51,14,45,0.311,10,12,0.833,36,49,16.0,27.0
1610612744,Golden State Warriors,21800629,2019-01-11,GSW vs. CHI,W,146,53,92,0.576,18,39,0.462,22,26,0.846,38,49,12.0,37.0
1610612744,Golden State Warriors,21800642,2019-01-13,GSW @ DAL,W,119,45,99,0.455,19,45,0.422,10,12,0.833,26,49,10.0,5.0
1610612744,Golden State Warriors,21800655,2019-01-15,GSW @ DEN,W,142,57,95,0.6,21,39,0.538,7,10,0.7,38,50,10.0,31.0
1610612744,Golden State Warriors,21800663,2019-01-16,GSW vs. NOP,W,147,49,102,0.48,24,49,0.49,25,31,0.806,33,57,10.0,7.0
1610612744,Golden State Warriors,21800676,2019-01-18,GSW @ LAC,W,112,42,86,0.488,9,37,0.243,19,27,0.704,31,43,10.0,18.0
1610612744,Golden State Warriors,21800701,2019-01-21,GSW @ LAL,W,130,50,98,0.51,16,37,0.432,14,19,0.737,41,50,12.0,19.0
1610612744,Golden State Warriors,21800716,2019-01-24,GSW @ WAS,W,126,50,88,0.568,7,20,0.35,19,21,0.905,34,50,15.0,8.0
1610612744,Golden State Warriors,21800732,2019-01-26,GSW @ BOS,W,115,37,83,0.446,12,33,0.364,29,34,0.853,25,53,15.0,4.0
1610612744,Golden State Warriors,21800745,2019-01-28,GSW @ IND,W,132,53,98,0.541,13,31,0.419,13,16,0.813,39,48,14.0,32.0
1610612744,Golden State Warriors,21800768,2019-01-31,GSW vs. PHI,L,104,41,88,0.466,11,38,0.289,11,16,0.688,30,37,15.0,-9.0
1610612744,Golden State Warriors,21800782,2019-02-02,GSW vs. LAL,W,115,43,91,0.473,11,34,0.324,18,19,0.947,31,44,10.0,14.0
1610612744,Golden State Warriors,21800810,2019-02-06,GSW vs. SAS,W,141,55,95,0.579,16,34,0.471,15,21,0.714,42,52,12.0,39.0
1610612744,Golden State Warriors,21800822,2019-02-08,GSW @ PHX,W,117,41,81,0.506,10,29,0.345,25,35,0.714,30,49,18.0,10.0
1610612744,Golden State Warriors,21800838,2019-02-10,GSW vs. MIA,W,120,44,82,0.537,13,36,0.361,19,26,0.731,28,36,12.0,2.0
1610612744,Golden State Warriors,21800852,2019-02-12,GSW vs. UTA,W,115,44,89,0.494,13,41,0.317,14,21,0.667,29,40,7.0,7.0
1610612744,Golden State Warriors,21800862,2019-02-13,GSW @ POR,L,107,39,97,0.402,13,38,0.342,16,18,0.889,26,49,9.0,-22.0
1610612744,Golden State Warriors,21800871,2019-02-21,GSW vs. SAC,W,125,43,94,0.457,19,46,0.413,20,24,0.833,32,49,15.0,2.0
1610612744,Golden State Warriors,21800892,2019-02-23,GSW vs. HOU,L,112,42,90,0.467,14,36,0.389,14,20,0.7,26,45,18.0,-6.0
1610612744,Golden State Warriors,21800897,2019-02-25,GSW @ CHA,W,121,48,95,0.505,14,41,0.341,11,13,0.846,35,49,15.0,11.0
1610612744,Golden State Warriors,21800915,2019-02-27,GSW @ MIA,L,125,44,89,0.494,17,48,0.354,20,28,0.714,21,37,10.0,-1.0
1610612744,Golden State Warriors,21800923,2019-02-28,GSW @ ORL,L,96,39,97,0.402,9,40,0.225,9,10,0.9,16,47,12.0,-7.0
1610612744,Golden State Warriors,21800938,2019-03-02,GSW @ PHI,W,120,41,81,0.506,14,33,0.424,24,34,0.706,23,39,14.0,3.0
1610612744,Golden State Warriors,21800964,2019-03-05,GSW vs. BOS,L,95,34,85,0.4,8,35,0.229,19,23,0.826,26,45,22.0,-33.0
1610612744,Golden State Warriors,21800984,2019-03-08,GSW vs. DEN,W,122,45,84,0.536,18,35,0.514,14,21,0.667,32,43,17.0,17.0
1610612744,Golden State Warriors,21801000,2019-03-10,GSW vs. PHX,L,111,42,95,0.442,10,43,0.233,17,22,0.773,34,49,17.0,-4.0
1610612744,Golden State Warriors,21801018,2019-03-13,GSW @ HOU,W,106,42,85,0.494,12,32,0.375,10,10,1.0,28,44,15.0,2.0
1610612744,Golden State Warriors,21801038,2019-03-16,GSW @ OKC,W,110,39,83,0.47,15,35,0.429,17,22,0.773,25,53,17.0,22.0
1610612744,Golden State Warriors,21801055,2019-03-18,GSW @ SAS,L,105,41,88,0.466,13,39,0.333,10,12,0.833,27,43,13.0,-6.0
1610612744,Golden State Warriors,21801062,2019-03-19,GSW @ MIN,W,117,44,91,0.484,19,42,0.452,10,14,0.714,39,46,13.0,10.0
1610612744,Golden State Warriors,21801079,2019-03-21,GSW vs. IND,W,112,44,89,0.494,13,36,0.361,11,16,0.688,32,50,16.0,23.0
1610612744,Golden State Warriors,21801092,2019-03-23,GSW vs. DAL,L,91,36,90,0.4,4,30,0.133,15,21,0.714,22,36,10.0,-35.0
1610612744,Golden State Warriors,21801101,2019-03-24,GSW vs. DET,W,121,46,74,0.622,13,25,0.52,16,19,0.842,31,37,16.0,7.0
1610612744,Golden State Warriors,21801118,2019-03-27,GSW @ MEM,W,118,45,84,0.536,15,31,0.484,13,15,0.867,30,46,14.0,15.0
1610612744,Golden State Warriors,21801132,2019-03-29,GSW @ MIN,L,130,46,98,0.469,18,40,0.45,20,28,0.714,27,45,15.0,-1.0
1610612744,Golden State Warriors,21801150,2019-03-31,GSW vs. CHA,W,137,53,88,0.602,21,33,0.636,10,12,0.833,41,50,15.0,47.0
1610612744,Golden State Warriors,21801164,2019-04-02,GSW vs. DEN,W,116,50,92,0.543,13,34,0.382,3,8,0.375,36,55,24.0,14.0
1610612744,Golden State Warriors,21801179,2019-04-04,GSW @ LAL,W,108,43,98,0.439,18,46,0.391,4,5,0.8,30,51,15.0,18.0
1610612744,Golden State Warriors,21801191,2019-04-05,GSW vs. CLE,W,120,46,87,0.529,20,37,0.541,8,8,1.0,29,38,13.0,6.0
1610612744,Golden State Warriors,21801205,2019-04-07,GSW vs. LAC,W,131,53,97,0.546,12,37,0.324,13,15,0.867,34,48,11.0,27.0
1610612744,Golden State Warriors,21801215,2019-04-09,GSW @ NOP,W,112,43,89,0.483,12,30,0.4,14,21,0.667,25,58,15.0,9.0
1610612744,Golden State Warriors,21801225,2019-04-10,GSW @ MEM,L,117,46,92,0.5,13,30,0.433,12,14,0.857,32,39,14.0,-15.0
1610612744,Golden State Warriors,21900016,2019-10-24,GSW vs. LAC,L,122,39,99,0.394,15,42,0.357,29,30,0.967,27,42,13.0,-19.0
1610612744,Golden State Warriors,21900036,2019-10-27,GSW @ OKC,L,92,30,92,0.326,5,33,0.152,27,31,0.871,17,39,15.0,-28.0
1610612744,Golden State Warriors,21900047,2019-10-28,GSW @ NOP,W,134,51,104,0.49,14,35,0.4,18,24,0.75,37,61,18.0,11.0
1610612744,Golden State Warriors,21900065,2019-10-30,GSW vs. PHX,L,110,36,82,0.439,8,28,0.286,30,36,0.833,24,43,18.0,-11.0
1610612744,Golden State Warriors,21900076,2019-11-01,GSW vs. SAS,L,110,39,84,0.464,13,28,0.464,19,21,0.905,25,39,11.0,-17.0
1610612744,Golden State Warriors,21900083,2019-11-02,GSW vs. CHA,L,87,34,77,0.442,9,28,0.321,10,13,0.769,23,40,18.0,-6.0
1610612744,Golden State Warriors,21900096,2019-11-04,GSW vs. POR,W,127,42,86,0.488,10,26,0.385,33,36,0.917,28,47,10.0,9.0
1610612744,Golden State Warriors,21900107,2019-11-06,GSW @ HOU,L,112,38,96,0.396,13,33,0.394,23,28,0.821,22,51,11.0,-17.0
1610612744,Golden State Warriors,21900120,2019-11-08,GSW @ MIN,L,119,43,103,0.417,10,35,0.286,23,24,0.958,18,49,20.0,-6.0
1610612744,Golden State Warriors,21900131,2019-11-09,GSW @ OKC,L,108,42,85,0.494,7,22,0.318,17,17,1.0,22,34,15.0,-6.0
1610612744,Golden State Warriors,21900144,2019-11-11,GSW vs. UTA,L,108,45,94,0.479,10,31,0.323,8,14,0.571,23,44,10.0,-14.0
1610612744,Golden State Warriors,21900159,2019-11-13,GSW @ LAL,L,94,36,89,0.404,9,35,0.257,13,17,0.765,29,33,17.0,-26.0
1610612744,Golden State Warriors,21900173,2019-11-15,GSW vs. BOS,L,100,34,82,0.415,5,28,0.179,27,34,0.794,17,55,20.0,-5.0
1610612744,Golden State Warriors,21900187,2019-11-17,GSW @ NOP,L,100,37,91,0.407,7,25,0.28,19,23,0.826,23,43,12.0,-8.0
1610612744,Golden State Warriors,21900198,2019-11-19,GSW @ MEM,W,114,43,90,0.478,9,29,0.31,19,22,0.864,33,51,15.0,19.0
1610612744,Golden State Warriors,21900208,2019-11-20,GSW @ DAL,L,94,35,90,0.389,8,27,0.296,16,25,0.64,18,34,10.0,-48.0
1610612744,Golden State Warriors,21900223,2019-11-22,GSW @ UTA,L,109,43,94,0.457,12,28,0.429,11,12,0.917,28,37,9.0,-4.0
1610612744,Golden State Warriors,21900250,2019-11-25,GSW vs. OKC,L,97,37,89,0.416,9,20,0.45,14,16,0.875,27,41,13.0,-3.0
1610612744,Golden State Warriors,21900266,2019-11-27,GSW vs. CHI,W,104,37,81,0.457,11,29,0.379,19,26,0.731,31,54,21.0,14.0
1610612744,Golden State Warriors,21900273,2019-11-29,GSW @ MIA,L,105,30,77,0.39,10,28,0.357,35,40,0.875,19,31,9.0,-17.0
1610612744,Golden State Warriors,21900290,2019-12-01,GSW @ ORL,L,96,36,91,0.396,6,23,0.261,18,23,0.783,21,46,12.0,-4.0
1610612744,Golden State Warriors,21900295,2019-12-02,GSW @ ATL,L,79,33,83,0.398,3,17,0.176,10,12,0.833,17,46,25.0,-25.0
1610612744,Golden State Warriors,21900306,2019-12-04,GSW @ CHA,L,91,36,78,0.462,9,23,0.391,10,15,0.667,18,37,16.0,-15.0
1610612744,Golden State Warriors,21900325,2019-12-06,GSW @ CHI,W,100,38,71,0.535,9,24,0.375,15,22,0.682,24,39,20.0,2.0
1610612744,Golden State Warriors,21900351,2019-12-09,GSW vs. MEM,L,102,35,93,0.376,11,27,0.407,21,25,0.84,23,46,16.0,-8.0
1610612744,Golden State Warriors,21900366,2019-12-11,GSW vs. NYK,L,122,45,104,0.433,10,37,0.27,22,30,0.733,27,46,8.0,-2.0
1610612744,Golden State Warriors,21900379,2019-12-13,GSW @ UTA,L,106,41,91,0.451,9,29,0.31,15,22,0.682,19,48,12.0,-8.0
1610612744,Golden State Warriors,21900393,2019-12-15,GSW vs. SAC,L,79,30,76,0.395,6,25,0.24,13,18,0.722,24,25,21.0,-21.0
1610612744,Golden State Warriors,21900415,2019-12-18,GSW @ POR,L,112,41,103,0.398,16,38,0.421,14,23,0.609,24,50,8.0,-10.0
1610612744,Golden State Warriors,21900429,2019-12-20,GSW vs. NOP,W,106,36,83,0.434,10,33,0.303,24,25,0.96,25,47,18.0,4.0
1610612744,Golden State Warriors,21900454,2019-12-23,GSW vs. MIN,W,113,38,87,0.437,12,30,0.4,25,30,0.833,27,55,20.0,9.0
1610612744,Golden State Warriors,21900457,2019-12-25,GSW vs. HOU,W,116,41,87,0.471,9,28,0.321,25,28,0.893,27,54,16.0,12.0
1610612744,Golden State Warriors,21900471,2019-12-27,GSW vs. PHX,W,105,38,92,0.413,9,27,0.333,20,25,0.8,22,41,11.0,9.0
1610612744,Golden State Warriors,21900482,2019-12-28,GSW vs. DAL,L,121,45,93,0.484,18,39,0.462,13,17,0.765,28,42,13.0,-20.0
1610612744,Golden State Warriors,21900502,2019-12-31,GSW @ SAS,L,113,44,96,0.458,12,27,0.444,13,18,0.722,31,44,9.0,-4.0
1610612744,Golden State Warriors,21900512,2020-01-02,GSW @ MIN,L,84,33,77,0.429,3,20,0.15,15,21,0.714,20,43,17.0,-15.0
1610612744,Golden State Warriors,21900532,2020-01-04,GSW vs. DET,L,104,33,82,0.402,11,21,0.524,27,32,0.844,26,42,14.0,-7.0
1610612744,Golden State Warriors,21900547,2020-01-06,GSW @ SAC,L,98,34,86,0.395,5,26,0.192,25,32,0.781,19,44,19.0,-13.0
1610612744,Golden State Warriors,21900562,2020-01-08,GSW vs. MIL,L,98,33,87,0.379,15,38,0.395,17,20,0.85,29,52,19.0,-9.0
1610612744,Golden State Warriors,21900576,2020-01-10,GSW @ LAC,L,100,37,96,0.385,8,39,0.205,18,25,0.72,28,46,10.0,-9.0
1610612744,Golden State Warriors,21900588,2020-01-12,GSW @ MEM,L,102,35,92,0.38,17,34,0.5,15,21,0.714,23,47,22.0,-20.0
1610612744,Golden State Warriors,21900602,2020-01-14,GSW vs. DAL,L,97,39,87,0.448,9,32,0.281,10,13,0.769,27,36,14.0,-27.0
1610612744,Golden State Warriors,21900617,2020-01-16,GSW vs. DEN,L,131,42,95,0.442,20,45,0.444,27,31,0.871,36,42,19.0,-3.0
1610612744,Golden State Warriors,21900634,2020-01-18,GSW vs. ORL,W,109,43,94,0.457,12,40,0.3,11,11,1.0,25,44,11.0,14.0
1610612744,Golden State Warriors,21900652,2020-01-20,GSW @ POR,L,124,48,116,0.414,9,36,0.25,19,22,0.864,30,60,9.0,-5.0
1610612744,Golden State Warriors,21900665,2020-01-22,GSW vs. UTA,L,96,35,88,0.398,6,23,0.261,20,24,0.833,20,37,8.0,-33.0
1610612744,Golden State Warriors,21900679,2020-01-24,GSW vs. IND,L,118,40,82,0.488,19,39,0.487,19,23,0.826,31,38,20.0,-11.0
1610612744,Golden State Warriors,21900702,2020-01-28,GSW @ PHI,L,104,37,87,0.425,15,40,0.375,15,21,0.714,29,40,14.0,-11.0
1610612744,Golden State Warriors,21900717,2020-01-30,GSW @ BOS,L,104,33,77,0.429,12,39,0.308,26,30,0.867,24,30,17.0,-15.0
1610612744,Golden State Warriors,21900730,2020-02-01,GSW @ CLE,W,131,48,90,0.533,18,35,0.514,17,19,0.895,39,44,11.0,19.0
1610612744,Golden State Warriors,21900744,2020-02-03,GSW @ WAS,W,125,43,87,0.494,15,30,0.5,24,31,0.774,31,44,14.0,8.0
1610612744,Golden State Warriors,21900757,2020-02-05,GSW @ BKN,L,88,35,96,0.365,5,39,0.128,13,18,0.722,20,34,7.0,-41.0
1610612744,Golden State Warriors,21900783,2020-02-08,GSW vs. LAL,L,120,46,89,0.517,13,32,0.406,15,23,0.652,31,33,18.0,-5.0
1610612744,Golden State Warriors,21900800,2020-02-10,GSW vs. MIA,L,101,30,77,0.39,11,34,0.324,30,34,0.882,23,40,16.0,-12.0
1610612744,Golden State Warriors,21900815,2020-02-12,GSW @ PHX,L,106,39,77,0.506,11,31,0.355,17,19,0.895,27,38,22.0,-6.0
1610612744,Golden State Warriors,21900825,2020-02-20,GSW vs. HOU,L,105,44,89,0.494,7,33,0.212,10,12,0.833,26,40,23.0,-30.0
1610612744,Golden State Warriors,21900847,2020-02-23,GSW vs. NOP,L,101,40,92,0.435,11,35,0.314,10,15,0.667,28,48,15.0,-14.0
1610612744,Golden State Warriors,21900863,2020-02-25,GSW vs. SAC,L,94,35,79,0.443,4,28,0.143,20,24,0.833,21,34,17.0,-18.0
1610612744,Golden State Warriors,21900876,2020-02-27,GSW vs. LAL,L,86,34,80,0.425,9,32,0.281,9,10,0.9,27,37,27.0,-30.0
1610612744,Golden State Warriors,21900894,2020-02-29,GSW @ PHX,W,115,41,87,0.471,9,30,0.3,24,32,0.75,30,49,10.0,16.0
1610612744,Golden State Warriors,21900901,2020-03-01,GSW vs. WAS,L,110,42,89,0.472,9,28,0.321,17,24,0.708,25,52,22.0,-14.0
1610612744,Golden State Warriors,21900913,2020-03-03,GSW @ DEN,W,116,42,82,0.512,18,41,0.439,14,22,0.636,31,35,11.0,16.0
1610612744,Golden State Warriors,21900929,2020-03-05,GSW vs. TOR,L,113,40,98,0.408,14,52,0.269,19,25,0.76,34,52,16.0,-8.0
1610612744,Golden State Warriors,21900944,2020-03-07,GSW vs. PHI,W,118,44,80,0.55,9,25,0.36,21,28,0.75,30,35,7.0,4.0
1610612744,Golden State Warriors,21900967,2020-03-10,GSW vs. LAC,L,107,37,79,0.468,11,38,0.289,22,27,0.815,25,35,10.0,-24.0
1610612744,Golden State Warriors,22000001,2020-12-22,GSW @ BKN,L,99,37,99,0.374,10,33,0.303,15,23,0.652,26,47,18.0,-26.0
1610612744,Golden State Warriors,22000006,2020-12-25,GSW @ MIL,L,99,34,99,0.343,10,45,0.222,21,25,0.84,14,43,11.0,-39.0
1610612744,Golden State Warriors,22000038,2020-12-27,GSW @ CHI,W,129,42,104,0.404,18,47,0.383,27,30,0.9,25,41,12.0,1.0
1610612744,Golden State Warriors,22000047,2020-12-29,GSW @ DET,W,116,38,76,0.5,14,33,0.424,26,36,0.722,21,40,19.0,10.0
1610612744,Golden State Warriors,22000078,2021-01-01,GSW vs. POR,L,98,31,79,0.392,7,35,0.2,29,33,0.879,19,44,15.0,-25.0
1610612744,Golden State Warriors,22000092,2021-01-03,GSW vs. POR,W,137,49,88,0.557,13,34,0.382,26,34,0.765,23,53,15.0,15.0
1610612744,Golden State Warriors,22000101,2021-01-04,GSW vs. SAC,W,137,51,97,0.526,23,43,0.535,12,14,0.857,41,48,11.0,31.0
1610612744,Golden State Warriors,22000116,2021-01-06,GSW vs. LAC,L,101,39,86,0.453,8,30,0.267,15,19,0.789,25,35,13.0,-7.0
1610612744,Golden State Warriors,22000130,2021-01-08,GSW vs. LAC,W,115,40,82,0.488,20,41,0.488,15,18,0.833,25,38,16.0,10.0
1610612744,Golden State Warriors,22000148,2021-01-10,GSW vs. TOR,W,106,38,93,0.409,13,46,0.283,17,19,0.895,30,51,15.0,1.0
1610612744,Golden State Warriors,22000163,2021-01-12,GSW vs. IND,L,95,34,89,0.382,13,38,0.342,14,22,0.636,25,46,16.0,-9.0
1610612744,Golden State Warriors,22000177,2021-01-14,GSW @ DEN,L,104,38,81,0.469,11,29,0.379,17,24,0.708,29,43,19.0,-10.0
1610612744,Golden State Warriors,22000212,2021-01-18,GSW @ LAL,W,115,44,87,0.506,12,37,0.324,15,20,0.75,31,32,13.0,2.0
1610612744,Golden State Warriors,22000223,2021-01-20,GSW vs. SAS,W,121,46,91,0.505,15,38,0.395,14,20,0.7,31,54,15.0,22.0
1610612744,Golden State Warriors,22000228,2021-01-21,GSW vs. NYK,L,104,33,86,0.384,9,38,0.237,29,39,0.744,27,46,10.0,-15.0
1610612744,Golden State Warriors,22000242,2021-01-23,GSW @ UTA,L,108,42,93,0.452,14,39,0.359,10,15,0.667,30,35,11.0,-19.0
1610612744,Golden State Warriors,22000266,2021-01-25,GSW vs. MIN,W,130,44,89,0.494,14,30,0.467,28,37,0.757,21,46,15.0,22.0
1610612744,Golden State Warriors,22000283,2021-01-27,GSW vs. MIN,W,123,45,85,0.529,15,34,0.441,18,23,0.783,32,46,21.0,12.0
1610612744,Golden State Warriors,22000286,2021-01-28,GSW @ PHX,L,93,38,99,0.384,11,38,0.289,6,8,0.75,21,48,13.0,-21.0
1610612744,Golden State Warriors,22000305,2021-01-30,GSW vs. DET,W,118,47,89,0.528,17,36,0.472,7,10,0.7,34,47,14.0,27.0
1610612744,Golden State Warriors,22000326,2021-02-02,GSW vs. BOS,L,107,38,83,0.458,15,37,0.405,16,23,0.696,30,36,11.0,-4.0
1610612744,Golden State Warriors,22000339,2021-02-04,GSW @ DAL,W,147,51,89,0.573,22,43,0.512,23,27,0.852,37,45,10.0,31.0
1610612744,Golden State Warriors,22000360,2021-02-06,GSW @ DAL,L,132,46,86,0.535,20,45,0.444,20,23,0.87,27,40,16.0,-2.0
1610612744,Golden State Warriors,22000371,2021-02-08,GSW @ SAS,L,100,38,86,0.442,13,37,0.351,11,15,0.733,29,49,20.0,-5.0
1610612744,Golden State Warriors,22000378,2021-02-09,GSW @ SAS,W,114,42,91,0.462,17,40,0.425,13,19,0.684,26,50,11.0,23.0
1610612744,Golden State Warriors,22000393,2021-02-11,GSW vs. ORL,W,111,41,88,0.466,20,50,0.4,9,12,0.75,29,46,17.0,6.0
1610612744,Golden State Warriors,22000409,2021-02-13,GSW vs. BKN,L,117,44,90,0.489,9,34,0.265,20,25,0.8,25,37,13.0,-17.0
1610612744,Golden State Warriors,22000424,2021-02-15,GSW vs. CLE,W,129,46,88,0.523,17,37,0.459,20,21,0.952,34,39,14.0,31.0
1610612744,Golden State Warriors,22000443,2021-02-17,GSW vs. MIA,W,120,43,95,0.453,18,52,0.346,16,21,0.762,32,46,16.0,8.0
1610612744,Golden State Warriors,22000449,2021-02-19,GSW @ ORL,L,120,46,97,0.474,19,42,0.452,9,15,0.6,37,45,13.0,-4.0
1610612744,Golden State Warriors,22000459,2021-02-20,GSW @ CHA,L,100,37,85,0.435,13,39,0.333,13,17,0.765,23,39,14.0,-2.0
1610612744,Golden State Warriors,22000483,2021-02-23,GSW @ NYK,W,114,40,89,0.449,13,38,0.342,21,24,0.875,30,41,10.0,8.0
1610612744,Golden State Warriors,22000489,2021-02-24,GSW @ IND,W,111,39,83,0.47,5,26,0.192,28,31,0.903,27,41,18.0,4.0
1610612744,Golden State Warriors,22000511,2021-02-26,GSW vs. CHA,W,130,48,79,0.608,11,24,0.458,23,25,0.92,38,37,25.0,9.0
1610612744,Golden State Warriors,22000527,2021-02-28,GSW @ LAL,L,91,35,86,0.407,8,34,0.235,13,19,0.684,26,35,20.0,-26.0
1610612744,Golden State Warriors,22000550,2021-03-03,GSW @ POR,L,106,41,97,0.423,15,42,0.357,9,14,0.643,27,54,11.0,-2.0
1610612744,Golden State Warriors,22000185,2021-03-04,GSW @ PHX,L,98,38,88,0.432,12,35,0.343,10,16,0.625,22,40,17.0,-22.0
1610612744,Golden State Warriors,22000576,2021-03-11,GSW @ LAC,L,104,38,88,0.432,9,36,0.25,19,27,0.704,20,44,16.0,-26.0
1610612744,Golden State Warriors,22000594,2021-03-14,GSW vs. UTA,W,131,50,89,0.562,16,31,0.516,15,18,0.833,33,40,14.0,12.0
1610612744,Golden State Warriors,22000608,2021-03-15,GSW vs. LAL,L,97,34,79,0.43,13,37,0.351,16,24,0.667,24,30,22.0,-31.0
1610612744,Golden State Warriors,22000622,2021-03-17,GSW @ HOU,W,108,41,90,0.456,16,45,0.356,10,12,0.833,32,48,13.0,14.0
1610612744,Golden State Warriors,22000636,2021-03-19,GSW @ MEM,W,116,44,91,0.484,15,41,0.366,13,18,0.722,31,43,13.0,13.0
1610612744,Golden State Warriors,22000642,2021-03-20,GSW @ MEM,L,103,31,90,0.344,13,41,0.317,28,34,0.824,23,46,12.0,-8.0
1610612744,Golden State Warriors,22000665,2021-03-23,GSW vs. PHI,L,98,36,83,0.434,8,25,0.32,18,26,0.692,22,38,13.0,-10.0
1610612744,Golden State Warriors,22000682,2021-03-25,GSW @ SAC,L,119,45,88,0.511,17,32,0.531,12,12,1.0,24,38,12.0,-22.0
1610612744,Golden State Warriors,22000692,2021-03-26,GSW vs. ATL,L,108,39,79,0.494,12,28,0.429,18,26,0.692,29,33,13.0,-16.0
1610612744,Golden State Warriors,22000716,2021-03-29,GSW vs. CHI,W,116,46,92,0.5,16,38,0.421,8,9,0.889,28,39,15.0,14.0
1610612744,Golden State Warriors,22000733,2021-04-01,GSW @ MIA,L,109,36,82,0.439,15,37,0.405,22,25,0.88,23,46,20.0,-7.0
1610612744,Golden State Warriors,22000737,2021-04-02,GSW @ TOR,L,77,26,79,0.329,11,34,0.324,14,18,0.778,19,38,21.0,-53.0
1610612744,Golden State Warriors,22000759,2021-04-04,GSW @ ATL,L,111,43,92,0.467,10,40,0.25,15,21,0.714,25,45,16.0,-6.0
1610612744,Golden State Warriors,22000774,2021-04-06,GSW vs. MIL,W,122,46,96,0.479,15,40,0.375,15,17,0.882,28,42,11.0,1.0
1610612744,Golden State Warriors,22000798,2021-04-09,GSW vs. WAS,L,107,41,88,0.466,11,36,0.306,14,21,0.667,27,41,13.0,-3.0
1610612744,Golden State Warriors,22000802,2021-04-10,GSW vs. HOU,W,125,49,91,0.538,14,35,0.4,13,16,0.813,31,45,16.0,16.0
1610612744,Golden State Warriors,22000821,2021-04-12,GSW vs. DEN,W,116,39,81,0.481,18,44,0.409,20,22,0.909,23,36,16.0,9.0
1610612744,Golden State Warriors,22000836,2021-04-14,GSW @ OKC,W,147,52,95,0.547,24,47,0.511,19,23,0.826,39,41,14.0,38.0
1610612744,Golden State Warriors,22000841,2021-04-15,GSW @ CLE,W,119,47,92,0.511,17,46,0.37,8,10,0.8,33,47,16.0,18.0
1610612744,Golden State Warriors,22000858,2021-04-17,GSW @ BOS,L,114,41,80,0.513,17,40,0.425,15,20,0.75,22,40,18.0,-5.0
1610612744,Golden State Warriors,22000870,2021-04-19,GSW @ PHI,W,107,34,76,0.447,14,32,0.438,25,32,0.781,15,45,16.0,11.0
1610612744,Golden State Warriors,22000885,2021-04-21,GSW @ WAS,L,114,40,101,0.396,15,45,0.333,19,21,0.905,22,44,17.0,-4.0
1610612744,Golden State Warriors,22000903,2021-04-23,GSW vs. DEN,W,118,45,84,0.536,15,39,0.385,13,18,0.722,40,52,15.0,21.0
1610612744,Golden State Warriors,22000915,2021-04-25,GSW vs. SAC,W,117,46,95,0.484,14,36,0.389,11,15,0.733,30,53,17.0,4.0
1610612744,Golden State Warriors,22000932,2021-04-27,GSW vs. DAL,L,103,34,84,0.405,16,43,0.372,19,24,0.792,25,43,18.0,-30.0
1610612744,Golden State Warriors,22000946,2021-04-29,GSW @ MIN,L,114,42,85,0.494,15,38,0.395,15,21,0.714,28,34,10.0,-12.0
1610612744,Golden State Warriors,22000958,2021-05-01,GSW @ HOU,W,113,39,84,0.464,18,46,0.391,17,24,0.708,32,50,17.0,26.0
1610612744,Golden State Warriors,22000977,2021-05-03,GSW @ NOP,W,123,47,88,0.534,17,44,0.386,12,14,0.857,31,38,15.0,15.0
1610612744,Golden State Warriors,22000987,2021-05-04,GSW @ NOP,L,103,39,93,0.419,20,53,0.377,5,7,0.714,22,48,18.0,-5.0
1610612744,Golden State Warriors,22001001,2021-05-06,GSW vs. OKC,W,118,42,86,0.488,19,47,0.404,15,18,0.833,36,49,14.0,21.0
1610612744,Golden State Warriors,22001017,2021-05-08,GSW vs. OKC,W,136,47,81,0.58,27,54,0.5,15,18,0.833,31,46,19.0,39.0
1610612744,Golden State Warriors,22001030,2021-05-10,GSW vs. UTA,W,119,41,88,0.466,14,42,0.333,23,25,0.92,26,41,10.0,3.0
1610612744,Golden State Warriors,22001039,2021-05-11,GSW vs. PHX,W,122,47,95,0.495,11,40,0.275,17,20,0.85,33,40,10.0,6.0
1610612744,Golden State Warriors,22001059,2021-05-14,GSW vs. NOP,W,125,42,87,0.483,17,39,0.436,24,30,0.8,29,46,12.0,3.0
1610612744,Golden State Warriors,22001070,2021-05-16,GSW vs. MEM,W,113,41,83,0.494,15,39,0.385,16,18,0.889,26,46,20.0,12.0
1610612744,Golden State Warriors,22100002,2021-10-19,GSW @ LAL,W,121,41,93,0.441,14,39,0.359,25,30,0.833,30,50,17.0,7.0
1610612744,Golden State Warriors,22100016,2021-10-21,GSW vs. LAC,W,115,43,83,0.518,15,31,0.484,14,22,0.636,27,53,21.0,2.0
1610612744,Golden State Warriors,22100039,2021-10-24,GSW @ SAC,W,119,43,97,0.443,13,37,0.351,20,24,0.833,26,43,7.0,12.0
1610612744,Golden State Warriors,22100051,2021-10-26,GSW @ OKC,W,106,39,83,0.47,14,40,0.35,14,18,0.778,30,46,15.0,8.0
1610612744,Golden State Warriors,22100070,2021-10-28,GSW vs. MEM,L,101,39,90,0.433,14,40,0.35,9,12,0.75,29,48,23.0,-3.0
1610612744,Golden State Warriors,22100086,2021-10-30,GSW vs. OKC,W,103,39,92,0.424,21,54,0.389,4,8,0.5,30,56,16.0,21.0
1610612744,Golden State Warriors,22100117,2021-11-03,GSW vs. CHA,W,114,42,86,0.488,18,45,0.4,12,18,0.667,33,53,17.0,22.0
1610612744,Golden State Warriors,22100130,2021-11-05,GSW vs. NOP,W,126,47,91,0.516,20,50,0.4,12,14,0.857,36,49,11.0,41.0
1610612744,Golden State Warriors,22100145,2021-11-07,GSW vs. HOU,W,120,44,85,0.518,15,46,0.326,17,20,0.85,31,41,17.0,13.0
1610612744,Golden State Warriors,22100152,2021-11-08,GSW vs. ATL,W,127,44,92,0.478,18,44,0.409,21,22,0.955,31,39,14.0,14.0
1610612744,Golden State Warriors,22100169,2021-11-10,GSW vs. MIN,W,123,40,85,0.471,11,40,0.275,32,40,0.8,23,53,16.0,13.0
1610612744,Golden State Warriors,22100183,2021-11-12,GSW vs. CHI,W,119,45,93,0.484,15,46,0.326,14,16,0.875,27,47,16.0,26.0
1610612744,Golden State Warriors,22100194,2021-11-14,GSW @ CHA,L,102,38,90,0.422,9,39,0.231,17,25,0.68,31,49,15.0,-4.0
1610612744,Golden State Warriors,22100210,2021-11-16,GSW @ BKN,W,117,41,79,0.519,13,40,0.325,22,28,0.786,25,53,22.0,18.0
1610612744,Golden State Warriors,22100224,2021-11-18,GSW @ CLE,W,104,41,83,0.494,15,43,0.349,7,8,0.875,36,34,11.0,15.0
1610612744,Golden State Warriors,22100231,2021-11-19,GSW @ DET,W,105,38,80,0.475,12,30,0.4,17,21,0.81,22,48,19.0,3.0
1610612744,Golden State Warriors,22100252,2021-11-21,GSW vs. TOR,W,119,39,79,0.494,22,45,0.489,19,24,0.792,31,47,16.0,15.0
1610612744,Golden State Warriors,22100278,2021-11-24,GSW vs. PHI,W,116,42,80,0.525,15,38,0.395,17,24,0.708,32,41,16.0,20.0
1610612744,Golden State Warriors,22100290,2021-11-26,GSW vs. POR,W,118,47,87,0.54,12,37,0.324,12,16,0.75,31,48,15.0,15.0
1610612744,Golden State Warriors,22100300,2021-11-28,GSW @ LAC,W,105,38,86,0.442,17,40,0.425,12,22,0.545,25,43,17.0,15.0
1610612744,Golden State Warriors,22100316,2021-11-30,GSW @ PHX,L,96,36,86,0.419,14,40,0.35,10,14,0.714,25,51,23.0,-8.0
1610612744,Golden State Warriors,22100340,2021-12-03,GSW vs. PHX,W,118,45,92,0.489,19,39,0.487,9,12,0.75,30,51,17.0,22.0
1610612744,Golden State Warriors,22100346,2021-12-04,GSW vs. SAS,L,107,40,90,0.444,13,39,0.333,14,21,0.667,26,45,13.0,-5.0
1610612744,Golden State Warriors,22100361,2021-12-06,GSW vs. ORL,W,126,43,87,0.494,20,40,0.5,20,29,0.69,28,43,15.0,31.0
1610612744,Golden State Warriors,22100376,2021-12-08,GSW vs. POR,W,104,33,83,0.398,14,46,0.304,24,31,0.774,22,47,16.0,10.0
1610612744,Golden State Warriors,22100396,2021-12-11,GSW @ PHI,L,93,34,85,0.4,12,48,0.25,13,18,0.722,21,42,13.0,-9.0
1610612744,Golden State Warriors,22100405,2021-12-13,GSW @ IND,W,102,42,84,0.5,8,30,0.267,10,14,0.714,21,47,18.0,2.0
1610612744,Golden State Warriors,22100414,2021-12-14,GSW @ NYK,W,105,35,77,0.455,15,40,0.375,20,27,0.741,28,49,12.0,9.0
1610612744,Golden State Warriors,22100435,2021-12-17,GSW @ BOS,W,111,39,90,0.433,16,46,0.348,17,21,0.81,27,45,14.0,4.0
1610612744,Golden State Warriors,22100443,2021-12-18,GSW @ TOR,L,100,37,79,0.468,11,36,0.306,15,21,0.714,26,47,20.0,-19.0
1610612744,Golden State Warriors,22100462,2021-12-20,GSW vs. SAC,W,113,46,88,0.523,15,37,0.405,6,9,0.667,28,42,16.0,15.0
1610612744,Golden State Warriors,22100485,2021-12-23,GSW vs. MEM,W,113,40,82,0.488,19,40,0.475,14,18,0.778,30,39,19.0,9.0
1610612744,Golden State Warriors,22100490,2021-12-25,GSW @ PHX,W,116,42,85,0.494,14,37,0.378,18,21,0.857,28,42,11.0,9.0
1610612744,Golden State Warriors,22100514,2021-12-28,GSW vs. DEN,L,86,30,72,0.417,10,32,0.313,16,31,0.516,20,43,17.0,-3.0
1610612744,Golden State Warriors,22100544,2022-01-01,GSW @ UTA,W,123,46,86,0.535,17,32,0.531,14,21,0.667,39,40,15.0,7.0
1610612744,Golden State Warriors,22100559,2022-01-03,GSW vs. MIA,W,115,45,92,0.489,14,38,0.368,11,13,0.846,39,43,12.0,7.0
1610612744,Golden State Warriors,22100572,2022-01-05,GSW @ DAL,L,82,33,81,0.407,5,28,0.179,11,16,0.688,20,46,17.0,-17.0
1610612744,Golden State Warriors,22100580,2022-01-06,GSW @ NOP,L,96,37,87,0.425,7,33,0.212,15,18,0.833,22,43,14.0,-5.0
1610612744,Golden State Warriors,22100604,2022-01-09,GSW vs. CLE,W,96,39,97,0.402,10,42,0.238,8,10,0.8,24,54,15.0,14.0
1610612744,Golden State Warriors,22100614,2022-01-11,GSW @ MEM,L,108,35,82,0.427,13,36,0.361,25,29,0.862,25,45,17.0,-8.0
1610612744,Golden State Warriors,22100627,2022-01-13,GSW @ MIL,L,99,33,95,0.347,16,48,0.333,17,24,0.708,20,49,15.0,-19.0
1610612744,Golden State Warriors,22100637,2022-01-14,GSW @ CHI,W,138,53,94,0.564,19,42,0.452,13,17,0.765,39,47,7.0,42.0
1610612744,Golden State Warriors,22100652,2022-01-16,GSW @ MIN,L,99,32,82,0.39,13,42,0.31,22,29,0.759,20,47,15.0,-20.0
1610612744,Golden State Warriors,22100667,2022-01-18,GSW vs. DET,W,102,34,83,0.41,14,42,0.333,20,27,0.741,26,54,13.0,16.0
1610612744,Golden State Warriors,22100683,2022-01-20,GSW vs. IND,L,117,42,94,0.447,9,42,0.214,24,29,0.828,28,53,21.0,-4.0
1610612744,Golden State Warriors,22100694,2022-01-21,GSW vs. HOU,W,105,39,81,0.481,10,30,0.333,17,22,0.773,25,41,19.0,2.0
1610612744,Golden State Warriors,22100708,2022-01-23,GSW vs. UTA,W,94,36,83,0.434,13,42,0.31,9,10,0.9,19,40,10.0,2.0
1610612744,Golden State Warriors,22100720,2022-01-25,GSW vs. DAL,W,130,49,92,0.533,17,43,0.395,15,18,0.833,31,58,14.0,38.0
1610612744,Golden State Warriors,22100734,2022-01-27,GSW vs. MIN,W,124,44,82,0.537,21,36,0.583,15,21,0.714,31,47,19.0,9.0
1610612744,Golden State Warriors,22100750,2022-01-29,GSW vs. BKN,W,110,40,98,0.408,14,45,0.311,16,18,0.889,24,55,12.0,4.0
1610612744,Golden State Warriors,22100764,2022-01-31,GSW @ HOU,W,122,43,80,0.538,17,40,0.425,19,23,0.826,23,41,15.0,14.0
1610612744,Golden State Warriors,22100771,2022-02-01,GSW @ SAS,W,124,43,96,0.448,20,46,0.435,18,18,1.0,30,46,16.0,4.0
1610612744,Golden State Warriors,22100785,2022-02-03,GSW vs. SAC,W,126,47,84,0.56,20,42,0.476,12,16,0.75,27,40,16.0,12.0
1610612744,Golden State Warriors,22100813,2022-02-07,GSW @ OKC,W,110,41,82,0.5,15,43,0.349,13,17,0.765,30,40,15.0,12.0
1610612744,Golden State Warriors,22100828,2022-02-09,GSW @ UTA,L,85,28,78,0.359,16,43,0.372,13,17,0.765,17,35,13.0,-26.0
1610612744,Golden State Warriors,22100837,2022-02-10,GSW vs. NYK,L,114,42,91,0.462,15,45,0.333,15,17,0.882,27,38,8.0,-2.0
1610612744,Golden State Warriors,22100854,2022-02-12,GSW vs. LAL,W,117,40,90,0.444,12,38,0.316,25,34,0.735,24,50,9.0,2.0
1610612744,Golden State Warriors,22100866,2022-02-14,GSW @ LAC,L,104,39,86,0.453,16,41,0.39,10,13,0.769,23,38,14.0,-15.0
1610612744,Golden State Warriors,22100883,2022-02-16,GSW vs. DEN,L,116,45,87,0.517,10,34,0.294,16,24,0.667,26,37,11.0,-1.0
1610612744,Golden State Warriors,22100894,2022-02-24,GSW @ POR,W,132,45,88,0.511,15,41,0.366,27,32,0.844,36,46,12.0,37.0
1610612744,Golden State Warriors,22100917,2022-02-27,GSW vs. DAL,L,101,39,91,0.429,11,39,0.282,12,20,0.6,27,44,11.0,-6.0
1610612744,Golden State Warriors,22100930,2022-03-01,GSW @ MIN,L,114,41,90,0.456,13,45,0.289,19,22,0.864,26,40,17.0,-15.0
1610612744,Golden State Warriors,22100943,2022-03-03,GSW @ DAL,L,113,44,81,0.543,15,30,0.5,10,13,0.769,26,37,15.0,-9.0
1610612744,Golden State Warriors,22100959,2022-03-05,GSW @ LAL,L,116,46,92,0.5,15,34,0.441,9,19,0.474,22,41,16.0,-8.0
1610612744,Golden State Warriors,22100528,2022-03-07,GSW @ DEN,L,124,45,88,0.511,17,40,0.425,17,23,0.739,29,41,14.0,-7.0
1610612744,Golden State Warriors,22100980,2022-03-08,GSW vs. LAC,W,112,44,92,0.478,13,34,0.382,11,13,0.846,33,51,16.0,15.0
1610612744,Golden State Warriors,22100994,2022-03-10,GSW @ DEN,W,113,42,88,0.477,14,42,0.333,15,20,0.75,26,36,8.0,11.0
1610612744,Golden State Warriors,22101008,2022-03-12,GSW vs. MIL,W,122,45,93,0.484,18,45,0.4,14,15,0.933,33,55,12.0,13.0
1610612744,Golden State Warriors,22101025,2022-03-14,GSW vs. WAS,W,126,45,84,0.536,18,45,0.4,18,22,0.818,26,44,13.0,14.0
1610612744,Golden State Warriors,22101042,2022-03-16,GSW vs. BOS,L,88,32,86,0.372,11,48,0.229,13,16,0.813,19,38,8.0,-22.0
1610612744,Golden State Warriors,22101070,2022-03-20,GSW vs. SAS,L,108,41,90,0.456,11,33,0.333,15,21,0.714,26,57,15.0,-2.0
1610612744,Golden State Warriors,22101080,2022-03-22,GSW @ ORL,L,90,34,85,0.4,11,32,0.344,11,16,0.688,21,48,18.0,-4.0
1610612744,Golden State Warriors,22101088,2022-03-23,GSW @ MIA,W,118,40,77,0.519,15,36,0.417,23,27,0.852,23,45,13.0,14.0
1610612744,Golden State Warriors,22101102,2022-03-25,GSW @ ATL,L,110,43,90,0.478,14,41,0.341,10,13,0.769,27,47,16.0,-11.0
1610612744,Golden State Warriors,22101117,2022-03-27,GSW @ WAS,L,115,38,89,0.427,8,33,0.242,31,39,0.795,20,46,10.0,-8.0
1610612744,Golden State Warriors,22101129,2022-03-28,GSW @ MEM,L,95,33,81,0.407,9,29,0.31,20,26,0.769,18,40,17.0,-28.0
1610612744,Golden State Warriors,22101145,2022-03-30,GSW vs. PHX,L,103,35,83,0.422,13,38,0.342,20,25,0.8,26,48,21.0,-4.0
1610612744,Golden State Warriors,22101165,2022-04-02,GSW vs. UTA,W,111,40,84,0.476,20,48,0.417,11,12,0.917,30,41,11.0,4.0
1610612744,Golden State Warriors,22101176,2022-04-03,GSW @ SAC,W,109,41,79,0.519,16,34,0.471,11,15,0.733,29,47,17.0,19.0
1610612744,Golden State Warriors,22101202,2022-04-07,GSW vs. LAL,W,128,51,97,0.526,16,32,0.5,10,10,1.0,39,45,15.0,16.0
1610612744,Golden State Warriors,22101215,2022-04-09,GSW @ SAS,W,100,33,81,0.407,8,32,0.25,26,33,0.788,23,51,12.0,6.0
1610612744,Golden State Warriors,22101225,2022-04-10,GSW @ NOP,W,128,49,81,0.605,19,33,0.576,11,13,0.846,33,41,17.0,21.0
1610612744,Golden State Warriors,22200002,2022-10-18,GSW vs. LAL,W,123,45,99,0.455,16,45,0.356,17,23,0.739,31,48,18.0,14.0
1610612744,Golden State Warriors,22200026,2022-10-21,GSW vs. DEN,L,123,42,88,0.477,15,44,0.341,24,27,0.889,34,35,19.0,-5.0
1610612744,Golden State Warriors,22200042,2022-10-23,GSW vs. SAC,W,130,45,87,0.517,14,33,0.424,26,36,0.722,24,37,13.0,5.0
1610612744,Golden State Warriors,22200055,2022-10-25,GSW @ PHX,L,105,41,91,0.451,10,35,0.286,13,17,0.765,28,40,16.0,-29.0
1610612744,Golden State Warriors,22200068,2022-10-27,GSW vs. MIA,W,123,46,92,0.5,18,46,0.391,13,15,0.867,30,50,21.0,13.0
1610612744,Golden State Warriors,22200082,2022-10-29,GSW @ CHA,L,113,44,100,0.44,13,44,0.295,12,16,0.75,31,49,10.0,-7.0
1610612744,Golden State Warriors,22200091,2022-10-30,GSW @ DET,L,114,39,92,0.424,12,39,0.308,24,25,0.96,23,42,15.0,-14.0
1610612744,Golden State Warriors,22200104,2022-11-01,GSW @ MIA,L,109,39,84,0.464,18,49,0.367,13,17,0.765,31,41,20.0,-7.0
1610612744,Golden State Warriors,22200118,2022-11-03,GSW @ ORL,L,129,50,97,0.515,19,43,0.442,10,15,0.667,31,35,14.0,-1.0
1610612744,Golden State Warriors,22200128,2022-11-04,GSW @ NOP,L,105,35,71,0.493,12,32,0.375,23,25,0.92,23,29,23.0,-9.0
1610612744,Golden State Warriors,22200156,2022-11-07,GSW vs. SAC,W,116,44,88,0.5,14,38,0.368,14,21,0.667,28,48,15.0,3.0
1610612744,Golden State Warriors,22200182,2022-11-11,GSW vs. CLE,W,106,40,82,0.488,15,36,0.417,11,14,0.786,29,44,15.0,5.0
1610612744,Golden State Warriors,22200197,2022-11-13,GSW @ SAC,L,115,42,90,0.467,16,47,0.34,15,16,0.938,27,43,18.0,-7.0
1610612744,Golden State Warriors,22200205,2022-11-14,GSW vs. SAS,W,132,47,88,0.534,23,45,0.511,15,16,0.938,35,40,13.0,37.0
1610612744,Golden State Warriors,22200220,2022-11-16,GSW @ PHX,L,119,42,92,0.457,18,42,0.429,17,17,1.0,30,40,17.0,-11.0
1610612744,Golden State Warriors,22200233,2022-11-18,GSW vs. NYK,W,111,41,91,0.451,18,50,0.36,11,20,0.55,32,51,18.0,10.0
1610612744,Golden State Warriors,22200245,2022-11-20,GSW @ HOU,W,127,46,86,0.535,24,47,0.511,11,15,0.733,38,40,17.0,7.0
1610612744,Golden State Warriors,22200253,2022-11-21,GSW @ NOP,L,83,28,74,0.378,10,43,0.233,17,19,0.895,17,34,27.0,-45.0
1610612744,Golden State Warriors,22200271,2022-11-23,GSW vs. LAC,W,124,48,97,0.495,19,51,0.373,9,13,0.692,36,45,13.0,17.0
1610612744,Golden State Warriors,22200284,2022-11-25,GSW vs. UTA,W,129,52,101,0.515,20,45,0.444,5,6,0.833,33,49,21.0,11.0
1610612744,Golden State Warriors,22200291,2022-11-27,GSW @ MIN,W,137,50,87,0.575,20,47,0.426,17,20,0.85,36,47,16.0,23.0
1610612744,Golden State Warriors,22200310,2022-11-29,GSW @ DAL,L,113,42,88,0.477,11,43,0.256,18,23,0.783,27,50,18.0,-3.0
1610612744,Golden State Warriors,22200336,2022-12-02,GSW vs. CHI,W,119,42,87,0.483,20,50,0.4,15,23,0.652,32,50,20.0,8.0
1610612744,Golden State Warriors,22200342,2022-12-03,GSW vs. HOU,W,120,45,85,0.529,25,52,0.481,5,10,0.5,34,35,14.0,19.0
1610612744,Golden State Warriors,22200359,2022-12-05,GSW vs. IND,L,104,38,94,0.404,13,44,0.295,15,19,0.789,26,47,12.0,-8.0
1610612744,Golden State Warriors,22200372,2022-12-07,GSW @ UTA,L,123,45,98,0.459,14,42,0.333,19,25,0.76,26,42,14.0,-1.0
1610612744,Golden State Warriors,22200392,2022-12-10,GSW vs. BOS,W,123,47,92,0.511,13,39,0.333,16,20,0.8,26,53,15.0,16.0
1610612744,Golden State Warriors,22200410,2022-12-13,GSW @ MIL,L,111,38,95,0.4,20,50,0.4,15,19,0.789,25,37,18.0,-17.0
1610612744,Golden State Warriors,22200415,2022-12-14,GSW @ IND,L,119,40,86,0.465,14,33,0.424,25,29,0.862,27,46,24.0,-6.0
1610612744,Golden State Warriors,22200432,2022-12-16,GSW @ PHI,L,106,39,94,0.415,17,43,0.395,11,13,0.846,31,48,17.0,-12.0
1610612744,Golden State Warriors,22200448,2022-12-18,GSW @ TOR,W,126,43,81,0.531,18,39,0.462,22,26,0.846,31,41,17.0,16.0
1610612744,Golden State Warriors,22200463,2022-12-20,GSW @ NYK,L,94,35,74,0.473,12,35,0.343,12,13,0.923,23,29,20.0,-38.0
1610612744,Golden State Warriors,22200470,2022-12-21,GSW @ BKN,L,113,41,83,0.494,12,33,0.364,19,25,0.76,32,36,21.0,-30.0
1610612744,Golden State Warriors,22200496,2022-12-25,GSW vs. MEM,W,123,43,91,0.473,18,44,0.409,19,26,0.731,31,51,12.0,14.0
1610612744,Golden State Warriors,22200513,2022-12-27,GSW vs. CHA,W,110,41,95,0.432,8,37,0.216,20,24,0.833,31,49,14.0,5.0
1610612744,Golden State Warriors,22200521,2022-12-28,GSW vs. UTA,W,112,37,87,0.425,16,45,0.356,22,27,0.815,22,51,13.0,5.0
1610612744,Golden State Warriors,22200536,2022-12-30,GSW vs. POR,W,118,42,91,0.462,17,43,0.395,17,21,0.81,29,46,13.0,6.0
1610612744,Golden State Warriors,22200558,2023-01-02,GSW vs. ATL,W,143,54,121,0.446,19,59,0.322,16,24,0.667,34,69,19.0,2.0
1610612744,Golden State Warriors,22200573,2023-01-04,GSW vs. DET,L,119,45,87,0.517,15,40,0.375,14,15,0.933,31,40,14.0,-3.0
1610612744,Golden State Warriors,22200594,2023-01-07,GSW vs. ORL,L,101,33,88,0.375,18,58,0.31,17,21,0.81,26,49,16.0,-14.0
1610612744,Golden State Warriors,22200615,2023-01-10,GSW vs. PHX,L,113,37,96,0.385,18,48,0.375,21,27,0.778,24,45,17.0,-12.0
1610612744,Golden State Warriors,22200635,2023-01-13,GSW @ SAS,W,144,55,101,0.545,18,48,0.375,16,20,0.8,33,55,13.0,31.0
1610612744,Golden State Warriors,22200650,2023-01-15,GSW @ CHI,L,118,41,83,0.494,21,51,0.412,15,22,0.682,35,40,23.0,-14.0
1610612744,Golden State Warriors,22200660,2023-01-16,GSW @ WAS,W,127,45,91,0.495,18,44,0.409,19,21,0.905,28,43,12.0,9.0
1610612744,Golden State Warriors,22200679,2023-01-19,GSW @ BOS,L,118,40,100,0.4,18,52,0.346,20,23,0.87,28,47,16.0,-3.0
1610612744,Golden State Warriors,22200685,2023-01-20,GSW @ CLE,W,120,42,86,0.488,23,43,0.535,13,19,0.684,25,45,18.0,6.0
1610612744,Golden State Warriors,22200704,2023-01-22,GSW vs. BKN,L,116,41,90,0.456,13,32,0.406,21,27,0.778,28,42,12.0,-4.0
1610612744,Golden State Warriors,22200726,2023-01-25,GSW vs. MEM,W,122,43,85,0.506,14,32,0.438,22,28,0.786,33,44,22.0,2.0
1610612744,Golden State Warriors,22200740,2023-01-27,GSW vs. TOR,W,129,50,90,0.556,18,43,0.419,11,15,0.733,40,43,14.0,12.0
1610612744,Golden State Warriors,22200759,2023-01-30,GSW @ OKC,W,128,46,90,0.511,20,47,0.426,16,20,0.8,37,44,15.0,8.0
1610612744,Golden State Warriors,22200774,2023-02-01,GSW @ MIN,L,114,38,91,0.418,11,35,0.314,27,34,0.794,21,58,17.0,-5.0
1610612744,Golden State Warriors,22200783,2023-02-02,GSW @ DEN,L,117,43,85,0.506,19,38,0.5,12,19,0.632,25,42,17.0,-17.0
1610612744,Golden State Warriors,22200800,2023-02-04,GSW vs. DAL,W,119,45,82,0.549,14,35,0.4,15,19,0.789,33,38,14.0,6.0
1610612744,Golden State Warriors,22200814,2023-02-06,GSW vs. OKC,W,141,56,97,0.577,26,50,0.52,3,7,0.429,43,45,16.0,27.0
1610612744,Golden State Warriors,22200830,2023-02-08,GSW @ POR,L,122,46,97,0.474,21,49,0.429,9,10,0.9,31,32,11.0,-3.0
1610612744,Golden State Warriors,22200853,2023-02-11,GSW vs. LAL,L,103,40,96,0.417,12,44,0.273,11,12,0.917,31,43,16.0,-6.0
1610612744,Golden State Warriors,22200866,2023-02-13,GSW vs. WAS,W,135,52,89,0.584,20,40,0.5,11,15,0.733,40,34,16.0,9.0
1610612744,Golden State Warriors,22200871,2023-02-14,GSW @ LAC,L,124,45,83,0.542,15,34,0.441,19,27,0.704,28,36,11.0,-10.0
1610612744,Golden State Warriors,22200893,2023-02-23,GSW @ LAL,L,111,40,105,0.381,14,49,0.286,17,21,0.81,24,48,10.0,-13.0
1610612744,Golden State Warriors,22200901,2023-02-24,GSW vs. HOU,W,116,37,78,0.474,26,54,0.481,16,18,0.889,27,47,19.0,15.0
1610612744,Golden State Warriors,22200916,2023-02-26,GSW vs. MIN,W,109,39,91,0.429,15,42,0.357,16,22,0.727,23,56,18.0,5.0
1610612744,Golden State Warriors,22200931,2023-02-28,GSW vs. POR,W,123,49,91,0.538,12,30,0.4,13,16,0.813,34,46,18.0,18.0
1610612744,Golden State Warriors,22200945,2023-03-02,GSW vs. LAC,W,115,39,93,0.419,14,46,0.304,23,27,0.852,25,60,12.0,24.0
1610612744,Golden State Warriors,22200953,2023-03-03,GSW vs. NOP,W,108,40,78,0.513,10,31,0.323,18,20,0.9,28,43,18.0,9.0
1610612744,Golden State Warriors,22200964,2023-03-05,GSW @ LAL,L,105,36,91,0.396,18,52,0.346,15,18,0.833,27,42,13.0,-8.0
1610612744,Golden State Warriors,22200982,2023-03-07,GSW @ OKC,L,128,47,89,0.528,20,51,0.392,14,16,0.875,36,33,21.0,-9.0
1610612744,Golden State Warriors,22200996,2023-03-09,GSW @ MEM,L,110,36,82,0.439,15,45,0.333,23,24,0.958,25,32,17.0,-21.0
1610612744,Golden State Warriors,22201012,2023-03-11,GSW vs. MIL,W,125,46,112,0.411,23,55,0.418,10,11,0.909,33,65,15.0,9.0
1610612744,Golden State Warriors,22201025,2023-03-13,GSW vs. PHX,W,123,45,83,0.542,19,39,0.487,14,24,0.583,28,41,16.0,11.0
1610612744,Golden State Warriors,22201041,2023-03-15,GSW @ LAC,L,126,49,88,0.557,17,36,0.472,11,15,0.733,28,36,16.0,-8.0
1610612744,Golden State Warriors,22201048,2023-03-17,GSW @ ATL,L,119,47,98,0.48,11,40,0.275,14,20,0.7,28,54,17.0,-8.0
1610612744,Golden State Warriors,22201061,2023-03-18,GSW @ MEM,L,119,39,91,0.429,13,35,0.371,28,34,0.824,27,42,13.0,-14.0
1610612744,Golden State Warriors,22201074,2023-03-20,GSW @ HOU,W,121,44,88,0.5,17,48,0.354,16,19,0.842,31,48,20.0,13.0
1610612744,Golden State Warriors,22201086,2023-03-22,GSW @ DAL,W,127,50,90,0.556,12,39,0.308,15,18,0.833,33,44,13.0,2.0
1610612744,Golden State Warriors,22201103,2023-03-24,GSW vs. PHI,W,120,42,88,0.477,18,50,0.36,18,24,0.75,27,49,11.0,8.0
1610612744,Golden State Warriors,22201121,2023-03-26,GSW vs. MIN,L,96,34,82,0.415,15,40,0.375,13,17,0.765,25,37,16.0,-3.0
1610612744,Golden State Warriors,22201135,2023-03-28,GSW vs. NOP,W,120,43,82,0.524,18,40,0.45,16,22,0.727,32,41,19.0,11.0
1610612744,Golden State Warriors,22201158,2023-03-31,GSW vs. SAS,W,130,47,93,0.505,21,49,0.429,15,21,0.714,37,45,15.0,15.0
1610612744,Golden State Warriors,22201175,2023-04-02,GSW @ DEN,L,110,42,105,0.4,9,42,0.214,17,17,1.0,26,57,15.0,-2.0
1610612744,Golden State Warriors,22201187,2023-04-04,GSW vs. OKC,W,136,47,95,0.495,20,47,0.426,22,30,0.733,25,54,14.0,11.0
1610612744,Golden State Warriors,22201211,2023-04-07,GSW @ SAC,W,119,41,78,0.526,16,36,0.444,21,24,0.875,36,47,24.0,22.0
1610612744,Golden State Warriors,22201230,2023-04-09,GSW @ POR,W,157,58,96,0.604,27,49,0.551,14,16,0.875,47,58,16.0,56.0
1610612744,Golden State Warriors,22300062,2023-10-24,GSW vs. PHX,L,104,36,101,0.356,10,43,0.233,22,28,0.786,19,49,11.0,-4.0
1610612744,Golden State Warriors,22300087,2023-10-27,GSW @ SAC,W,122,48,87,0.552,14,32,0.438,12,14,0.857,32,39,19.0,8.0
1610612744,Golden State Warriors,22300096,2023-10-29,GSW @ HOU,W,106,35,81,0.432,18,45,0.4,18,23,0.783,27,49,14.0,11.0
1610612744,Golden State Warriors,22300108,2023-10-30,GSW @ NOP,W,130,51,98,0.52,15,41,0.366,13,20,0.65,28,64,15.0,28.0
1610612744,Golden State Warriors,22300126,2023-11-01,GSW vs. SAC,W,102,39,81,0.481,11,31,0.355,13,15,0.867,32,36,18.0,1.0
1610612744,Golden State Warriors,22300005,2023-11-03,GSW @ OKC,W,141,49,92,0.533,18,40,0.45,25,30,0.833,36,38,15.0,2.0
1610612744,Golden State Warriors,22300142,2023-11-05,GSW @ CLE,L,104,34,94,0.362,16,41,0.39,20,30,0.667,26,44,13.0,-11.0
1610612744,Golden State Warriors,22300145,2023-11-06,GSW @ DET,W,120,46,97,0.474,12,41,0.293,16,21,0.762,26,44,11.0,11.0
1610612744,Golden State Warriors,22300169,2023-11-08,GSW @ DEN,L,105,37,86,0.43,11,35,0.314,20,26,0.769,21,49,9.0,-3.0
1610612744,Golden State Warriors,22300176,2023-11-11,GSW vs. CLE,L,110,37,90,0.411,13,38,0.342,23,30,0.767,26,55,20.0,-8.0
1610612744,Golden State Warriors,22300186,2023-11-12,GSW vs. MIN,L,110,37,96,0.385,12,43,0.279,24,28,0.857,24,51,14.0,-6.0
1610612744,Golden State Warriors,22300025,2023-11-14,GSW vs. MIN,L,101,37,88,0.42,13,39,0.333,14,16,0.875,28,46,20.0,-3.0
1610612744,Golden State Warriors,22300201,2023-11-16,GSW vs. OKC,L,109,40,98,0.408,14,41,0.341,15,19,0.789,27,49,16.0,-19.0
1610612744,Golden State Warriors,22300207,2023-11-18,GSW vs. OKC,L,123,44,97,0.454,18,46,0.391,17,21,0.81,33,49,16.0,-7.0
1610612744,Golden State Warriors,22300224,2023-11-20,GSW vs. HOU,W,121,36,77,0.468,21,43,0.488,28,33,0.848,26,43,8.0,5.0
1610612744,Golden State Warriors,22300236,2023-11-22,GSW @ PHX,L,115,43,90,0.478,10,32,0.313,19,29,0.655,29,43,16.0,-8.0
1610612744,Golden State Warriors,22300051,2023-11-24,GSW vs. SAS,W,118,40,81,0.494,19,42,0.452,19,24,0.792,35,41,24.0,6.0
1610612744,Golden State Warriors,22300060,2023-11-28,GSW @ SAC,L,123,40,83,0.482,17,41,0.415,26,30,0.867,25,52,20.0,-1.0
1610612744,Golden State Warriors,22300273,2023-11-30,GSW vs. LAC,W,120,41,82,0.5,15,39,0.385,23,31,0.742,30,47,9.0,6.0
1610612744,Golden State Warriors,22300280,2023-12-02,GSW @ LAC,L,112,38,86,0.442,17,43,0.395,19,24,0.792,31,42,15.0,-1.0
1610612744,Golden State Warriors,22301214,2023-12-06,GSW vs. POR,W,110,36,86,0.419,10,34,0.294,28,33,0.848,20,50,17.0,4.0
1610612744,Golden State Warriors,22301222,2023-12-08,GSW @ OKC,L,136,49,104,0.471,19,48,0.396,19,23,0.826,29,60,29.0,-2.0
1610612744,Golden State Warriors,22300308,2023-12-12,GSW @ PHX,L,116,41,92,0.446,16,46,0.348,18,27,0.667,26,51,15.0,-3.0
1610612744,Golden State Warriors,22300325,2023-12-14,GSW @ LAC,L,113,40,92,0.435,16,45,0.356,17,19,0.895,22,43,13.0,-8.0
1610612744,Golden State Warriors,22300339,2023-12-16,GSW vs. BKN,W,124,44,91,0.484,17,32,0.531,19,20,0.95,29,42,14.0,4.0
1610612744,Golden State Warriors,22300348,2023-12-17,GSW @ POR,W,118,46,87,0.529,13,38,0.342,13,19,0.684,31,43,14.0,4.0
1610612744,Golden State Warriors,22300362,2023-12-19,GSW vs. BOS,W,132,50,109,0.459,20,50,0.4,12,14,0.857,29,59,10.0,6.0
1610612744,Golden State Warriors,22300386,2023-12-22,GSW vs. WAS,W,129,47,97,0.485,18,45,0.4,17,20,0.85,33,57,12.0,11.0
1610612744,Golden State Warriors,22300399,2023-12-23,GSW vs. POR,W,126,48,83,0.578,10,33,0.303,20,24,0.833,38,49,18.0,20.0
1610612744,Golden State Warriors,22300402,2023-12-25,GSW @ DEN,L,114,40,87,0.46,14,40,0.35,20,23,0.87,23,39,13.0,-6.0
1610612744,Golden State Warriors,22300426,2023-12-28,GSW vs. MIA,L,102,37,88,0.42,8,33,0.242,20,25,0.8,27,43,13.0,-12.0
1610612744,Golden State Warriors,22300444,2023-12-30,GSW vs. DAL,L,122,47,103,0.456,19,48,0.396,9,13,0.692,32,47,11.0,-10.0
1610612744,Golden State Warriors,22300463,2024-01-02,GSW vs. ORL,W,121,42,78,0.538,13,35,0.371,24,37,0.649,23,36,12.0,6.0
1610612744,Golden State Warriors,22300478,2024-01-04,GSW vs. DEN,L,127,49,90,0.544,15,36,0.417,14,16,0.875,35,33,10.0,-3.0
1610612744,Golden State Warriors,22300490,2024-01-05,GSW vs. DET,W,113,38,82,0.463,16,38,0.421,21,25,0.84,24,45,19.0,4.0
1610612744,Golden State Warriors,22300504,2024-01-07,GSW vs. TOR,L,118,45,100,0.45,14,46,0.304,14,15,0.933,30,43,11.0,-15.0
1610612744,Golden State Warriors,22300525,2024-01-10,GSW vs. NOP,L,105,39,89,0.438,12,39,0.308,15,18,0.833,24,43,17.0,-36.0
1610612744,Golden State Warriors,22300536,2024-01-12,GSW @ CHI,W,140,49,94,0.521,20,47,0.426,22,30,0.733,39,44,5.0,9.0
1610612744,Golden State Warriors,22300545,2024-01-13,GSW @ MIL,L,118,47,98,0.48,15,36,0.417,9,14,0.643,23,41,8.0,-11.0
1610612744,Golden State Warriors,22300560,2024-01-15,GSW @ MEM,L,107,44,90,0.489,10,31,0.323,9,10,0.9,28,45,19.0,-9.0
1610612744,Golden State Warriors,22300626,2024-01-24,GSW vs. ATL,W,134,51,91,0.56,16,33,0.485,16,22,0.727,26,49,10.0,22.0
1610612744,Golden State Warriors,22300632,2024-01-25,GSW vs. SAC,L,133,48,86,0.558,19,37,0.514,18,23,0.783,30,33,13.0,-1.0
1610612744,Golden State Warriors,22300650,2024-01-27,GSW vs. LAL,L,144,55,119,0.462,23,58,0.397,11,16,0.688,37,50,17.0,-1.0
1610612744,Golden State Warriors,22300673,2024-01-30,GSW vs. PHI,W,119,44,79,0.557,14,32,0.438,17,19,0.895,32,42,18.0,12.0
1610612744,Golden State Warriors,22300693,2024-02-02,GSW @ MEM,W,121,46,83,0.554,11,29,0.379,18,22,0.818,32,46,14.0,20.0
1610612744,Golden State Warriors,22300699,2024-02-03,GSW @ ATL,L,134,50,112,0.446,18,56,0.321,16,20,0.8,26,57,14.0,-7.0
1610612744,Golden State Warriors,22300717,2024-02-05,GSW @ BKN,W,109,43,93,0.462,4,22,0.182,19,23,0.826,24,60,14.0,11.0
1610612744,Golden State Warriors,22300727,2024-02-07,GSW @ PHI,W,127,47,94,0.5,16,38,0.421,17,22,0.773,30,52,13.0,23.0
1610612744,Golden State Warriors,22300733,2024-02-08,GSW @ IND,W,131,52,93,0.559,17,32,0.531,10,13,0.769,33,49,17.0,22.0
1610612744,Golden State Warriors,22300757,2024-02-10,GSW vs. PHX,W,113,45,101,0.446,17,41,0.415,6,11,0.545,33,52,14.0,1.0
1610612744,Golden State Warriors,22300769,2024-02-12,GSW @ UTA,W,129,48,100,0.48,20,44,0.455,13,17,0.765,31,51,13.0,22.0
1610612744,Golden State Warriors,22300789,2024-02-14,GSW vs. LAC,L,125,47,103,0.456,18,47,0.383,13,18,0.722,34,47,9.0,-5.0
1610612744,Golden State Warriors,22300576,2024-02-15,GSW @ UTA,W,140,49,92,0.533,20,42,0.476,22,28,0.786,42,41,13.0,3.0
1610612744,Golden State Warriors,22300802,2024-02-22,GSW vs. LAL,W,128,50,107,0.467,16,41,0.39,12,14,0.857,32,48,9.0,18.0
1610612744,Golden State Warriors,22300811,2024-02-23,GSW vs. CHA,W,97,38,89,0.427,13,42,0.31,8,10,0.8,28,53,22.0,13.0
1610612744,Golden State Warriors,22300824,2024-02-25,GSW vs. DEN,L,103,35,81,0.432,11,34,0.324,22,29,0.759,27,42,17.0,-16.0
1610612744,Golden State Warriors,22300834,2024-02-27,GSW @ WAS,W,123,47,94,0.5,21,46,0.457,8,11,0.727,39,44,19.0,11.0
1610612744,Golden State Warriors,22300852,2024-02-29,GSW @ NYK,W,110,44,98,0.449,14,44,0.318,8,16,0.5,26,53,11.0,11.0
1610612744,Golden State Warriors,22300860,2024-03-01,GSW @ TOR,W,120,44,98,0.449,18,44,0.409,14,18,0.778,26,56,14.0,15.0
1610612744,Golden State Warriors,22300872,2024-03-03,GSW @ BOS,L,88,36,92,0.391,7,41,0.171,9,13,0.692,24,46,17.0,-52.0
1610612744,Golden State Warriors,22300899,2024-03-06,GSW vs. MIL,W,125,51,91,0.56,19,39,0.487,4,7,0.571,37,50,16.0,35.0
1610612744,Golden State Warriors,22300907,2024-03-07,GSW vs. CHI,L,122,44,97,0.454,11,42,0.262,23,28,0.821,31,48,11.0,-3.0
1610612744,Golden State Warriors,22300921,2024-03-09,GSW vs. SAS,L,113,41,88,0.466,10,30,0.333,21,29,0.724,26,39,12.0,-13.0
1610612744,Golden State Warriors,22300936,2024-03-11,GSW @ SAS,W,112,46,93,0.495,12,27,0.444,8,12,0.667,28,45,14.0,10.0
1610612744,Golden State Warriors,22300952,2024-03-13,GSW @ DAL,L,99,37,92,0.402,9,28,0.321,16,19,0.842,19,42,17.0,-10.0
1610612744,Golden State Warriors,22300973,2024-03-16,GSW @ LAL,W,128,51,97,0.526,14,34,0.412,12,15,0.8,38,45,7.0,7.0
1610612744,Golden State Warriors,22300988,2024-03-18,GSW vs. NYK,L,112,42,88,0.477,14,36,0.389,14,18,0.778,29,39,13.0,-7.0
1610612744,Golden State Warriors,22301001,2024-03-20,GSW vs. MEM,W,137,58,100,0.58,19,39,0.487,2,6,0.333,43,48,7.0,21.0
1610612744,Golden State Warriors,22301016,2024-03-22,GSW vs. IND,L,111,43,106,0.406,14,48,0.292,11,16,0.688,24,64,14.0,-12.0
1610612744,Golden State Warriors,22301031,2024-03-24,GSW @ MIN,L,110,38,85,0.447,14,36,0.389,20,26,0.769,23,41,13.0,-4.0
1610612744,Golden State Warriors,22301044,2024-03-26,GSW @ MIA,W,113,47,85,0.553,13,38,0.342,6,10,0.6,31,43,12.0,21.0
1610612744,Golden State Warriors,22301049,2024-03-27,GSW @ ORL,W,101,40,90,0.444,10,34,0.294,11,13,0.846,26,52,13.0,8.0
1610612744,Golden State Warriors,22301062,2024-03-29,GSW @ CHA,W,115,48,89,0.539,11,32,0.344,8,9,0.889,35,50,13.0,18.0
1610612744,Golden State Warriors,22301085,2024-03-31,GSW @ SAS,W,117,45,92,0.489,16,39,0.41,11,13,0.846,34,41,16.0,4.0
1610612744,Golden State Warriors,22300589,2024-04-02,GSW vs. DAL,W,104,41,90,0.456,15,32,0.469,7,7,1.0,29,52,17.0,4.0
1610612744,Golden State Warriors,22301113,2024-04-04,GSW @ HOU,W,133,47,80,0.588,17,35,0.486,22,25,0.88,29,43,21.0,23.0
1610612744,Golden State Warriors,22301097,2024-04-05,GSW @ DAL,L,106,41,93,0.441,12,35,0.343,12,18,0.667,27,44,15.0,-2.0
1610612744,Golden State Warriors,22301142,2024-04-07,GSW vs. UTA,W,118,49,92,0.533,14,35,0.4,6,6,1.0,32,47,16.0,8.0
1610612744,Golden State Warriors,22301155,2024-04-09,GSW @ LAL,W,134,47,80,0.588,26,41,0.634,14,21,0.667,37,42,15.0,14.0
1610612744,Golden State Warriors,22301169,2024-04-11,GSW @ POR,W,100,36,77,0.468,12,35,0.343,16,20,0.8,24,46,16.0,8.0
1610612744,Golden State Warriors,22301182,2024-04-12,GSW vs. NOP,L,109,40,86,0.465,13,34,0.382,16,21,0.762,27,53,16.0,-5.0
1610612744,Golden State Warriors,22301198,2024-04-14,GSW vs. UTA,W,123,45,94,0.479,14,43,0.326,19,23,0.826,35,42,9.0,7.0
1610612744,Golden State Warriors,22400072,2024-10-23,GSW @ POR,W,140,48,93,0.516,20,48,0.417,24,30,0.8,38,57,18.0,36.0
1610612744,Golden State Warriors,22400084,2024-10-25,GSW @ UTA,W,127,51,106,0.481,20,50,0.4,5,6,0.833,35,60,15.0,41.0
1610612744,Golden State Warriors,22400101,2024-10-27,GSW vs. LAC,L,104,38,88,0.432,14,43,0.326,14,22,0.636,19,47,21.0,-8.0
1610612744,Golden State Warriors,22400116,2024-10-29,GSW vs. NOP,W,124,46,97,0.474,21,46,0.457,11,13,0.846,34,34,8.0,18.0
1610612744,Golden State Warriors,22400126,2024-10-30,GSW vs. NOP,W,104,41,87,0.471,13,38,0.342,9,13,0.692,32,42,14.0,15.0
1610612744,Golden State Warriors,22400144,2024-11-02,GSW @ HOU,W,127,40,78,0.513,15,32,0.469,32,50,0.64,26,47,14.0,6.0
1610612744,Golden State Warriors,22400155,2024-11-04,GSW @ WAS,W,125,44,97,0.454,12,37,0.324,25,34,0.735,29,56,7.0,13.0
1610612744,Golden State Warriors,22400172,2024-11-06,GSW @ BOS,W,118,42,91,0.462,14,34,0.412,20,24,0.833,22,53,11.0,6.0
1610612744,Golden State Warriors,22400188,2024-11-08,GSW @ CLE,L,117,47,98,0.48,13,42,0.31,10,14,0.714,32,40,17.0,-19.0
1610612744,Golden State Warriors,22400207,2024-11-10,GSW @ OKC,W,127,45,89,0.506,21,43,0.488,16,23,0.696,35,46,15.0,11.0
1610612744,Golden State Warriors,22400007,2024-11-12,GSW vs. DAL,W,120,45,94,0.479,14,41,0.341,16,27,0.593,29,50,13.0,3.0
1610612744,Golden State Warriors,22400019,2024-11-15,GSW vs. MEM,W,123,43,98,0.439,19,46,0.413,18,25,0.72,33,56,19.0,5.0
1610612744,Golden State Warriors,22400251,2024-11-18,GSW @ LAC,L,99,37,84,0.44,16,44,0.364,9,19,0.474,27,45,19.0,-3.0
1610612744,Golden State Warriors,22400258,2024-11-20,GSW vs. ATL,W,120,47,101,0.465,14,40,0.35,12,18,0.667,36,54,15.0,23.0
1610612744,Golden State Warriors,22400032,2024-11-22,GSW @ NOP,W,112,39,87,0.448,12,37,0.324,22,29,0.759,27,52,17.0,4.0
1610612744,Golden State Warriors,22400269,2024-11-23,GSW @ SAS,L,94,36,95,0.379,14,44,0.318,8,13,0.615,29,49,10.0,-10.0
1610612744,Golden State Warriors,22400284,2024-11-25,GSW vs. BKN,L,120,45,93,0.484,19,46,0.413,11,17,0.647,32,43,13.0,-8.0
1610612744,Golden State Warriors,22400299,2024-11-27,GSW vs. OKC,L,101,35,98,0.357,16,50,0.32,15,21,0.714,25,57,16.0,-4.0
1610612744,Golden State Warriors,22400303,2024-11-30,GSW @ PHX,L,105,38,92,0.413,14,40,0.35,15,18,0.833,28,43,9.0,-8.0
1610612744,Golden State Warriors,22400058,2024-12-03,GSW @ DEN,L,115,44,95,0.463,12,38,0.316,15,21,0.714,36,48,15.0,-4.0
1610612744,Golden State Warriors,22400332,2024-12-05,GSW vs. HOU,W,99,36,86,0.419,9,28,0.321,18,27,0.667,19,54,10.0,6.0
1610612744,Golden State Warriors,22400338,2024-12-06,GSW vs. MIN,L,90,32,82,0.39,11,39,0.282,15,17,0.882,21,41,22.0,-17.0
1610612744,Golden State Warriors,22400355,2024-12-08,GSW vs. MIN,W,114,42,90,0.467,16,41,0.39,14,20,0.7,28,45,13.0,8.0
1610612744,Golden State Warriors,22401204,2024-12-11,GSW @ HOU,L,90,37,84,0.44,12,38,0.316,4,9,0.444,22,39,22.0,-1.0
1610612744,Golden State Warriors,22401228,2024-12-15,GSW vs. DAL,L,133,49,103,0.476,27,54,0.5,8,11,0.727,39,37,10.0,-10.0
1610612744,Golden State Warriors,22400366,2024-12-19,GSW @ MEM,L,93,32,90,0.356,12,36,0.333,17,24,0.708,20,36,18.0,-51.0
1610612744,Golden State Warriors,22400383,2024-12-21,GSW @ MIN,W,113,40,87,0.46,16,42,0.381,17,23,0.739,30,45,11.0,10.0
1610612744,Golden State Warriors,22400403,2024-12-23,GSW vs. IND,L,105,39,90,0.433,12,38,0.316,15,21,0.714,29,44,11.0,-6.0
1610612744,Golden State Warriors,22400408,2024-12-25,GSW vs. LAL,L,113,41,89,0.461,18,45,0.4,13,17,0.765,26,44,13.0,-2.0
1610612744,Golden State Warriors,22400426,2024-12-27,GSW @ LAC,L,92,35,95,0.368,7,38,0.184,15,20,0.75,24,47,14.0,-10.0
1610612744,Golden State Warriors,22400431,2024-12-28,GSW vs. PHX,W,109,41,98,0.418,12,45,0.267,15,19,0.789,26,49,12.0,4.0
1610612744,Golden State Warriors,22400446,2024-12-30,GSW vs. CLE,L,95,33,99,0.333,9,38,0.237,20,26,0.769,20,55,15.0,-18.0
1610612744,Golden State Warriors,22400467,2025-01-02,GSW vs. PHI,W,139,53,87,0.609,22,39,0.564,11,15,0.733,41,43,12.0,34.0
1610612744,Golden State Warriors,22400485,2025-01-04,GSW vs. MEM,W,121,44,84,0.524,23,43,0.535,10,16,0.625,32,29,18.0,8.0
1610612744,Golden State Warriors,22400492,2025-01-05,GSW vs. SAC,L,99,37,81,0.457,12,35,0.343,13,18,0.722,22,35,22.0,-30.0
1610612744,Golden State Warriors,22400508,2025-01-07,GSW vs. MIA,L,98,40,98,0.408,14,50,0.28,4,5,0.8,28,52,12.0,-16.0
1610612744,Golden State Warriors,22400518,2025-01-09,GSW @ DET,W,107,41,89,0.461,15,46,0.326,10,16,0.625,32,49,15.0,3.0
1610612744,Golden State Warriors,22400525,2025-01-10,GSW @ IND,L,96,38,91,0.418,10,38,0.263,10,13,0.769,25,42,14.0,-12.0
1610612744,Golden State Warriors,22400550,2025-01-13,GSW @ TOR,L,101,35,88,0.398,16,46,0.348,15,22,0.682,23,46,15.0,-3.0
1610612744,Golden State Warriors,22400565,2025-01-15,GSW @ MIN,W,116,40,82,0.488,18,36,0.5,18,21,0.857,26,45,13.0,1.0
1610612744,Golden State Warriors,22400589,2025-01-18,GSW vs. WAS,W,122,45,96,0.469,14,41,0.341,18,24,0.75,24,55,10.0,8.0
1610612744,Golden State Warriors,22400604,2025-01-20,GSW vs. BOS,L,85,32,92,0.348,14,53,0.264,7,11,0.636,28,38,12.0,-40.0
1610612744,Golden State Warriors,22400619,2025-01-22,GSW @ SAC,L,117,43,92,0.467,22,48,0.458,9,13,0.692,31,44,19.0,-6.0
1610612744,Golden State Warriors,22400628,2025-01-23,GSW vs. CHI,W,131,46,102,0.451,25,57,0.439,14,14,1.0,37,52,12.0,25.0
1610612744,Golden State Warriors,22400644,2025-01-25,GSW vs. LAL,L,108,41,89,0.461,16,46,0.348,10,16,0.625,30,38,14.0,-10.0
1610612744,Golden State Warriors,22400661,2025-01-28,GSW vs. UTA,W,114,36,92,0.391,17,49,0.347,25,31,0.806,29,47,9.0,11.0
1610612744,Golden State Warriors,22400673,2025-01-29,GSW vs. OKC,W,116,40,81,0.494,13,38,0.342,23,28,0.821,30,42,15.0,7.0
1610612744,Golden State Warriors,22400685,2025-01-31,GSW vs. PHX,L,105,36,96,0.375,16,44,0.364,17,25,0.68,26,49,12.0,-25.0
1610612744,Golden State Warriors,22400708,2025-02-03,GSW vs. ORL,W,104,34,78,0.436,12,39,0.308,24,34,0.706,25,44,13.0,5.0
1610612744,Golden State Warriors,22400725,2025-02-05,GSW @ UTA,L,128,46,100,0.46,17,48,0.354,19,27,0.704,33,41,9.0,-3.0
1610612744,Golden State Warriors,22400731,2025-02-06,GSW @ LAL,L,112,41,101,0.406,16,53,0.302,14,20,0.7,29,40,12.0,-8.0
1610612744,Golden State Warriors,22400745,2025-02-08,GSW @ CHI,W,132,45,90,0.5,19,48,0.396,23,27,0.852,34,44,15.0,21.0
1610612744,Golden State Warriors,22400760,2025-02-10,GSW @ MIL,W,125,41,93,0.441,13,45,0.289,30,38,0.789,27,48,9.0,14.0
1610612744,Golden State Warriors,22400782,2025-02-12,GSW @ DAL,L,107,41,96,0.427,10,35,0.286,15,18,0.833,29,50,16.0,-4.0
1610612744,Golden State Warriors,22400784,2025-02-13,GSW @ HOU,W,105,35,89,0.393,11,41,0.268,24,27,0.889,26,42,11.0,7.0
1610612744,Golden State Warriors,22400805,2025-02-21,GSW @ SAC,W,132,50,93,0.538,20,43,0.465,12,12,1.0,40,35,12.0,24.0
1610612744,Golden State Warriors,22400812,2025-02-23,GSW vs. DAL,W,126,47,98,0.48,12,40,0.3,20,23,0.87,30,54,10.0,24.0
1610612744,Golden State Warriors,22400834,2025-02-25,GSW vs. CHA,W,128,49,100,0.49,15,42,0.357,15,18,0.833,40,51,12.0,36.0
1610612744,Golden State Warriors,22400845,2025-02-27,GSW @ ORL,W,121,36,79,0.456,19,45,0.422,30,34,0.882,26,38,14.0,6.0
1610612744,Golden State Warriors,22400864,2025-03-01,GSW @ PHI,L,119,46,100,0.46,12,42,0.286,15,19,0.789,33,49,15.0,-7.0
1610612744,Golden State Warriors,22400875,2025-03-03,GSW @ CHA,W,119,40,95,0.421,18,50,0.36,21,24,0.875,33,54,9.0,18.0
1610612744,Golden State Warriors,22400885,2025-03-04,GSW @ NYK,W,114,43,88,0.489,13,37,0.351,15,19,0.789,30,44,13.0,12.0
1610612744,Golden State Warriors,22400901,2025-03-06,GSW @ BKN,W,121,40,82,0.488,12,32,0.375,29,32,0.906,31,45,17.0,2.0
1610612744,Golden State Warriors,22400919,2025-03-08,GSW vs. DET,W,115,35,84,0.417,12,41,0.293,33,41,0.805,26,46,19.0,5.0
1610612744,Golden State Warriors,22400938,2025-03-10,GSW vs. POR,W,130,45,85,0.529,21,41,0.512,19,21,0.905,35,40,18.0,10.0
1610612744,Golden State Warriors,22400957,2025-03-13,GSW vs. SAC,W,130,45,78,0.577,22,39,0.564,18,24,0.75,35,43,16.0,26.0
1610612744,Golden State Warriors,22400974,2025-03-15,GSW vs. NYK,W,97,33,83,0.398,13,41,0.317,18,22,0.818,25,45,11.0,3.0
1610612744,Golden State Warriors,22400990,2025-03-17,GSW vs. DEN,L,105,41,84,0.488,8,33,0.242,15,27,0.556,24,38,20.0,-9.0
1610612744,Golden State Warriors,22401012,2025-03-18,GSW vs. MIL,W,104,32,77,0.416,17,44,0.386,23,26,0.885,25,52,19.0,11.0
1610612744,Golden State Warriors,22401005,2025-03-20,GSW vs. TOR,W,117,38,90,0.422,19,47,0.404,22,28,0.786,30,38,15.0,3.0
1610612744,Golden State Warriors,22401025,2025-03-22,GSW @ ATL,L,115,39,84,0.464,16,38,0.421,21,26,0.808,28,38,10.0,-9.0
1610612744,Golden State Warriors,22401047,2025-03-25,GSW @ MIA,L,86,33,83,0.398,9,38,0.237,11,16,0.688,20,38,16.0,-26.0
1610612744,Golden State Warriors,22401072,2025-03-28,GSW @ NOP,W,111,38,92,0.413,13,55,0.236,22,29,0.759,29,50,11.0,16.0
1610612744,Golden State Warriors,22401086,2025-03-30,GSW @ SAS,W,148,56,97,0.577,21,44,0.477,15,19,0.789,42,44,13.0,42.0
1610612744,Golden State Warriors,22401100,2025-04-01,GSW @ MEM,W,134,42,99,0.424,22,56,0.393,28,28,1.0,29,49,11.0,9.0
1610612744,Golden State Warriors,22401117,2025-04-03,GSW @ LAL,W,123,39,82,0.476,19,42,0.452,26,31,0.839,30,46,13.0,7.0
1610612744,Golden State Warriors,22401125,2025-04-04,GSW vs. DEN,W,118,43,88,0.489,16,38,0.421,16,18,0.889,25,36,14.0,14.0
1610612744,Golden State Warriors,22401143,2025-04-06,GSW vs. HOU,L,96,37,89,0.416,16,43,0.372,6,11,0.545,28,46,20.0,-10.0
1610612744,Golden State Warriors,22401154,2025-04-08,GSW @ PHX,W,133,45,93,0.484,15,40,0.375,28,34,0.824,31,57,15.0,38.0
1610612744,Golden State Warriors,22401163,2025-04-09,GSW vs. SAS,L,111,36,86,0.419,16,48,0.333,23,28,0.821,29,45,12.0,-3.0
1610612744,Golden State Warriors,22401183,2025-04-11,GSW @ POR,W,103,33,83,0.398,14,44,0.318,23,28,0.821,26,45,15.0,17.0
1610612744,Golden State Warriors,22401198,2025-04-13,GSW vs. LAC,L,119,43,79,0.544,15,33,0.455,18,23,0.783,31,25,16.0,-5.0
