gameId,actionNumber,clock,period,teamId,teamTricode,personId,playerName,playerNameI,xLegacy,yLegacy,shotDistance,shotResult,isFieldGoal,scoreHome,scoreAway,pointsTotal,location,description,actionType,subType,videoAvailable,shotValue,actionId
0042400302,2,PT12M00.00S,1,0,,0,,,0,0,0,,0,0,0,0,,Start of 1st Period (8:06 PM EST),period,start,0,0,1
0042400302,4,PT12M00.00S,1,1610612752,NYK,1626157,Towns,K. Towns,0,0,0,,0,,,0,h,Jump Ball Towns vs. Turner: Tip to Hart,Jump Ball,,1,0,2
0042400302,7,PT11M45.00S,1,1610612752,NYK,1628384,Anunoby,O. Anunoby,15,6,2,Made,1,2,0,2,h,Anunoby 2' Cutting Dunk Shot (2 PTS) (Bridges 1 AST),Made Shot,Cutting Dunk Shot,1,2,3
0042400302,9,PT11M15.00S,1,1610612754,IND,1630169,Haliburton,T. Haliburton,108,233,26,Missed,1,,,0,v,MISS Haliburton 26' 3PT Step Back Jump Shot,Missed Shot,Step Back Jump shot,1,3,4
0042400302,10,PT11M15.00S,1,0,,1610612754,,,0,0,0,,0,,,0,v,Pacers Rebound,Rebound,Unknown,0,0,5
0042400302,12,PT11M01.00S,1,1610612754,IND,1627783,Siakam,P. Siakam,18,123,12,Made,1,2,2,4,v,Siakam 12' Turnaround Fadeaway (2 PTS) (Nembhard 1 AST),Made Shot,Turnaround Fadeaway shot,1,2,6
0042400302,14,PT10M35.00S,1,1610612752,NYK,1628973,Brunson,J. Brunson,13,25,3,Missed,1,,,0,h,MISS Brunson 3' Driving Floating Jump Shot,Missed Shot,Driving Floating Jump Shot,1,2,7
0042400302,14,PT10M35.00S,1,1610612754,IND,1626167,Turner,M. Turner,0,0,0,,0,,,0,v,Turner BLOCK (1 BLK),,,1,2,8
0042400302,16,PT10M32.00S,1,1610612754,IND,1627783,Siakam,P. Siakam,0,0,0,,0,,,0,v,Siakam REBOUND (Off:0 Def:1),Rebound,Unknown,1,0,9
0042400302,17,PT10M29.00S,1,1610612754,IND,1627783,Siakam,P. Siakam,6,10,1,Made,1,2,4,6,v,Siakam 1' Running Layup (4 PTS),Made Shot,Running Layup Shot,1,2,10
0042400302,18,PT10M11.00S,1,1610612752,NYK,1626157,Towns,K. Towns,31,263,26,Missed,1,,,0,h,MISS Towns 26' 3PT Jump Shot,Missed Shot,Jump Shot,1,3,11
0042400302,19,PT10M10.00S,1,0,,1610612754,,,0,0,0,,0,,,0,v,Pacers Rebound,Rebound,Unknown,0,0,12
0042400302,21,PT09M59.00S,1,1610612754,IND,1627783,Siakam,P. Siakam,-91,84,12,Made,1,2,6,8,v,Siakam 12' Turnaround Jump Shot (6 PTS),Made Shot,Turnaround Jump Shot,1,2,13
0042400302,22,PT09M43.00S,1,1610612754,IND,1627783,Siakam,P. Siakam,0,0,0,,0,,,0,v,Pacers T.Foul (Def. 3 Sec Siakam ) (M.Davis),Foul,Defense 3 Second,1,0,14
0042400302,23,PT09M43.00S,1,1610612752,NYK,1628973,Brunson,J. Brunson,0,0,0,,0,3,6,9,h,Brunson Free Throw Technical (1 PTS),Free Throw,Free Throw Technical,1,0,15
0042400302,24,PT09M31.00S,1,1610612752,NYK,1628969,Bridges,M. Bridges,12,84,8,Missed,1,,,0,h,MISS Bridges 8' Pullup Jump Shot,Missed Shot,Pullup Jump shot,1,2,16
0042400302,25,PT09M28.00S,1,1610612754,IND,1627783,Siakam,P. Siakam,0,0,0,,0,,,0,v,Siakam REBOUND (Off:0 Def:2),Rebound,Unknown,1,0,17
0042400302,26,PT09M21.00S,1,1610612754,IND,1627783,Siakam,P. Siakam,-167,202,26,Missed,1,,,0,v,MISS Siakam 26' 3PT Jump Shot,Missed Shot,Jump Shot,1,3,18
0042400302,27,PT09M18.00S,1,1610612752,NYK,1626157,Towns,K. Towns,0,0,0,,0,,,0,h,Towns REBOUND (Off:0 Def:1),Rebound,Unknown,1,0,19
0042400302,43,PT09M08.00S,1,1610612752,NYK,1628384,Anunoby,O. Anunoby,0,0,0,,0,,,0,h,Anunoby Bad Pass Turnover (P1.T1),Turnover,Bad Pass,1,0,20
0042400302,43,PT09M08.00S,1,1610612754,IND,1630174,Nesmith,A. Nesmith,0,0,0,,0,,,0,v,Nesmith STEAL (1 STL),,,1,0,21
0042400302,31,PT09M03.00S,1,1610612754,IND,1627783,Siakam,P. Siakam,-6,4,1,Made,1,3,8,11,v,Siakam 1' Running Dunk (8 PTS) (Haliburton 1 AST),Made Shot,Running Dunk Shot,1,2,22
0042400302,33,PT08M40.00S,1,1610612752,NYK,1628384,Anunoby,O. Anunoby,-229,57,24,Made,1,6,8,14,h,Anunoby 24' 3PT Jump Shot (5 PTS) (Brunson 1 AST),Made Shot,Jump Shot,1,3,23
0042400302,35,PT08M24.00S,1,1610612754,IND,1627783,Siakam,P. Siakam,-44,254,26,Made,1,6,11,17,v,Siakam 26' 3PT Jump Shot (11 PTS) (Haliburton 2 AST),Made Shot,Jump Shot,1,3,24
0042400302,37,PT08M09.00S,1,1610612754,IND,1626167,Turner,M. Turner,0,0,0,,0,,,0,v,Turner P.FOUL (P1.T1) (K.Scott),Foul,Personal,1,0,25
0042400302,39,PT08M00.00S,1,1610612752,NYK,1626157,Towns,K. Towns,-71,257,27,Missed,1,,,0,h,MISS Towns 27' 3PT Jump Shot,Missed Shot,Jump Shot,1,3,26
0042400302,40,PT07M57.00S,1,0,,1610612754,,,0,0,0,,0,,,0,v,Pacers Rebound,Rebound,Unknown,0,0,27
0042400302,41,PT07M57.00S,1,1610612752,NYK,1628404,Hart,J. Hart,0,0,0,,0,,,0,h,Hart L.B.FOUL (P1.T1) (J.Capers),Foul,Loose Ball,1,0,28
0042400302,45,PT07M43.00S,1,1610612754,IND,1627783,Siakam,P. Siakam,-7,8,1,Missed,1,,,0,v,MISS Siakam 1' Cutting Layup Shot,Missed Shot,Cutting Layup Shot,1,2,29
0042400302,46,PT07M42.00S,1,1610612752,NYK,1628384,Anunoby,O. Anunoby,0,0,0,,0,,,0,h,Anunoby REBOUND (Off:0 Def:1),Rebound,Unknown,1,0,30
0042400302,47,PT07M37.00S,1,1610612752,NYK,1628404,Hart,J. Hart,96,58,11,Missed,1,,,0,h,MISS Hart 11' Driving Floating Bank Jump Shot,Missed Shot,Driving Floating Bank Jump Shot,1,2,31
0042400302,48,PT07M34.00S,1,1610612754,IND,1630169,Haliburton,T. Haliburton,0,0,0,,0,,,0,v,Haliburton REBOUND (Off:0 Def:1),Rebound,Unknown,1,0,32
0042400302,49,PT07M28.00S,1,1610612754,IND,1630174,Nesmith,A. Nesmith,185,163,25,Made,1,6,14,20,v,Nesmith 25' 3PT Step Back Jump Shot (3 PTS) (Nembhard 2 AST),Made Shot,Step Back Jump shot,1,3,33
0042400302,51,PT07M11.00S,1,1610612752,NYK,1628384,Anunoby,O. Anunoby,227,78,24,Missed,1,,,0,h,MISS Anunoby 24' 3PT Step Back Jump Shot,Missed Shot,Step Back Jump shot,1,3,34
0042400302,52,PT07M10.00S,1,0,,1610612754,,,0,0,0,,0,,,0,v,Pacers Rebound,Rebound,Unknown,1,0,35
0042400302,54,PT06M51.00S,1,1610612754,IND,1627783,Siakam,P. Siakam,38,127,13,Missed,1,,,0,v,MISS Siakam 13' Fadeaway Jumper,Missed Shot,Fadeaway Jump Shot,1,2,36
0042400302,55,PT06M48.00S,1,1610612752,NYK,1628404,Hart,J. Hart,0,0,0,,0,,,0,h,Hart REBOUND (Off:0 Def:1),Rebound,Unknown,1,0,37
0042400302,56,PT06M36.00S,1,1610612752,NYK,1628973,Brunson,J. Brunson,153,204,26,Made,1,9,14,23,h,Brunson 26' 3PT Step Back Jump Shot (4 PTS),Made Shot,Step Back Jump shot,1,3,38
0042400302,57,PT06M23.00S,1,1610612754,IND,1626167,Turner,M. Turner,2,264,26,Missed,1,,,0,v,MISS Turner 26' 3PT Jump Shot,Missed Shot,Jump Shot,1,3,39
0042400302,58,PT06M20.00S,1,1610612754,IND,1630169,Haliburton,T. Haliburton,0,0,0,,0,,,0,v,Haliburton REBOUND (Off:1 Def:1),Rebound,Unknown,1,0,40
0042400302,59,PT06M14.00S,1,1610612754,IND,1629614,Nembhard,A. Nembhard,4,128,13,Made,1,9,16,25,v,Nembhard 13' Turnaround Jump Shot (2 PTS) (Haliburton 3 AST),Made Shot,Turnaround Jump Shot,1,2,41
0042400302,62,PT06M00.00S,1,0,,1610612752,,,0,0,0,,0,,,0,h,KNICKS Timeout: Regular (Full 1 Short 0),Timeout,Regular,0,0,42
0042400302,63,PT06M00.00S,1,1610612754,IND,1627783,Siakam,P. Siakam,0,0,0,,0,,,0,v,SUB: Toppin FOR Siakam,Substitution,,0,0,43
0042400302,64,PT06M00.00S,1,1610612754,IND,1630174,Nesmith,A. Nesmith,0,0,0,,0,,,0,v,SUB: Mathurin FOR Nesmith,Substitution,,0,0,44
0042400302,90,PT05M52.00S,1,1610612752,NYK,1628973,Brunson,J. Brunson,0,0,0,,0,,,0,h,Brunson Out of Bounds Lost Ball Turnover (P1.T2),Turnover,Out of Bounds Lost Ball Turnover,1,0,45
0042400302,71,PT05M43.00S,1,1610612752,NYK,1628404,Hart,J. Hart,0,0,0,,0,,,0,h,Hart P.FOUL (P2.T2) (K.Scott),Foul,Personal,1,0,46
0042400302,73,PT05M33.00S,1,1610612754,IND,1629614,Nembhard,A. Nembhard,200,158,25,Made,1,9,19,28,v,Nembhard 25' 3PT Step Back Jump Shot (5 PTS) (Haliburton 4 AST),Made Shot,Step Back Jump shot,1,3,47
0042400302,78,PT05M19.00S,1,1610612752,NYK,1626157,Towns,K. Towns,0,0,0,,0,,,0,h,SUB: Robinson FOR Towns,Substitution,,0,0,48
0042400302,79,PT05M19.00S,1,1610612754,IND,1626167,Turner,M. Turner,0,0,0,,0,,,0,v,SUB: Bryant FOR Turner,Substitution,,0,0,49
0042400302,81,PT05M08.00S,1,1610612752,NYK,1628973,Brunson,J. Brunson,-54,73,9,Made,1,11,19,30,h,Brunson 9' Pullup Jump Shot (6 PTS),Made Shot,Pullup Jump shot,1,2,50
0042400302,82,PT04M56.00S,1,1610612754,IND,1628418,Bryant,T. Bryant,0,0,0,,0,,,0,v,Bryant OFF.Foul (P1) (K.Scott),Foul,Offensive,1,0,51
0042400302,84,PT04M56.00S,1,1610612754,IND,1628418,Bryant,T. Bryant,0,0,0,,0,,,0,v,Bryant Offensive Foul Turnover (P1.T1),Turnover,Offensive Foul Turnover,1,0,52
0042400302,85,PT04M42.00S,1,1610612752,NYK,1628973,Brunson,J. Brunson,0,0,0,,0,,,0,h,Brunson Offensive Charge Foul (P1) (J.Capers),Foul,Offensive Charge,1,0,53
0042400302,87,PT04M42.00S,1,1610612752,NYK,1628973,Brunson,J. Brunson,0,0,0,,0,,,0,h,Brunson Offensive Foul Turnover (P2.T3),Turnover,Offensive Foul Turnover,1,0,54
0042400302,88,PT04M42.00S,1,1610612752,NYK,1628404,Hart,J. Hart,0,0,0,,0,,,0,h,SUB: McBride FOR Hart,Substitution,,0,0,55
0042400302,91,PT04M26.00S,1,1610612754,IND,1630169,Haliburton,T. Haliburton,34,96,10,Missed,1,,,0,v,MISS Haliburton 10' Driving Floating Jump Shot,Missed Shot,Driving Floating Jump Shot,1,2,56
0042400302,92,PT04M25.00S,1,1610612752,NYK,1628973,Brunson,J. Brunson,0,0,0,,0,,,0,h,Brunson REBOUND (Off:0 Def:1),Rebound,Unknown,1,0,57
0042400302,93,PT04M20.00S,1,1610612752,NYK,1630540,McBride,M. McBride,-239,16,24,Made,1,14,19,33,h,McBride 24' 3PT Running Jump Shot (3 PTS) (Brunson 2 AST),Made Shot,Running Jump Shot,1,3,58
0042400302,95,PT04M05.00S,1,1610612754,IND,1629614,Nembhard,A. Nembhard,17,143,14,Missed,1,,,0,v,MISS Nembhard 14' Step Back Jump Shot,Missed Shot,Step Back Jump shot,1,2,59
0042400302,96,PT04M02.00S,1,1610612752,NYK,1630540,McBride,M. McBride,0,0,0,,0,,,0,h,McBride REBOUND (Off:0 Def:1),Rebound,Unknown,1,0,60
0042400302,101,PT03M58.00S,1,1610612752,NYK,1628973,Brunson,J. Brunson,0,0,0,,0,,,0,h,Brunson Out of Bounds Lost Ball Turnover (P3.T4),Turnover,Out of Bounds Lost Ball Turnover,1,0,61
0042400302,100,PT03M58.00S,1,0,,1610612754,,,0,0,0,,0,,,0,v,Pacers Timeout: Regular (Reg.1 Short 0),Timeout,Regular,0,0,62
0042400302,102,PT03M37.00S,1,1610612754,IND,1629614,Nembhard,A. Nembhard,-25,202,20,Missed,1,,,0,v,MISS Nembhard 20' Step Back Jump Shot,Missed Shot,Step Back Jump shot,1,2,63
0042400302,103,PT03M35.00S,1,0,,1610612752,,,0,0,0,,0,,,0,h,KNICKS Rebound,Rebound,Unknown,0,0,64
0042400302,105,PT03M18.00S,1,1610612752,NYK,1628973,Brunson,J. Brunson,-107,234,26,Made,1,17,19,36,h,Brunson 26' 3PT Pullup Jump Shot (9 PTS),Made Shot,Pullup Jump shot,1,3,65
0042400302,106,PT03M01.00S,1,1610612754,IND,1630169,Haliburton,T. Haliburton,-82,305,32,Missed,1,,,0,v,MISS Haliburton 32' 3PT Pullup Jump Shot,Missed Shot,Pullup Jump shot,1,3,66
0042400302,107,PT02M59.00S,1,1610612752,NYK,1628973,Brunson,J. Brunson,0,0,0,,0,,,0,h,Brunson REBOUND (Off:0 Def:2),Rebound,Unknown,1,0,67
0042400302,108,PT02M44.00S,1,1610612752,NYK,1630540,McBride,M. McBride,67,115,13,Made,1,19,19,38,h,McBride 13' Pullup Jump Shot (5 PTS),Made Shot,Pullup Jump shot,1,2,68
0042400302,110,PT02M23.00S,1,1610612754,IND,1630169,Haliburton,T. Haliburton,0,0,0,,0,,,0,v,SUB: Nesmith FOR Haliburton,Substitution,,0,0,69
0042400302,111,PT02M23.00S,1,1610612754,IND,1629614,Nembhard,A. Nembhard,0,0,0,,0,,,0,v,SUB: McConnell FOR Nembhard,Substitution,,0,0,70
0042400302,112,PT02M23.00S,1,1610612754,IND,1630167,Toppin,O. Toppin,0,0,0,,0,,,0,v,SUB: Siakam FOR Toppin,Substitution,,0,0,71
0042400302,116,PT02M19.00S,1,1610612752,NYK,1628384,Anunoby,O. Anunoby,0,0,0,,0,,,0,h,Anunoby S.FOUL (P1.T3) (K.Scott),Foul,Shooting,1,0,72
0042400302,118,PT02M19.00S,1,1610612754,IND,1627783,Siakam,P. Siakam,0,0,0,,0,19,20,39,v,Siakam Free Throw 1 of 3 (12 PTS),Free Throw,Free Throw 1 of 3,1,0,73
0042400302,119,PT02M19.00S,1,1610612754,IND,1627783,Siakam,P. Siakam,0,0,0,,0,19,21,40,v,Siakam Free Throw 2 of 3 (13 PTS),Free Throw,Free Throw 2 of 3,1,0,74
0042400302,120,PT02M19.00S,1,1610612754,IND,1627783,Siakam,P. Siakam,0,0,0,,0,19,22,41,v,Siakam Free Throw 3 of 3 (14 PTS),Free Throw,Free Throw 3 of 3,1,0,75
0042400302,121,PT02M04.00S,1,1610612752,NYK,1628973,Brunson,J. Brunson,-132,213,25,Missed,1,,,0,h,MISS Brunson 25' 3PT Pullup Jump Shot,Missed Shot,Pullup Jump shot,1,3,76
0042400302,122,PT02M02.00S,1,0,,1610612752,,,0,0,0,,0,,,0,h,KNICKS Rebound,Rebound,Unknown,0,0,77
0042400302,124,PT01M52.00S,1,1610612752,NYK,1630540,McBride,M. McBride,129,224,26,Missed,1,,,0,h,MISS McBride 26' 3PT Jump Shot,Missed Shot,Jump Shot,1,3,78
0042400302,125,PT01M49.00S,1,1610612754,IND,1630174,Nesmith,A. Nesmith,0,0,0,,0,,,0,v,Nesmith REBOUND (Off:0 Def:1),Rebound,Unknown,1,0,79
0042400302,126,PT01M34.00S,1,1610612754,IND,204456,McConnell,T. McConnell,0,0,0,,0,,,0,v,McConnell Bad Pass Turnover (P1.T2),Turnover,Bad Pass,1,0,80
0042400302,126,PT01M34.00S,1,1610612752,NYK,1628384,Anunoby,O. Anunoby,0,0,0,,0,,,0,h,Anunoby STEAL (1 STL),,,1,0,81
0042400302,128,PT01M31.00S,1,1610612752,NYK,1628384,Anunoby,O. Anunoby,11,9,1,Made,1,21,22,43,h,Anunoby 1' Driving Dunk (7 PTS),Made Shot,Driving Dunk Shot,1,2,82
0042400302,129,PT01M12.00S,1,1610612754,IND,1631097,Mathurin,B. Mathurin,-50,184,19,Missed,1,,,0,v,MISS Mathurin 19' Pullup Jump Shot,Missed Shot,Pullup Jump shot,1,2,83
0042400302,130,PT01M09.00S,1,1610612752,NYK,1629011,Robinson,M. Robinson,0,0,0,,0,,,0,h,Robinson REBOUND (Off:0 Def:1),Rebound,Unknown,1,0,84
0042400302,131,PT00M55.10S,1,1610612752,NYK,1628384,Anunoby,O. Anunoby,-86,21,9,Missed,1,,,0,h,MISS Anunoby 9' Step Back Jump Shot,Missed Shot,Step Back Jump shot,1,2,85
0042400302,132,PT00M53.90S,1,0,,1610612752,,,0,0,0,,0,,,0,h,KNICKS Rebound,Rebound,Unknown,0,0,86
0042400302,133,PT00M53.90S,1,1610612754,IND,1628418,Bryant,T. Bryant,0,0,0,,0,,,0,v,Bryant L.B.FOUL (P2.T2) (J.Capers),Foul,Loose Ball,1,0,87
0042400302,135,PT00M53.90S,1,1610612754,IND,1628418,Bryant,T. Bryant,0,0,0,,0,,,0,v,SUB: Turner FOR Bryant,Substitution,,0,0,88
0042400302,137,PT00M46.40S,1,1610612754,IND,1626167,Turner,M. Turner,0,0,0,,0,,,0,v,Turner S.FOUL (P2.PN) (K.Scott),Foul,Shooting,1,0,89
0042400302,139,PT00M46.40S,1,1610612752,NYK,1628969,Bridges,M. Bridges,0,0,0,,0,22,22,44,h,Bridges Free Throw 1 of 2 (1 PTS),Free Throw,Free Throw 1 of 2,1,0,90
0042400302,140,PT00M46.40S,1,1610612754,IND,1626167,Turner,M. Turner,0,0,0,,0,,,0,v,SUB: Toppin FOR Turner,Substitution,,0,0,91
0042400302,142,PT00M46.40S,1,1610612752,NYK,1628969,Bridges,M. Bridges,0,0,0,,0,,,0,h,MISS Bridges Free Throw 2 of 2,Free Throw,Free Throw 2 of 2,1,0,92
0042400302,143,PT00M45.20S,1,1610612752,NYK,1628384,Anunoby,O. Anunoby,0,0,0,,0,,,0,h,Anunoby REBOUND (Off:1 Def:1),Rebound,Unknown,1,0,93
0042400302,144,PT00M42.30S,1,1610612752,NYK,1628973,Brunson,J. Brunson,104,231,25,Missed,1,,,0,h,MISS Brunson 25' 3PT Pullup Jump Shot,Missed Shot,Pullup Jump shot,1,3,94
0042400302,145,PT00M39.10S,1,1610612752,NYK,1629011,Robinson,M. Robinson,0,0,0,,0,,,0,h,Robinson REBOUND (Off:1 Def:1),Rebound,Unknown,1,0,95
0042400302,146,PT00M32.30S,1,1610612752,NYK,1628384,Anunoby,O. Anunoby,0,1,0,Made,1,24,22,46,h,Anunoby Alley Oop Dunk (9 PTS) (Brunson 3 AST),Made Shot,Alley Oop Dunk Shot,1,2,96
0042400302,148,PT00M13.20S,1,1610612754,IND,1627783,Siakam,P. Siakam,-39,159,16,Made,1,24,24,48,v,Siakam 16' Step Back Jump Shot (16 PTS),Made Shot,Step Back Jump shot,1,2,97
0042400302,149,PT00M03.40S,1,1610612752,NYK,1628973,Brunson,J. Brunson,-13,4,1,Missed,1,,,0,h,MISS Brunson 1' Driving Floating Jump Shot,Missed Shot,Driving Floating Jump Shot,1,2,98
0042400302,150,PT00M03.30S,1,1610612752,NYK,1629011,Robinson,M. Robinson,0,0,0,,0,,,0,h,Robinson REBOUND (Off:2 Def:1),Rebound,Unknown,1,0,99
0042400302,151,PT00M03.30S,1,1610612752,NYK,1629011,Robinson,M. Robinson,0,0,0,Made,1,26,24,50,h,Robinson Tip Layup Shot (2 PTS),Made Shot,Tip Layup Shot,1,2,100
0042400302,152,PT00M00.00S,1,1610612754,IND,204456,McConnell,T. McConnell,-158,421,45,Missed,1,,,0,v,MISS McConnell 45' 3PT Pullup Jump Shot,Missed Shot,Pullup Jump shot,1,3,101
0042400302,153,PT00M00.00S,1,0,,1610612754,,,0,0,0,,0,,,0,v,Pacers Rebound,Rebound,Unknown,0,0,102
0042400302,154,PT00M00.00S,1,0,,0,,,0,0,0,,0,26,24,50,,End of 1st Period (8:34 PM EST),period,end,1,0,103
0042400302,161,PT12M00.00S,2,0,,0,,,0,0,0,,0,26,24,50,,Start of 2nd Period (8:37 PM EST),period,start,0,0,104
0042400302,165,PT11M42.00S,2,1610612754,IND,1631097,Mathurin,B. Mathurin,0,0,0,,0,,,0,v,Mathurin Out of Bounds Lost Ball Turnover (P1.T3),Turnover,Out of Bounds Lost Ball Turnover,1,0,105
0042400302,163,PT11M42.00S,2,0,,1610612752,,,0,0,0,,0,,,0,h,KNICKS Timeout: Regular (Full 2 Short 0),Timeout,Regular,0,0,106
0042400302,164,PT11M42.00S,2,0,,162,,,0,0,0,,0,26,24,50,,Instant Replay2nd Period (8:38 PM EST),Instant Replay,Coach Challenge Overturn Ruling,1,0,107
0042400302,166,PT11M23.00S,2,1610612752,NYK,1626166,Payne,C. Payne,221,111,25,Missed,1,,,0,h,MISS Payne 25' 3PT Jump Shot,Missed Shot,Jump Shot,1,3,108
0042400302,167,PT11M21.00S,2,1610612754,IND,1628396,Bradley,T. Bradley,0,0,0,,0,,,0,v,Bradley REBOUND (Off:0 Def:1),Rebound,Unknown,1,0,109
0042400302,168,PT11M13.00S,2,1610612752,NYK,1630540,McBride,M. McBride,0,0,0,,0,,,0,h,McBride P.FOUL (P1.T1) (J.Capers),Foul,Personal,1,0,110
0042400302,170,PT11M05.00S,2,1610612754,IND,204456,McConnell,T. McConnell,9,17,2,Made,1,26,26,52,v,McConnell 2' Driving Floating Jump Shot (2 PTS),Made Shot,Driving Floating Jump Shot,1,2,111
0042400302,171,PT10M57.00S,2,1610612754,IND,204456,McConnell,T. McConnell,0,0,0,,0,,,0,v,McConnell P.FOUL (P1.T1) (M.Davis),Foul,Personal,1,0,112
0042400302,173,PT10M50.00S,2,1610612752,NYK,1628969,Bridges,M. Bridges,22,78,8,Missed,1,,,0,h,MISS Bridges 8' Driving Floating Jump Shot,Missed Shot,Driving Floating Jump Shot,1,2,113
0042400302,174,PT10M47.00S,2,1610612754,IND,1630174,Nesmith,A. Nesmith,0,0,0,,0,,,0,v,Nesmith REBOUND (Off:0 Def:2),Rebound,Unknown,1,0,114
0042400302,175,PT10M37.00S,2,1610612754,IND,204456,McConnell,T. McConnell,40,16,4,Missed,1,,,0,v,MISS McConnell 4' Pullup Jump Shot,Missed Shot,Pullup Jump shot,1,2,115
0042400302,176,PT10M34.00S,2,1610612752,NYK,1629011,Robinson,M. Robinson,0,0,0,,0,,,0,h,Robinson REBOUND (Off:2 Def:2),Rebound,Unknown,1,0,116
0042400302,177,PT10M19.00S,2,1610612752,NYK,1626166,Payne,C. Payne,4,37,4,Missed,1,,,0,h,MISS Payne 4' Driving Layup,Missed Shot,Driving Layup Shot,1,2,117
0042400302,178,PT10M16.00S,2,1610612754,IND,1630174,Nesmith,A. Nesmith,0,0,0,,0,,,0,v,Nesmith REBOUND (Off:0 Def:3),Rebound,Unknown,1,0,118
0042400302,179,PT10M14.00S,2,1610612754,IND,1627783,Siakam,P. Siakam,1,11,1,Made,1,26,28,54,v,Siakam 1' Running Layup (18 PTS) (Mathurin 1 AST),Made Shot,Running Layup Shot,1,2,119
0042400302,181,PT10M09.00S,2,0,,1610612754,,,0,0,0,,0,,,0,v,Pacers Violation: Delay of game Violation,Violation,Delay Of Game,0,0,120
0042400302,182,PT09M54.00S,2,1610612752,NYK,1626157,Towns,K. Towns,18,5,2,Made,1,28,28,56,h,Towns 2' Driving Layup (2 PTS) (McBride 1 AST),Made Shot,Driving Layup Shot,1,2,121
0042400302,184,PT09M54.00S,2,1610612754,IND,1627783,Siakam,P. Siakam,0,0,0,,0,,,0,v,Siakam S.FOUL (P1.T2) (K.Scott),Foul,Shooting,1,0,122
0042400302,186,PT09M54.00S,2,1610612752,NYK,1626157,Towns,K. Towns,0,0,0,,0,29,28,57,h,Towns Free Throw 1 of 1 (3 PTS),Free Throw,Free Throw 1 of 1,1,0,123
0042400302,187,PT09M37.00S,2,1610612754,IND,1627783,Siakam,P. Siakam,184,169,25,Missed,1,,,0,v,MISS Siakam 25' 3PT Jump Shot,Missed Shot,Jump Shot,1,3,124
0042400302,188,PT09M35.00S,2,1610612754,IND,1628396,Bradley,T. Bradley,0,0,0,,0,,,0,v,Bradley REBOUND (Off:1 Def:1),Rebound,Unknown,1,0,125
0042400302,189,PT09M33.00S,2,1610612754,IND,1628396,Bradley,T. Bradley,0,0,0,,0,,,0,v,Bradley Bad Pass Turnover (P1.T4),Turnover,Bad Pass,1,0,126
0042400302,189,PT09M33.00S,2,1610612752,NYK,1628969,Bridges,M. Bridges,0,0,0,,0,,,0,h,Bridges STEAL (1 STL),,,1,0,127
0042400302,191,PT09M23.00S,2,1610612752,NYK,1626157,Towns,K. Towns,-31,80,9,Made,1,31,28,59,h,Towns 9' Driving Floating Jump Shot (5 PTS),Made Shot,Driving Floating Jump Shot,1,2,128
0042400302,192,PT09M02.00S,2,1610612754,IND,1627783,Siakam,P. Siakam,169,42,17,Made,1,31,30,61,v,Siakam 17' Step Back Jump Shot (20 PTS),Made Shot,Step Back Jump shot,1,2,129
0042400302,193,PT09M02.00S,2,1610612752,NYK,1626157,Towns,K. Towns,0,0,0,,0,,,0,h,Towns S.FOUL (P1.T2) (M.Davis),Foul,Shooting,1,0,130
0042400302,195,PT09M02.00S,2,1610612754,IND,1627783,Siakam,P. Siakam,0,0,0,,0,31,31,62,v,Siakam Free Throw 1 of 1 (21 PTS),Free Throw,Free Throw 1 of 1,1,0,131
0042400302,196,PT08M44.00S,2,1610612752,NYK,1626157,Towns,K. Towns,-12,40,4,Missed,1,,,0,h,MISS Towns 4' Driving Floating Bank Jump Shot,Missed Shot,Driving Floating Bank Jump Shot,1,2,132
0042400302,197,PT08M42.00S,2,1610612754,IND,1630174,Nesmith,A. Nesmith,0,0,0,,0,,,0,v,Nesmith REBOUND (Off:0 Def:4),Rebound,Unknown,1,0,133
0042400302,198,PT08M32.00S,2,1610612754,IND,1631097,Mathurin,B. Mathurin,1,48,5,Missed,1,,,0,v,MISS Mathurin 5' Driving Layup,Missed Shot,Driving Layup Shot,1,2,134
0042400302,198,PT08M32.00S,2,1610612752,NYK,1629011,Robinson,M. Robinson,0,0,0,,0,,,0,h,Robinson BLOCK (1 BLK),,,1,2,135
0042400302,199,PT08M31.00S,2,1610612754,IND,204456,McConnell,T. McConnell,0,0,0,,0,,,0,v,McConnell REBOUND (Off:1 Def:0),Rebound,Unknown,1,0,136
0042400302,200,PT08M30.00S,2,1610612754,IND,204456,McConnell,T. McConnell,7,8,1,Made,1,31,33,64,v,McConnell 1' Jump Shot (4 PTS),Made Shot,Jump Shot,1,2,137
0042400302,201,PT08M19.00S,2,1610612752,NYK,1629011,Robinson,M. Robinson,0,5,1,Made,1,33,33,66,h,Robinson 1' Alley Oop Dunk (4 PTS) (Payne 1 AST),Made Shot,Alley Oop Dunk Shot,1,2,138
0042400302,204,PT08M02.00S,2,1610612754,IND,1630174,Nesmith,A. Nesmith,0,0,0,,0,,,0,v,Nesmith OFF.Foul (P1) (J.Capers),Foul,Offensive,1,0,139
0042400302,206,PT08M02.00S,2,1610612754,IND,1630174,Nesmith,A. Nesmith,0,0,0,,0,,,0,v,Nesmith Offensive Foul Turnover (P1.T5),Turnover,Offensive Foul Turnover,1,0,140
0042400302,207,PT08M02.00S,2,1610612754,IND,204456,McConnell,T. McConnell,0,0,0,,0,,,0,v,SUB: Haliburton FOR McConnell,Substitution,,0,0,141
0042400302,208,PT08M02.00S,2,1610612754,IND,1630174,Nesmith,A. Nesmith,0,0,0,,0,,,0,v,SUB: Nembhard FOR Nesmith,Substitution,,0,0,142
0042400302,209,PT08M02.00S,2,1610612754,IND,1627783,Siakam,P. Siakam,0,0,0,,0,,,0,v,SUB: Toppin FOR Siakam,Substitution,,0,0,143
0042400302,210,PT08M02.00S,2,1610612754,IND,1628396,Bradley,T. Bradley,0,0,0,,0,,,0,v,SUB: Turner FOR Bradley,Substitution,,0,0,144
0042400302,215,PT07M51.00S,2,1610612754,IND,1630167,Toppin,O. Toppin,0,0,0,,0,,,0,v,Toppin S.FOUL (P1.T3) (M.Davis),Foul,Shooting,1,0,145
0042400302,217,PT07M51.00S,2,1610612752,NYK,1626157,Towns,K. Towns,0,0,0,,0,34,33,67,h,Towns Free Throw 1 of 2 (6 PTS),Free Throw,Free Throw 1 of 2,1,0,146
0042400302,218,PT07M51.00S,2,1610612752,NYK,1626157,Towns,K. Towns,0,0,0,,0,35,33,68,h,Towns Free Throw 2 of 2 (7 PTS),Free Throw,Free Throw 2 of 2,1,0,147
0042400302,219,PT07M31.00S,2,1610612754,IND,1630167,Toppin,O. Toppin,-94,85,13,Missed,1,,,0,v,MISS Toppin 13' Driving Floating Jump Shot,Missed Shot,Driving Floating Jump Shot,1,2,148
0042400302,219,PT07M31.00S,2,1610612752,NYK,1629011,Robinson,M. Robinson,0,0,0,,0,,,0,h,Robinson BLOCK (2 BLK),,,1,2,149
0042400302,220,PT07M28.00S,2,1610612752,NYK,1626157,Towns,K. Towns,0,0,0,,0,,,0,h,Towns REBOUND (Off:0 Def:2),Rebound,Unknown,1,0,150
0042400302,221,PT07M23.00S,2,1610612752,NYK,1630540,McBride,M. McBride,-185,166,25,Missed,1,,,0,h,MISS McBride 25' 3PT Running Pull-Up Jump Shot,Missed Shot,Running Pull-Up Jump Shot,1,3,151
0042400302,223,PT07M22.00S,2,1610612752,NYK,1626157,Towns,K. Towns,0,0,0,,0,,,0,h,Towns REBOUND (Off:1 Def:2),Rebound,Unknown,1,0,152
0042400302,224,PT07M17.00S,2,1610612752,NYK,1626157,Towns,K. Towns,-228,88,24,Made,1,38,33,71,h,Towns 24' 3PT Pullup Jump Shot (10 PTS),Made Shot,Pullup Jump shot,1,3,153
0042400302,225,PT07M17.00S,2,0,,1610612754,,,0,0,0,,0,,,0,v,Pacers Timeout: Regular (Reg.2 Short 0),Timeout,Regular,0,0,154
0042400302,228,PT07M17.00S,2,1610612754,IND,1631097,Mathurin,B. Mathurin,0,0,0,,0,,,0,v,SUB: Sheppard FOR Mathurin,Substitution,,0,0,155
0042400302,229,PT07M02.00S,2,1610612754,IND,1630167,Toppin,O. Toppin,11,10,1,Missed,1,,,0,v,MISS Toppin 1' Cutting Finger Roll Layup Shot,Missed Shot,Cutting Finger Roll Layup Shot,1,2,156
0042400302,230,PT07M00.00S,2,1610612752,NYK,1629011,Robinson,M. Robinson,0,0,0,,0,,,0,h,Robinson REBOUND (Off:2 Def:3),Rebound,Unknown,1,0,157
0042400302,231,PT06M46.00S,2,1610612752,NYK,1626157,Towns,K. Towns,-2,25,3,Made,1,40,33,73,h,Towns 3' Driving Floating Jump Shot (12 PTS),Made Shot,Driving Floating Jump Shot,1,2,158
0042400302,232,PT06M28.00S,2,1610612754,IND,1629614,Nembhard,A. Nembhard,-184,184,26,Made,1,40,36,76,v,Nembhard 26' 3PT Step Back Jump Shot (8 PTS) (Toppin 1 AST),Made Shot,Step Back Jump shot,1,3,159
0042400302,234,PT06M19.00S,2,1610612752,NYK,1626166,Payne,C. Payne,0,0,0,,0,,,0,h,Payne Out of Bounds Lost Ball Turnover (P1.T5),Turnover,Out of Bounds Lost Ball Turnover,1,0,160
0042400302,235,PT06M01.00S,2,1610612754,IND,1626167,Turner,M. Turner,2,0,0,Made,1,40,38,78,v,Turner Driving Dunk (2 PTS) (Haliburton 5 AST),Made Shot,Driving Dunk Shot,1,2,161
0042400302,236,PT05M59.00S,2,0,,1610612752,,,0,0,0,,0,,,0,h,KNICKS Timeout: Regular (Full 3 Short 0),Timeout,Regular,0,0,162
0042400302,238,PT05M59.00S,2,1610612752,NYK,1626166,Payne,C. Payne,0,0,0,,0,,,0,h,SUB: Hart FOR Payne,Substitution,,0,0,163
0042400302,239,PT05M59.00S,2,1610612752,NYK,1626157,Towns,K. Towns,0,0,0,,0,,,0,h,SUB: Brunson FOR Towns,Substitution,,0,0,164
0042400302,242,PT05M58.00S,2,1610612754,IND,1630167,Toppin,O. Toppin,0,0,0,,0,,,0,v,Toppin P.FOUL (P2.T4) (J.Capers),Foul,Personal,0,0,165
0042400302,244,PT05M44.00S,2,1610612752,NYK,1628969,Bridges,M. Bridges,0,0,0,,0,,,0,h,Bridges Double Dribble Turnover (P1.T6),Turnover,Double Dribble,0,0,166
0042400302,245,PT05M25.00S,2,1610612754,IND,1626167,Turner,M. Turner,0,0,0,,0,,,0,v,Turner Traveling Turnover (P1.T6),Turnover,Traveling,1,0,167
0042400302,246,PT05M08.00S,2,1610612752,NYK,1628973,Brunson,J. Brunson,-22,83,9,Missed,1,,,0,h,MISS Brunson 9' Pullup Jump Shot,Missed Shot,Pullup Jump shot,1,2,168
0042400302,247,PT05M05.00S,2,1610612754,IND,1630169,Haliburton,T. Haliburton,0,0,0,,0,,,0,v,Haliburton REBOUND (Off:1 Def:2),Rebound,Unknown,1,0,169
0042400302,248,PT04M52.00S,2,1610612754,IND,1641767,Sheppard,B. Sheppard,230,16,0,Made,1,40,41,81,v,Sheppard 3PT Jump Shot (3 PTS) (Toppin 2 AST),Made Shot,Jump Shot,1,3,170
0042400302,250,PT04M44.00S,2,1610612752,NYK,1630540,McBride,M. McBride,0,0,0,,0,,,0,h,McBride Lost Ball Turnover (P1.T7),Turnover,Lost Ball,1,0,171
0042400302,250,PT04M44.00S,2,1610612754,IND,1630169,Haliburton,T. Haliburton,0,0,0,,0,,,0,v,Haliburton STEAL (1 STL),,,1,0,172
0042400302,252,PT04M38.00S,2,1610612754,IND,1630167,Toppin,O. Toppin,0,0,0,,0,,,0,v,Toppin Bad Pass Turnover (P1.T7),Turnover,Bad Pass,1,0,173
0042400302,252,PT04M38.00S,2,1610612752,NYK,1628404,Hart,J. Hart,0,0,0,,0,,,0,h,Hart STEAL (1 STL),,,1,0,174
0042400302,254,PT04M33.00S,2,1610612752,NYK,1630540,McBride,M. McBride,233,32,24,Missed,1,,,0,h,MISS McBride 24' 3PT Running Jump Shot,Missed Shot,Running Jump Shot,1,3,175
0042400302,255,PT04M30.00S,2,1610612752,NYK,1629011,Robinson,M. Robinson,0,0,0,,0,,,0,h,Robinson REBOUND (Off:3 Def:3),Rebound,Unknown,1,0,176
0042400302,256,PT04M23.00S,2,1610612752,NYK,1628969,Bridges,M. Bridges,11,6,1,Made,1,42,41,83,h,Bridges 1' Reverse Layup (3 PTS) (McBride 2 AST),Made Shot,Reverse Layup Shot,1,2,177
0042400302,258,PT04M06.00S,2,1610612754,IND,1626167,Turner,M. Turner,-9,13,2,Missed,1,,,0,v,MISS Turner 2' Driving Layup,Missed Shot,Driving Layup Shot,1,2,178
0042400302,259,PT04M04.00S,2,1610612752,NYK,1628969,Bridges,M. Bridges,0,0,0,,0,,,0,h,Bridges REBOUND (Off:0 Def:1),Rebound,Unknown,1,0,179
0042400302,260,PT03M58.00S,2,1610612752,NYK,1628969,Bridges,M. Bridges,0,0,0,,0,,,0,h,Bridges Lost Ball Turnover (P2.T8),Turnover,Lost Ball,1,0,180
0042400302,260,PT03M58.00S,2,1610612754,IND,1629614,Nembhard,A. Nembhard,0,0,0,,0,,,0,v,Nembhard STEAL (1 STL),,,1,0,181
0042400302,262,PT03M54.00S,2,1610612754,IND,1630167,Toppin,O. Toppin,9,1,1,Made,1,42,43,85,v,Toppin 1' Running Dunk (2 PTS),Made Shot,Running Dunk Shot,1,2,182
0042400302,263,PT03M32.00S,2,1610612752,NYK,1628973,Brunson,J. Brunson,-40,143,15,Made,1,44,43,87,h,Brunson 15' Turnaround Jump Shot (11 PTS),Made Shot,Turnaround Jump Shot,1,2,183
0042400302,264,PT03M17.00S,2,1610612754,IND,1630169,Haliburton,T. Haliburton,61,278,28,Missed,1,,,0,v,MISS Haliburton 28' 3PT Pullup Jump Shot,Missed Shot,Pullup Jump shot,1,3,184
0042400302,265,PT03M14.00S,2,1610612752,NYK,1628404,Hart,J. Hart,0,0,0,,0,,,0,h,Hart REBOUND (Off:0 Def:2),Rebound,Unknown,1,0,185
0042400302,266,PT03M01.00S,2,1610612752,NYK,1628969,Bridges,M. Bridges,6,73,7,Missed,1,,,0,h,MISS Bridges 7' Turnaround Fadeaway Shot,Missed Shot,Turnaround Fadeaway shot,1,2,186
0042400302,267,PT02M59.00S,2,1610612752,NYK,1628404,Hart,J. Hart,0,0,0,,0,,,0,h,Hart REBOUND (Off:1 Def:2),Rebound,Unknown,1,0,187
0042400302,268,PT02M57.00S,2,1610612752,NYK,1628969,Bridges,M. Bridges,-110,219,25,Missed,1,,,0,h,MISS Bridges 25' 3PT Jump Shot,Missed Shot,Jump Shot,1,3,188
0042400302,269,PT02M56.00S,2,1610612754,IND,1629614,Nembhard,A. Nembhard,0,0,0,,0,,,0,v,Nembhard REBOUND (Off:0 Def:1),Rebound,Unknown,1,0,189
0042400302,272,PT02M54.00S,2,0,,1610612754,,,0,0,0,,0,,,0,v,Pacers Timeout: Regular (Reg.3 Short 0),Timeout,Regular,0,0,190
0042400302,273,PT02M54.00S,2,1610612752,NYK,1628969,Bridges,M. Bridges,0,0,0,,0,,,0,h,SUB: Anunoby FOR Bridges,Substitution,,0,0,191
0042400302,274,PT02M54.00S,2,1610612754,IND,1630167,Toppin,O. Toppin,0,0,0,,0,,,0,v,SUB: Siakam FOR Toppin,Substitution,,0,0,192
0042400302,277,PT02M39.00S,2,1610612754,IND,1629614,Nembhard,A. Nembhard,-20,1,2,Missed,1,,,0,v,MISS Nembhard 2' Driving Finger Roll Layup,Missed Shot,Driving Finger Roll Layup Shot,1,2,193
0042400302,277,PT02M39.00S,2,1610612752,NYK,1628404,Hart,J. Hart,0,0,0,,0,,,0,h,Hart BLOCK (1 BLK),,,1,2,194
0042400302,279,PT02M38.00S,2,0,,1610612754,,,0,0,0,,0,,,0,v,Pacers Rebound,Rebound,Unknown,0,0,195
0042400302,281,PT02M31.00S,2,1610612754,IND,1630169,Haliburton,T. Haliburton,16,1,2,Missed,1,,,0,v,MISS Haliburton 2' Driving Finger Roll Layup,Missed Shot,Driving Finger Roll Layup Shot,1,2,196
0042400302,282,PT02M28.00S,2,1610612752,NYK,1629011,Robinson,M. Robinson,0,0,0,,0,,,0,h,Robinson REBOUND (Off:3 Def:4),Rebound,Unknown,1,0,197
0042400302,285,PT02M13.00S,2,1610612752,NYK,1628973,Brunson,J. Brunson,83,129,15,Made,1,46,43,89,h,Brunson 15' Turnaround Fadeaway (13 PTS),Made Shot,Turnaround Fadeaway shot,1,2,198
0042400302,286,PT02M00.00S,2,1610612754,IND,1630169,Haliburton,T. Haliburton,39,12,4,Made,1,46,45,91,v,Haliburton 4' Driving Floating Bank Jump Shot (2 PTS),Made Shot,Driving Floating Bank Jump Shot,1,2,199
0042400302,287,PT01M42.00S,2,1610612754,IND,1641767,Sheppard,B. Sheppard,0,0,0,,0,,,0,v,Sheppard P.FOUL (P1.PN) (K.Scott),Foul,Personal,1,0,200
0042400302,289,PT01M42.00S,2,1610612752,NYK,1628973,Brunson,J. Brunson,0,0,0,,0,47,45,92,h,Brunson Free Throw 1 of 2 (14 PTS),Free Throw,Free Throw 1 of 2,1,0,201
0042400302,290,PT01M42.00S,2,1610612752,NYK,1629011,Robinson,M. Robinson,0,0,0,,0,,,0,h,SUB: Towns FOR Robinson,Substitution,,0,0,202
0042400302,291,PT01M42.00S,2,1610612754,IND,1641767,Sheppard,B. Sheppard,0,0,0,,0,,,0,v,SUB: Nesmith FOR Sheppard,Substitution,,0,0,203
0042400302,294,PT01M42.00S,2,1610612754,IND,1626167,Turner,M. Turner,0,0,0,,0,,,0,v,SUB: Toppin FOR Turner,Substitution,,0,0,204
0042400302,296,PT01M42.00S,2,1610612752,NYK,1628973,Brunson,J. Brunson,0,0,0,,0,48,45,93,h,Brunson Free Throw 2 of 2 (15 PTS),Free Throw,Free Throw 2 of 2,1,0,205
0042400302,297,PT01M23.00S,2,1610612754,IND,1627783,Siakam,P. Siakam,25,-3,3,Made,1,48,47,95,v,Siakam 3' Driving Finger Roll Layup (23 PTS),Made Shot,Driving Finger Roll Layup Shot,1,2,206
0042400302,298,PT01M05.00S,2,1610612752,NYK,1628973,Brunson,J. Brunson,-87,99,13,Made,1,50,47,97,h,Brunson 13' Turnaround Fadeaway (17 PTS),Made Shot,Turnaround Fadeaway shot,1,2,207
0042400302,300,PT00M42.10S,2,1610612754,IND,1630174,Nesmith,A. Nesmith,34,4,3,Made,1,50,49,99,v,Nesmith 3' Cutting Layup Shot (5 PTS) (Siakam 1 AST),Made Shot,Cutting Layup Shot,1,2,208
0042400302,302,PT00M29.30S,2,1610612752,NYK,1626157,Towns,K. Towns,105,127,16,Missed,1,,,0,h,MISS Towns 16' Driving Floating Jump Shot,Missed Shot,Driving Floating Jump Shot,1,2,209
0042400302,303,PT00M26.30S,2,1610612754,IND,1627783,Siakam,P. Siakam,0,0,0,,0,,,0,v,Siakam REBOUND (Off:0 Def:3),Rebound,Unknown,1,0,210
0042400302,304,PT00M06.10S,2,1610612754,IND,1627783,Siakam,P. Siakam,-1,157,16,Missed,1,,,0,v,MISS Siakam 16' Turnaround Fadeaway Shot,Missed Shot,Turnaround Fadeaway shot,1,2,211
0042400302,305,PT00M03.10S,2,1610612752,NYK,1626157,Towns,K. Towns,0,0,0,,0,,,0,h,Towns REBOUND (Off:1 Def:3),Rebound,Unknown,1,0,212
0042400302,306,PT00M01.50S,2,1610612754,IND,1630169,Haliburton,T. Haliburton,0,0,0,,0,,,0,v,Haliburton P.FOUL (P1.PN) (M.Davis),Foul,Personal,1,0,213
0042400302,308,PT00M01.50S,2,1610612752,NYK,1628404,Hart,J. Hart,0,0,0,,0,51,49,100,h,Hart Free Throw 1 of 2 (1 PTS),Free Throw,Free Throw 1 of 2,1,0,214
0042400302,309,PT00M01.50S,2,1610612752,NYK,1628973,Brunson,J. Brunson,0,0,0,,0,,,0,h,SUB: Robinson FOR Brunson,Substitution,,0,0,215
0042400302,310,PT00M01.50S,2,1610612752,NYK,1626157,Towns,K. Towns,0,0,0,,0,,,0,h,SUB: Bridges FOR Towns,Substitution,,0,0,216
0042400302,311,PT00M01.50S,2,1610612754,IND,1630167,Toppin,O. Toppin,0,0,0,,0,,,0,v,SUB: Bradley FOR Toppin,Substitution,,0,0,217
0042400302,315,PT00M01.50S,2,1610612754,IND,1630174,Nesmith,A. Nesmith,0,0,0,,0,,,0,v,SUB: Bryant FOR Nesmith,Substitution,,0,0,218
0042400302,317,PT00M01.50S,2,1610612752,NYK,1628404,Hart,J. Hart,0,0,0,,0,52,49,101,h,Hart Free Throw 2 of 2 (2 PTS),Free Throw,Free Throw 2 of 2,1,0,219
0042400302,318,PT00M00.00S,2,1610612754,IND,1630169,Haliburton,T. Haliburton,-202,714,74,Missed,1,,,0,v,MISS Haliburton 74' 3PT Pullup Jump Shot,Missed Shot,Pullup Jump shot,1,3,220
0042400302,319,PT00M00.00S,2,0,,1610612754,,,0,0,0,,0,,,0,v,Pacers Rebound,Rebound,Unknown,0,0,221
0042400302,320,PT00M00.00S,2,0,,0,,,0,0,0,,0,52,49,101,,End of 2nd Period (9:10 PM EST),period,end,1,0,222
0042400302,329,PT12M00.00S,3,0,,0,,,0,0,0,,0,52,49,101,,Start of 3rd Period (9:27 PM EST),period,start,0,0,223
0042400302,330,PT11M45.00S,3,1610612754,IND,1626167,Turner,M. Turner,102,246,27,Missed,1,,,0,v,MISS Turner 27' 3PT Jump Shot,Missed Shot,Jump Shot,1,3,224
0042400302,331,PT11M43.00S,3,1610612752,NYK,1628404,Hart,J. Hart,0,0,0,,0,,,0,h,Hart REBOUND (Off:1 Def:3),Rebound,Unknown,1,0,225
0042400302,332,PT11M34.00S,3,1610612752,NYK,1626157,Towns,K. Towns,125,230,26,Missed,1,,,0,h,MISS Towns 26' 3PT Jump Shot,Missed Shot,Jump Shot,1,3,226
0042400302,333,PT11M31.00S,3,1610612754,IND,1630169,Haliburton,T. Haliburton,0,0,0,,0,,,0,v,Haliburton REBOUND (Off:1 Def:3),Rebound,Unknown,1,0,227
0042400302,334,PT11M22.00S,3,1610612754,IND,1627783,Siakam,P. Siakam,-130,221,26,Made,1,52,52,104,v,Siakam 26' 3PT Jump Shot (26 PTS) (Haliburton 6 AST),Made Shot,Jump Shot,1,3,228
0042400302,336,PT11M00.00S,3,1610612752,NYK,1628973,Brunson,J. Brunson,173,175,25,Missed,1,,,0,h,MISS Brunson 25' 3PT Pullup Jump Shot,Missed Shot,Pullup Jump shot,1,3,229
0042400302,337,PT10M59.00S,3,0,,1610612752,,,0,0,0,,0,,,0,h,KNICKS Rebound,Rebound,Unknown,1,0,230
0042400302,339,PT10M51.00S,3,1610612752,NYK,1626157,Towns,K. Towns,0,0,0,,0,,,0,h,Towns Lost Ball Turnover (P1.T9),Turnover,Lost Ball,1,0,231
0042400302,339,PT10M51.00S,3,1610612754,IND,1626167,Turner,M. Turner,0,0,0,,0,,,0,v,Turner STEAL (1 STL),,,1,0,232
0042400302,341,PT10M47.00S,3,1610612754,IND,1629614,Nembhard,A. Nembhard,-11,10,1,Made,1,52,54,106,v,Nembhard 1' Running Layup (10 PTS) (Siakam 2 AST),Made Shot,Running Layup Shot,1,2,233
0042400302,343,PT10M24.00S,3,1610612752,NYK,1628404,Hart,J. Hart,0,0,0,,0,,,0,h,Hart Bad Pass Turnover (P1.T10),Turnover,Bad Pass,1,0,234
0042400302,343,PT10M24.00S,3,1610612754,IND,1627783,Siakam,P. Siakam,0,0,0,,0,,,0,v,Siakam STEAL (1 STL),,,1,0,235
0042400302,345,PT10M24.00S,3,1610612752,NYK,1628384,Anunoby,O. Anunoby,0,0,0,,0,,,0,h,Jump Ball Anunoby vs. Siakam: Tip to Towns,Jump Ball,,1,0,236
0042400302,348,PT10M22.00S,3,1610612754,IND,1627783,Siakam,P. Siakam,0,0,0,,0,,,0,v,Siakam Lost Ball Turnover (P1.T8),Turnover,Lost Ball,1,0,237
0042400302,348,PT10M22.00S,3,1610612752,NYK,1628384,Anunoby,O. Anunoby,0,0,0,,0,,,0,h,Anunoby STEAL (2 STL),,,1,0,238
0042400302,350,PT10M07.00S,3,1610612752,NYK,1628969,Bridges,M. Bridges,2,57,6,Made,1,54,54,108,h,Bridges 6' Driving Floating Jump Shot (5 PTS) (Brunson 4 AST),Made Shot,Driving Floating Jump Shot,1,2,239
0042400302,352,PT09M53.00S,3,1610612752,NYK,1628969,Bridges,M. Bridges,0,0,0,,0,,,0,h,Bridges S.FOUL (P1.T1) (M.Davis),Foul,Shooting,1,0,240
0042400302,354,PT09M53.00S,3,1610612754,IND,1626167,Turner,M. Turner,0,0,0,,0,,,0,v,MISS Turner Free Throw 1 of 2,Free Throw,Free Throw 1 of 2,1,0,241
0042400302,355,PT09M53.00S,3,0,,1610612754,,,0,0,0,,0,,,0,v,Pacers Rebound,Rebound,Normal Rebound,0,0,242
0042400302,356,PT09M53.00S,3,1610612754,IND,1626167,Turner,M. Turner,0,0,0,,0,54,55,109,v,Turner Free Throw 2 of 2 (3 PTS),Free Throw,Free Throw 2 of 2,1,0,243
0042400302,357,PT09M39.00S,3,1610612752,NYK,1626157,Towns,K. Towns,10,11,1,Made,1,56,55,111,h,Towns 1' Driving Layup (14 PTS) (Anunoby 1 AST),Made Shot,Driving Layup Shot,1,2,244
0042400302,358,PT09M39.00S,3,1610612754,IND,1627783,Siakam,P. Siakam,0,0,0,,0,,,0,v,Siakam S.FOUL (P2.T1) (M.Davis),Foul,Shooting,1,0,245
0042400302,360,PT09M39.00S,3,1610612752,NYK,1626157,Towns,K. Towns,0,0,0,,0,57,55,112,h,Towns Free Throw 1 of 1 (15 PTS),Free Throw,Free Throw 1 of 1,1,0,246
0042400302,362,PT09M21.00S,3,1610612754,IND,1630169,Haliburton,T. Haliburton,0,9,1,Made,1,57,57,114,v,Haliburton 1' Driving Dunk (4 PTS),Made Shot,Driving Dunk Shot,1,2,247
0042400302,363,PT09M00.00S,3,1610612752,NYK,1626157,Towns,K. Towns,-2,4,0,Missed,1,,,0,h,MISS Towns Cutting Layup Shot,Missed Shot,Cutting Layup Shot,1,2,248
0042400302,364,PT08M59.00S,3,1610612754,IND,1626167,Turner,M. Turner,0,0,0,,0,,,0,v,Turner REBOUND (Off:0 Def:1),Rebound,Unknown,1,0,249
0042400302,365,PT08M52.00S,3,1610612754,IND,1630169,Haliburton,T. Haliburton,232,3,0,Made,1,57,60,117,v,Haliburton 3PT Jump Shot (7 PTS) (Turner 1 AST),Made Shot,Jump Shot,1,3,250
0042400302,367,PT08M37.00S,3,1610612752,NYK,1628973,Brunson,J. Brunson,-13,21,2,Missed,1,,,0,h,MISS Brunson 2' Driving Layup,Missed Shot,Driving Layup Shot,1,2,251
0042400302,367,PT08M37.00S,3,1610612754,IND,1630174,Nesmith,A. Nesmith,0,0,0,,0,,,0,v,Nesmith BLOCK (1 BLK),,,1,2,252
0042400302,369,PT08M36.00S,3,1610612752,NYK,1626157,Towns,K. Towns,0,0,0,,0,,,0,h,Towns REBOUND (Off:2 Def:3),Rebound,Unknown,1,0,253
0042400302,370,PT08M36.00S,3,1610612752,NYK,1626157,Towns,K. Towns,-20,25,3,Missed,1,,,0,h,MISS Towns 3' Putback Layup,Missed Shot,Putback Layup Shot,1,2,254
0042400302,370,PT08M36.00S,3,1610612754,IND,1626167,Turner,M. Turner,0,0,0,,0,,,0,v,Turner BLOCK (2 BLK),,,1,2,255
0042400302,371,PT08M33.00S,3,0,,1610612754,,,0,0,0,,0,,,0,v,Pacers Rebound,Rebound,Unknown,0,0,256
0042400302,374,PT08M14.00S,3,1610612754,IND,1630174,Nesmith,A. Nesmith,2,14,1,Made,1,57,62,119,v,Nesmith 1' Driving Layup (7 PTS) (Siakam 3 AST),Made Shot,Driving Layup Shot,1,2,257
0042400302,376,PT07M46.00S,3,1610612752,NYK,1628969,Bridges,M. Bridges,-86,31,9,Made,1,59,62,121,h,Bridges 9' Turnaround Jump Shot (7 PTS) (Brunson 5 AST),Made Shot,Turnaround Jump Shot,1,2,258
0042400302,378,PT07M27.00S,3,1610612754,IND,1630174,Nesmith,A. Nesmith,42,136,14,Missed,1,,,0,v,MISS Nesmith 14' Driving Floating Bank Jump Shot,Missed Shot,Driving Floating Bank Jump Shot,1,2,259
0042400302,379,PT07M26.00S,3,1610612752,NYK,1626157,Towns,K. Towns,0,0,0,,0,,,0,h,Towns REBOUND (Off:2 Def:4),Rebound,Unknown,1,0,260
0042400302,380,PT07M26.00S,3,1610612754,IND,1630174,Nesmith,A. Nesmith,0,0,0,,0,,,0,v,Nesmith P.FOUL (P2.T2) (K.Scott),Foul,Personal,1,0,261
0042400302,382,PT07M26.00S,3,1610612754,IND,1630174,Nesmith,A. Nesmith,0,0,0,,0,,,0,v,SUB: Sheppard FOR Nesmith,Substitution,,0,0,262
0042400302,384,PT07M09.00S,3,1610612752,NYK,1628969,Bridges,M. Bridges,72,2,7,Missed,1,,,0,h,MISS Bridges 7' Turnaround Jump Shot,Missed Shot,Turnaround Jump Shot,1,2,263
0042400302,385,PT07M06.00S,3,1610612754,IND,1630169,Haliburton,T. Haliburton,0,0,0,,0,,,0,v,Haliburton REBOUND (Off:1 Def:4),Rebound,Unknown,1,0,264
0042400302,386,PT06M59.00S,3,1610612754,IND,1627783,Siakam,P. Siakam,-2,42,4,Made,1,59,64,123,v,Siakam 4' Driving Layup (28 PTS) (Haliburton 7 AST),Made Shot,Driving Layup Shot,1,2,265
0042400302,388,PT06M59.00S,3,1610612752,NYK,1628404,Hart,J. Hart,0,0,0,,0,,,0,h,Hart S.FOUL (P3.T2) (K.Scott),Foul,Shooting,1,0,266
0042400302,390,PT06M59.00S,3,0,,1610612752,,,0,0,0,,0,,,0,h,KNICKS Timeout: Regular (Full 4 Short 0),Timeout,Regular,0,0,267
0042400302,391,PT06M59.00S,3,1610612754,IND,1627783,Siakam,P. Siakam,0,0,0,,0,,,0,v,MISS Siakam Free Throw 1 of 1,Free Throw,Free Throw 1 of 1,1,0,268
0042400302,392,PT06M56.00S,3,1610612752,NYK,1628384,Anunoby,O. Anunoby,0,0,0,,0,,,0,h,Anunoby REBOUND (Off:1 Def:2),Rebound,Unknown,1,0,269
0042400302,393,PT06M34.00S,3,1610612752,NYK,1628384,Anunoby,O. Anunoby,167,193,26,Missed,1,,,0,h,MISS Anunoby 26' 3PT Step Back Jump Shot,Missed Shot,Step Back Jump shot,1,3,270
0042400302,394,PT06M31.00S,3,1610612754,IND,1630169,Haliburton,T. Haliburton,0,0,0,,0,,,0,v,Haliburton REBOUND (Off:1 Def:5),Rebound,Unknown,1,0,271
0042400302,395,PT06M25.00S,3,1610612754,IND,1641767,Sheppard,B. Sheppard,228,6,0,Missed,1,,,0,v,MISS Sheppard 3PT Running Jump Shot,Missed Shot,Running Jump Shot,1,3,272
0042400302,396,PT06M23.00S,3,1610612752,NYK,1626157,Towns,K. Towns,0,0,0,,0,,,0,h,Towns REBOUND (Off:2 Def:5),Rebound,Unknown,1,0,273
0042400302,397,PT06M12.00S,3,1610612752,NYK,1628384,Anunoby,O. Anunoby,11,-1,1,Made,1,61,64,125,h,Anunoby 1' Cutting Layup Shot (11 PTS) (Brunson 6 AST),Made Shot,Cutting Layup Shot,1,2,274
0042400302,399,PT06M04.00S,3,1610612752,NYK,1628969,Bridges,M. Bridges,0,0,0,,0,,,0,h,Bridges P.FOUL (P2.T3) (J.Capers),Foul,Personal,1,0,275
0042400302,401,PT06M04.00S,3,1610612754,IND,1627783,Siakam,P. Siakam,0,0,0,,0,,,0,v,SUB: Toppin FOR Siakam,Substitution,,0,0,276
0042400302,403,PT05M58.00S,3,1610612754,IND,1630169,Haliburton,T. Haliburton,78,247,26,Missed,1,,,0,v,MISS Haliburton 26' 3PT Pullup Jump Shot,Missed Shot,Pullup Jump shot,1,3,277
0042400302,404,PT05M55.00S,3,1610612752,NYK,1628969,Bridges,M. Bridges,0,0,0,,0,,,0,h,Bridges REBOUND (Off:0 Def:2),Rebound,Unknown,1,0,278
0042400302,405,PT05M47.00S,3,1610612752,NYK,1628384,Anunoby,O. Anunoby,-228,-1,0,Missed,1,,,0,h,MISS Anunoby 3PT Jump Shot,Missed Shot,Jump Shot,1,3,279
0042400302,406,PT05M44.00S,3,1610612754,IND,1630167,Toppin,O. Toppin,0,0,0,,0,,,0,v,Toppin REBOUND (Off:0 Def:1),Rebound,Unknown,1,0,280
0042400302,407,PT05M35.00S,3,1610612754,IND,1629614,Nembhard,A. Nembhard,23,92,9,Made,1,61,66,127,v,Nembhard 9' Step Back Jump Shot (12 PTS),Made Shot,Step Back Jump shot,1,2,281
0042400302,408,PT05M14.00S,3,1610612752,NYK,1628384,Anunoby,O. Anunoby,-237,21,24,Made,1,64,66,130,h,Anunoby 24' 3PT Jump Shot (14 PTS) (Brunson 7 AST),Made Shot,Jump Shot,1,3,282
0042400302,410,PT05M00.00S,3,1610612754,IND,1630169,Haliburton,T. Haliburton,-120,220,25,Made,1,64,69,133,v,Haliburton 25' 3PT Step Back Jump Shot (10 PTS),Made Shot,Step Back Jump shot,1,3,283
0042400302,411,PT04M46.00S,3,1610612752,NYK,1628973,Brunson,J. Brunson,29,42,5,Missed,1,,,0,h,MISS Brunson 5' Driving Floating Jump Shot,Missed Shot,Driving Floating Jump Shot,1,2,284
0042400302,412,PT04M45.00S,3,1610612752,NYK,1628404,Hart,J. Hart,0,0,0,,0,,,0,h,Hart REBOUND (Off:2 Def:3),Rebound,Unknown,1,0,285
0042400302,413,PT04M43.00S,3,1610612752,NYK,1626157,Towns,K. Towns,91,238,25,Made,1,67,69,136,h,Towns 25' 3PT Jump Shot (18 PTS) (Hart 1 AST),Made Shot,Jump Shot,1,3,286
0042400302,415,PT04M18.00S,3,1610612752,NYK,1626157,Towns,K. Towns,0,0,0,,0,,,0,h,Towns S.FOUL (P2.T4) (M.Davis),Foul,Shooting,1,0,287
0042400302,417,PT04M18.00S,3,1610612754,IND,1630169,Haliburton,T. Haliburton,0,0,0,,0,67,70,137,v,Haliburton Free Throw 1 of 2 (11 PTS),Free Throw,Free Throw 1 of 2,1,0,288
0042400302,418,PT04M18.00S,3,1610612752,NYK,1626157,Towns,K. Towns,0,0,0,,0,,,0,h,SUB: Robinson FOR Towns,Substitution,,0,0,289
0042400302,420,PT04M18.00S,3,1610612754,IND,1626167,Turner,M. Turner,0,0,0,,0,,,0,v,SUB: Bradley FOR Turner,Substitution,,0,0,290
0042400302,422,PT04M18.00S,3,1610612754,IND,1630169,Haliburton,T. Haliburton,0,0,0,,0,,,0,v,MISS Haliburton Free Throw 2 of 2,Free Throw,Free Throw 2 of 2,1,0,291
0042400302,423,PT04M15.00S,3,1610612752,NYK,1628969,Bridges,M. Bridges,0,0,0,,0,,,0,h,Bridges REBOUND (Off:0 Def:3),Rebound,Unknown,1,0,292
0042400302,424,PT04M03.00S,3,1610612752,NYK,1628973,Brunson,J. Brunson,164,206,26,Made,1,70,70,140,h,Brunson 26' 3PT Pullup Jump Shot (20 PTS),Made Shot,Pullup Jump shot,1,3,293
0042400302,425,PT04M01.00S,3,0,,1610612754,,,0,0,0,,0,,,0,v,Pacers Timeout: Regular (Reg.4 Short 0),Timeout,Regular,0,0,294
0042400302,426,PT04M01.00S,3,1610612754,IND,1629614,Nembhard,A. Nembhard,0,0,0,,0,,,0,v,SUB: Nesmith FOR Nembhard,Substitution,,0,0,295
0042400302,427,PT04M01.00S,3,1610612754,IND,1641767,Sheppard,B. Sheppard,0,0,0,,0,,,0,v,SUB: McConnell FOR Sheppard,Substitution,,0,0,296
0042400302,430,PT03M40.00S,3,1610612754,IND,1630167,Toppin,O. Toppin,-179,199,27,Missed,1,,,0,v,MISS Toppin 27' 3PT Jump Shot,Missed Shot,Jump Shot,1,3,297
0042400302,431,PT03M37.00S,3,1610612754,IND,1630174,Nesmith,A. Nesmith,0,0,0,,0,,,0,v,Nesmith REBOUND (Off:1 Def:4),Rebound,Unknown,1,0,298
0042400302,432,PT03M33.00S,3,1610612754,IND,204456,McConnell,T. McConnell,123,129,18,Made,1,70,72,142,v,McConnell 18' Pullup Jump Shot (6 PTS) (Nesmith 1 AST),Made Shot,Pullup Jump shot,1,2,299
0042400302,434,PT03M07.00S,3,1610612752,NYK,1628973,Brunson,J. Brunson,86,59,10,Made,1,72,72,144,h,Brunson 10' Turnaround Jump Shot (22 PTS),Made Shot,Turnaround Jump Shot,1,2,300
0042400302,435,PT02M53.00S,3,1610612754,IND,1630167,Toppin,O. Toppin,-11,11,2,Missed,1,,,0,v,MISS Toppin 2' Reverse Layup,Missed Shot,Reverse Layup Shot,1,2,301
0042400302,436,PT02M50.00S,3,1610612752,NYK,1628384,Anunoby,O. Anunoby,0,0,0,,0,,,0,h,Anunoby REBOUND (Off:1 Def:3),Rebound,Unknown,1,0,302
0042400302,437,PT02M42.00S,3,1610612752,NYK,1628404,Hart,J. Hart,0,0,0,,0,,,0,h,Hart Bad Pass Turnover (P2.T11),Turnover,Bad Pass,1,0,303
0042400302,437,PT02M42.00S,3,1610612754,IND,1630169,Haliburton,T. Haliburton,0,0,0,,0,,,0,v,Haliburton STEAL (2 STL),,,1,0,304
0042400302,439,PT02M35.00S,3,1610612754,IND,1630169,Haliburton,T. Haliburton,0,0,0,,0,,,0,v,Haliburton Bad Pass Turnover (P1.T9),Turnover,Bad Pass,1,0,305
0042400302,439,PT02M35.00S,3,1610612752,NYK,1628973,Brunson,J. Brunson,0,0,0,,0,,,0,h,Brunson STEAL (1 STL),,,1,0,306
0042400302,441,PT02M30.00S,3,1610612752,NYK,1628404,Hart,J. Hart,9,5,1,Made,1,74,72,146,h,Hart 1' Running Finger Roll Layup (4 PTS) (Brunson 8 AST),Made Shot,Running Finger Roll Layup Shot,1,2,307
0042400302,442,PT02M24.00S,3,1610612754,IND,1630167,Toppin,O. Toppin,-6,3,1,Made,1,74,74,148,v,Toppin 1' Driving Layup (4 PTS) (Haliburton 8 AST),Made Shot,Driving Layup Shot,1,2,308
0042400302,443,PT02M11.00S,3,1610612752,NYK,1628973,Brunson,J. Brunson,-154,209,26,Missed,1,,,0,h,MISS Brunson 26' 3PT Step Back Jump Shot,Missed Shot,Step Back Jump shot,1,3,309
0042400302,444,PT02M11.00S,3,0,,1610612752,,,0,0,0,,0,,,0,h,KNICKS Rebound,Rebound,Unknown,0,0,310
0042400302,445,PT02M11.00S,3,1610612754,IND,1628396,Bradley,T. Bradley,0,0,0,,0,,,0,v,Bradley L.B.FOUL (P1.T3) (M.Davis),Foul,Loose Ball,1,0,311
0042400302,447,PT02M11.00S,3,1610612754,IND,1630169,Haliburton,T. Haliburton,0,0,0,,0,,,0,v,SUB: Siakam FOR Haliburton,Substitution,,0,0,312
0042400302,467,PT02M11.00S,3,1610612752,NYK,1628404,Hart,J. Hart,0,0,0,,0,,,0,h,SUB: McBride FOR Hart,Substitution,,0,0,313
0042400302,450,PT02M03.00S,3,1610612752,NYK,1628969,Bridges,M. Bridges,205,147,25,Made,1,77,74,151,h,Bridges 25' 3PT Jump Shot (10 PTS) (Brunson 9 AST),Made Shot,Jump Shot,1,3,314
0042400302,453,PT01M54.00S,3,1610612754,IND,204456,McConnell,T. McConnell,4,9,1,Made,1,77,76,153,v,McConnell 1' Driving Layup (8 PTS),Made Shot,Driving Layup Shot,1,2,315
0042400302,454,PT01M34.00S,3,1610612752,NYK,1628969,Bridges,M. Bridges,-1,120,12,Missed,1,,,0,h,MISS Bridges 12' Pullup Jump Shot,Missed Shot,Pullup Jump shot,1,2,316
0042400302,455,PT01M32.00S,3,1610612754,IND,204456,McConnell,T. McConnell,0,0,0,,0,,,0,v,McConnell REBOUND (Off:1 Def:1),Rebound,Unknown,1,0,317
0042400302,456,PT01M28.00S,3,1610612754,IND,1627783,Siakam,P. Siakam,7,6,1,Made,1,77,78,155,v,Siakam 1' Running Dunk (30 PTS) (McConnell 1 AST),Made Shot,Running Dunk Shot,1,2,318
0042400302,458,PT01M18.00S,3,0,,1610612752,,,0,0,0,,0,,,0,h,KNICKS Timeout: Regular (Full 5 Short 0),Timeout,Regular,0,0,319
0042400302,461,PT01M06.00S,3,1610612752,NYK,1628973,Brunson,J. Brunson,-7,64,6,Made,1,79,78,157,h,Brunson 6' Driving Floating Jump Shot (24 PTS),Made Shot,Driving Floating Jump Shot,1,2,320
0042400302,462,PT00M57.10S,3,1610612752,NYK,1628384,Anunoby,O. Anunoby,0,0,0,,0,,,0,h,Anunoby S.FOUL (P2.PN) (K.Scott),Foul,Shooting,1,0,321
0042400302,464,PT00M57.10S,3,1610612754,IND,1628396,Bradley,T. Bradley,0,0,0,,0,,,0,v,MISS Bradley Free Throw 1 of 2,Free Throw,Free Throw 1 of 2,1,0,322
0042400302,465,PT00M57.10S,3,0,,1610612754,,,0,0,0,,0,,,0,v,Pacers Rebound,Rebound,Normal Rebound,0,0,323
0042400302,466,PT00M57.10S,3,1610612754,IND,1628396,Bradley,T. Bradley,0,0,0,,0,79,79,158,v,Bradley Free Throw 2 of 2 (1 PTS),Free Throw,Free Throw 2 of 2,1,0,324
0042400302,469,PT00M46.40S,3,1610612752,NYK,1628973,Brunson,J. Brunson,-28,46,5,Missed,1,,,0,h,MISS Brunson 5' Driving Floating Bank Jump Shot,Missed Shot,Driving Floating Bank Jump Shot,1,2,325
0042400302,470,PT00M44.20S,3,1610612754,IND,1627783,Siakam,P. Siakam,0,0,0,,0,,,0,v,Siakam REBOUND (Off:0 Def:4),Rebound,Unknown,1,0,326
0042400302,471,PT00M28.70S,3,1610612754,IND,1627783,Siakam,P. Siakam,64,36,7,Made,1,79,81,160,v,Siakam 7' Driving Bank Hook Shot (32 PTS),Made Shot,Driving Bank Hook Shot,1,2,327
0042400302,472,PT00M28.70S,3,1610612752,NYK,1629011,Robinson,M. Robinson,0,0,0,,0,,,0,h,Robinson S.FOUL (P1.PN) (M.Davis),Foul,Shooting,1,0,328
0042400302,474,PT00M28.70S,3,1610612754,IND,1630174,Nesmith,A. Nesmith,0,0,0,,0,,,0,v,SUB: Sheppard FOR Nesmith,Substitution,,0,0,329
0042400302,476,PT00M28.70S,3,1610612754,IND,1630167,Toppin,O. Toppin,0,0,0,,0,,,0,v,SUB: Nembhard FOR Toppin,Substitution,,0,0,330
0042400302,478,PT00M28.70S,3,1610612754,IND,1627783,Siakam,P. Siakam,0,0,0,,0,,,0,v,MISS Siakam Free Throw 1 of 1,Free Throw,Free Throw 1 of 1,1,0,331
0042400302,479,PT00M26.80S,3,1610612752,NYK,1628969,Bridges,M. Bridges,0,0,0,,0,,,0,h,Bridges REBOUND (Off:0 Def:4),Rebound,Unknown,1,0,332
0042400302,480,PT00M11.30S,3,1610612754,IND,1629614,Nembhard,A. Nembhard,0,0,0,,0,,,0,v,Nembhard P.FOUL (P1.T4) (K.Scott),Foul,Personal,1,0,333
0042400302,482,PT00M11.30S,3,1610612752,NYK,1629011,Robinson,M. Robinson,0,0,0,,0,,,0,h,SUB: Towns FOR Robinson,Substitution,,0,0,334
0042400302,484,PT00M11.30S,3,1610612754,IND,1628396,Bradley,T. Bradley,0,0,0,,0,,,0,v,SUB: Nesmith FOR Bradley,Substitution,,0,0,335
0042400302,486,PT00M02.50S,3,1610612752,NYK,1628973,Brunson,J. Brunson,-31,64,7,Made,1,81,81,162,h,Brunson 7' Floating Jump Shot (26 PTS),Made Shot,Floating Jump shot,1,2,336
0042400302,489,PT00M00.00S,3,0,,0,,,0,0,0,,0,81,81,162,,End of 3rd Period (9:57 PM EST),period,end,1,0,337
0042400302,496,PT12M00.00S,4,0,,0,,,0,0,0,,0,81,81,162,,Start of 4th Period (10:01 PM EST),period,start,0,0,338
0042400302,497,PT11M48.00S,4,1610612752,NYK,1628969,Bridges,M. Bridges,105,123,16,Missed,1,,,0,h,MISS Bridges 16' Pullup Jump Shot,Missed Shot,Pullup Jump shot,1,2,339
0042400302,498,PT11M45.00S,4,1610612754,IND,1630174,Nesmith,A. Nesmith,0,0,0,,0,,,0,v,Nesmith REBOUND (Off:1 Def:5),Rebound,Unknown,1,0,340
0042400302,499,PT11M35.00S,4,1610612754,IND,204456,McConnell,T. McConnell,-54,142,15,Made,1,81,83,164,v,McConnell 15' Pullup Jump Shot (10 PTS),Made Shot,Pullup Jump shot,1,2,341
0042400302,500,PT11M13.00S,4,1610612754,IND,1627783,Siakam,P. Siakam,0,0,0,,0,,,0,v,Siakam S.FOUL (P3.T1) (M.Davis),Foul,Shooting,1,0,342
0042400302,502,PT11M13.00S,4,1610612752,NYK,1626157,Towns,K. Towns,0,0,0,,0,82,83,165,h,Towns Free Throw 1 of 2 (19 PTS),Free Throw,Free Throw 1 of 2,0,0,343
0042400302,503,PT11M13.00S,4,1610612752,NYK,1626157,Towns,K. Towns,0,0,0,,0,83,83,166,h,Towns Free Throw 2 of 2 (20 PTS),Free Throw,Free Throw 2 of 2,1,0,344
0042400302,504,PT11M06.00S,4,1610612752,NYK,1626157,Towns,K. Towns,0,0,0,,0,,,0,h,Towns P.FOUL (P3.T1) (K.Scott),Foul,Personal,1,0,345
0042400302,506,PT10M58.00S,4,1610612754,IND,1626167,Turner,M. Turner,-11,8,1,Made,1,83,85,168,v,Turner 1' Dunk (5 PTS) (Sheppard 1 AST),Made Shot,Dunk Shot,1,2,346
0042400302,508,PT10M58.00S,4,1610612752,NYK,1629011,Robinson,M. Robinson,0,0,0,,0,,,0,h,Robinson S.FOUL (P2.T2) (J.Capers),Foul,Shooting,1,0,347
0042400302,510,PT10M58.00S,4,1610612754,IND,1626167,Turner,M. Turner,0,0,0,,0,83,86,169,v,Turner Free Throw 1 of 1 (6 PTS),Free Throw,Free Throw 1 of 1,1,0,348
0042400302,511,PT10M42.00S,4,1610612752,NYK,1628969,Bridges,M. Bridges,-21,-3,2,Missed,1,,,0,h,MISS Bridges 2' Driving Finger Roll Layup,Missed Shot,Driving Finger Roll Layup Shot,1,2,349
0042400302,512,PT10M41.00S,4,0,,1610612752,,,0,0,0,,0,,,0,h,KNICKS Rebound,Rebound,Unknown,0,0,350
0042400302,514,PT10M41.00S,4,1610612754,IND,1630174,Nesmith,A. Nesmith,0,0,0,,0,,,0,v,SUB: Nembhard FOR Nesmith,Substitution,,0,0,351
0042400302,516,PT10M34.00S,4,1610612752,NYK,1628969,Bridges,M. Bridges,97,5,10,Made,1,85,86,171,h,Bridges 10' Turnaround Fadeaway (12 PTS),Made Shot,Turnaround Fadeaway shot,1,2,352
0042400302,517,PT10M24.00S,4,1610612754,IND,1626167,Turner,M. Turner,104,106,15,Made,1,85,88,173,v,Turner 15' Jump Bank Shot (8 PTS) (McConnell 2 AST),Made Shot,Jump Bank Shot,1,2,353
0042400302,519,PT10M13.00S,4,1610612752,NYK,1630540,McBride,M. McBride,0,0,0,,0,,,0,h,McBride Out of Bounds Lost Ball Turnover (P2.T12),Turnover,Out of Bounds Lost Ball Turnover,1,0,354
0042400302,520,PT09M59.00S,4,1610612754,IND,1641767,Sheppard,B. Sheppard,10,255,26,Made,1,85,91,176,v,Sheppard 26' 3PT Jump Shot (6 PTS) (McConnell 3 AST),Made Shot,Jump Shot,1,3,355
0042400302,522,PT09M57.00S,4,0,,1610612752,,,0,0,0,,0,,,0,h,KNICKS Timeout: Regular (Full 6 Short 0),Timeout,Regular,0,0,356
0042400302,523,PT09M39.00S,4,1610612752,NYK,1626157,Towns,K. Towns,121,12,12,Missed,1,,,0,h,MISS Towns 12' Turnaround Jump Shot,Missed Shot,Turnaround Jump Shot,1,2,357
0042400302,524,PT09M36.00S,4,1610612752,NYK,1628969,Bridges,M. Bridges,0,0,0,,0,,,0,h,Bridges REBOUND (Off:1 Def:4),Rebound,Unknown,1,0,358
0042400302,525,PT09M33.00S,4,1610612752,NYK,1626166,Payne,C. Payne,-201,158,26,Missed,1,,,0,h,MISS Payne 26' 3PT Step Back Jump Shot,Missed Shot,Step Back Jump shot,1,3,359
0042400302,526,PT09M32.00S,4,0,,1610612752,,,0,0,0,,0,,,0,h,KNICKS Rebound,Rebound,Unknown,0,0,360
0042400302,527,PT09M32.00S,4,0,,1610612752,,,0,0,0,,0,,,0,h,KNICKS Turnover: Shot Clock (T#13),Turnover,Shot Clock Turnover,1,0,361
0042400302,528,PT09M17.00S,4,1610612754,IND,1627783,Siakam,P. Siakam,-62,245,25,Made,1,85,94,179,v,Siakam 25' 3PT Jump Shot (35 PTS) (McConnell 4 AST),Made Shot,Jump Shot,1,3,362
0042400302,530,PT09M00.00S,4,1610612754,IND,1641767,Sheppard,B. Sheppard,0,0,0,,0,,,0,v,Sheppard P.FOUL (P2.T2) (K.Scott),Foul,Personal,1,0,363
0042400302,532,PT09M00.00S,4,1610612752,NYK,1626157,Towns,K. Towns,0,0,0,,0,,,0,h,SUB: Brunson FOR Towns,Substitution,,0,0,364
0042400302,533,PT09M00.00S,4,1610612752,NYK,1626166,Payne,C. Payne,0,0,0,,0,,,0,h,SUB: Anunoby FOR Payne,Substitution,,0,0,365
0042400302,534,PT09M00.00S,4,1610612754,IND,1641767,Sheppard,B. Sheppard,0,0,0,,0,,,0,v,SUB: Nesmith FOR Sheppard,Substitution,,0,0,366
0042400302,538,PT08M56.00S,4,1610612754,IND,204456,McConnell,T. McConnell,0,0,0,,0,,,0,v,McConnell P.FOUL (P2.T3) (M.Davis),Foul,Personal,1,0,367
0042400302,540,PT08M46.00S,4,1610612752,NYK,1628969,Bridges,M. Bridges,55,120,13,Made,1,87,94,181,h,Bridges 13' Pullup Jump Shot (14 PTS),Made Shot,Pullup Jump shot,1,2,368
0042400302,541,PT08M30.00S,4,1610612754,IND,1630174,Nesmith,A. Nesmith,0,0,0,,0,,,0,v,Nesmith Bad Pass Turnover (P2.T10),Turnover,Bad Pass,1,0,369
0042400302,541,PT08M30.00S,4,1610612752,NYK,1628969,Bridges,M. Bridges,0,0,0,,0,,,0,h,Bridges STEAL (2 STL),,,1,0,370
0042400302,543,PT08M21.00S,4,1610612752,NYK,1628969,Bridges,M. Bridges,228,16,0,Missed,1,,,0,h,MISS Bridges 3PT Jump Shot,Missed Shot,Jump Shot,1,3,371
0042400302,544,PT08M18.00S,4,1610612754,IND,1629614,Nembhard,A. Nembhard,0,0,0,,0,,,0,v,Nembhard REBOUND (Off:0 Def:2),Rebound,Unknown,1,0,372
0042400302,545,PT08M09.00S,4,1610612754,IND,204456,McConnell,T. McConnell,-156,201,25,Missed,1,,,0,v,MISS McConnell 25' 3PT Jump Shot,Missed Shot,Jump Shot,1,3,373
0042400302,546,PT08M06.00S,4,1610612752,NYK,1629011,Robinson,M. Robinson,0,0,0,,0,,,0,h,Robinson REBOUND (Off:3 Def:5),Rebound,Unknown,1,0,374
0042400302,547,PT08M02.00S,4,1610612752,NYK,1628969,Bridges,M. Bridges,6,2,1,Made,1,89,94,183,h,Bridges 1' Running Layup (16 PTS) (Brunson 10 AST),Made Shot,Running Layup Shot,1,2,375
0042400302,549,PT07M55.00S,4,0,,1610612754,,,0,0,0,,0,,,0,v,Pacers Timeout: Regular (Reg.5 Short 0),Timeout,Regular,0,0,376
0042400302,550,PT07M55.00S,4,1610612754,IND,204456,McConnell,T. McConnell,0,0,0,,0,,,0,v,SUB: Haliburton FOR McConnell,Substitution,,0,0,377
0042400302,551,PT07M55.00S,4,1610612754,IND,1627783,Siakam,P. Siakam,0,0,0,,0,,,0,v,SUB: Toppin FOR Siakam,Substitution,,0,0,378
0042400302,554,PT07M41.00S,4,1610612754,IND,1630169,Haliburton,T. Haliburton,13,20,2,Missed,1,,,0,v,MISS Haliburton 2' Driving Layup,Missed Shot,Driving Layup Shot,1,2,379
0042400302,554,PT07M41.00S,4,1610612752,NYK,1629011,Robinson,M. Robinson,0,0,0,,0,,,0,h,Robinson BLOCK (3 BLK),,,1,2,380
0042400302,556,PT07M40.00S,4,0,,1610612754,,,0,0,0,,0,,,0,v,Pacers Rebound,Rebound,Unknown,0,0,381
0042400302,558,PT07M37.00S,4,1610612754,IND,1630174,Nesmith,A. Nesmith,228,3,0,Made,1,89,97,186,v,Nesmith 3PT Jump Shot (10 PTS) (Haliburton 9 AST),Made Shot,Jump Shot,1,3,382
0042400302,560,PT07M17.00S,4,1610612752,NYK,1628384,Anunoby,O. Anunoby,-233,60,24,Missed,1,,,0,h,MISS Anunoby 24' 3PT Jump Shot,Missed Shot,Jump Shot,1,3,383
0042400302,561,PT07M14.00S,4,1610612752,NYK,1629011,Robinson,M. Robinson,0,0,0,,0,,,0,h,Robinson REBOUND (Off:4 Def:5),Rebound,Unknown,1,0,384
0042400302,562,PT07M11.00S,4,1610612752,NYK,1628973,Brunson,J. Brunson,-169,199,26,Made,1,92,97,189,h,Brunson 26' 3PT Jump Shot (29 PTS) (Bridges 2 AST),Made Shot,Jump Shot,1,3,385
0042400302,564,PT06M59.00S,4,1610612752,NYK,1630540,McBride,M. McBride,0,0,0,,0,,,0,h,McBride P.FOUL (P2.T3) (M.Davis),Foul,Personal,1,0,386
0042400302,566,PT06M48.00S,4,1610612754,IND,1630169,Haliburton,T. Haliburton,-39,180,18,Missed,1,,,0,v,MISS Haliburton 18' Pullup Jump Shot,Missed Shot,Pullup Jump shot,1,2,387
0042400302,567,PT06M45.00S,4,1610612752,NYK,1628973,Brunson,J. Brunson,0,0,0,,0,,,0,h,Brunson REBOUND (Off:0 Def:3),Rebound,Unknown,1,0,388
0042400302,568,PT06M36.00S,4,1610612752,NYK,1628969,Bridges,M. Bridges,22,10,2,Made,1,94,97,191,h,Bridges 2' Driving Floating Bank Jump Shot (18 PTS),Made Shot,Driving Floating Bank Jump Shot,1,2,389
0042400302,569,PT06M21.00S,4,1610612752,NYK,1630540,McBride,M. McBride,0,0,0,,0,,,0,h,McBride S.FOUL (P3.T4) (K.Scott),Foul,Shooting,1,0,390
0042400302,571,PT06M21.00S,4,1610612754,IND,1626167,Turner,M. Turner,0,0,0,,0,,,0,v,MISS Turner Free Throw 1 of 2,Free Throw,Free Throw 1 of 2,1,0,391
0042400302,572,PT06M21.00S,4,0,,1610612754,,,0,0,0,,0,,,0,v,Pacers Rebound,Rebound,Normal Rebound,0,0,392
0042400302,573,PT06M21.00S,4,1610612754,IND,1626167,Turner,M. Turner,0,0,0,,0,94,98,192,v,Turner Free Throw 2 of 2 (9 PTS),Free Throw,Free Throw 2 of 2,1,0,393
0042400302,574,PT06M11.00S,4,1610612754,IND,1630174,Nesmith,A. Nesmith,0,0,0,,0,,,0,v,Nesmith P.FOUL (P3.T4) (M.Davis),Foul,Personal,1,0,394
0042400302,576,PT06M00.00S,4,1610612752,NYK,1628973,Brunson,J. Brunson,-5,154,15,Missed,1,,,0,h,MISS Brunson 15' Step Back Jump Shot,Missed Shot,Step Back Jump shot,1,2,395
0042400302,577,PT05M58.00S,4,1610612754,IND,1630167,Toppin,O. Toppin,0,0,0,,0,,,0,v,Toppin REBOUND (Off:0 Def:2),Rebound,Unknown,1,0,396
0042400302,578,PT05M44.00S,4,1610612754,IND,1626167,Turner,M. Turner,12,15,2,Missed,1,,,0,v,MISS Turner 2' Cutting Layup Shot,Missed Shot,Cutting Layup Shot,1,2,397
0042400302,579,PT05M41.00S,4,1610612754,IND,1626167,Turner,M. Turner,0,0,0,,0,,,0,v,Turner REBOUND (Off:1 Def:1),Rebound,Unknown,1,0,398
0042400302,580,PT05M41.00S,4,1610612754,IND,1626167,Turner,M. Turner,0,0,0,Made,1,94,100,194,v,Turner Tip Layup Shot (11 PTS),Made Shot,Tip Layup Shot,1,2,399
0042400302,581,PT05M24.00S,4,1610612754,IND,1629614,Nembhard,A. Nembhard,0,0,0,,0,,,0,v,Nembhard S.FOUL (P2.PN) (J.Capers),Foul,Shooting,1,0,400
0042400302,583,PT05M24.00S,4,1610612752,NYK,1629011,Robinson,M. Robinson,0,0,0,,0,,,0,h,MISS Robinson Free Throw 1 of 2,Free Throw,Free Throw 1 of 2,1,0,401
0042400302,584,PT05M24.00S,4,0,,1610612752,,,0,0,0,,0,,,0,h,KNICKS Rebound,Rebound,Normal Rebound,1,0,402
0042400302,585,PT05M24.00S,4,1610612752,NYK,1630540,McBride,M. McBride,0,0,0,,0,,,0,h,SUB: Hart FOR McBride,Substitution,,0,0,403
0042400302,586,PT05M24.00S,4,1610612754,IND,1630167,Toppin,O. Toppin,0,0,0,,0,,,0,v,SUB: Siakam FOR Toppin,Substitution,,0,0,404
0042400302,589,PT05M24.00S,4,1610612752,NYK,1629011,Robinson,M. Robinson,0,0,0,,0,95,100,195,h,Robinson Free Throw 2 of 2 (5 PTS),Free Throw,Free Throw 2 of 2,1,0,405
0042400302,590,PT04M59.00S,4,1610612754,IND,1630169,Haliburton,T. Haliburton,150,306,34,Missed,1,,,0,v,MISS Haliburton 34' 3PT Pullup Jump Shot,Missed Shot,Pullup Jump shot,1,3,406
0042400302,591,PT04M56.00S,4,1610612752,NYK,1628969,Bridges,M. Bridges,0,0,0,,0,,,0,h,Bridges REBOUND (Off:1 Def:5),Rebound,Unknown,1,0,407
0042400302,592,PT04M46.00S,4,1610612752,NYK,1628969,Bridges,M. Bridges,110,8,11,Made,1,97,100,197,h,Bridges 11' Turnaround Jump Shot (20 PTS),Made Shot,Turnaround Jump Shot,1,2,408
0042400302,594,PT04M25.00S,4,1610612754,IND,1626167,Turner,M. Turner,-224,-26,0,Made,1,97,103,200,v,Turner 3PT Jump Shot (14 PTS) (Haliburton 10 AST),Made Shot,Jump Shot,1,3,409
0042400302,596,PT04M06.00S,4,1610612754,IND,1630174,Nesmith,A. Nesmith,0,0,0,,0,,,0,v,Nesmith S.FOUL (P4.PN) (K.Scott),Foul,Shooting,1,0,410
0042400302,598,PT04M06.00S,4,1610612752,NYK,1628973,Brunson,J. Brunson,0,0,0,,0,98,103,201,h,Brunson Free Throw 1 of 2 (30 PTS),Free Throw,Free Throw 1 of 2,1,0,411
0042400302,599,PT04M06.00S,4,1610612752,NYK,1628973,Brunson,J. Brunson,0,0,0,,0,99,103,202,h,Brunson Free Throw 2 of 2 (31 PTS),Free Throw,Free Throw 2 of 2,1,0,412
0042400302,600,PT03M50.00S,4,1610612754,IND,1630169,Haliburton,T. Haliburton,54,247,25,Made,1,99,106,205,v,Haliburton 25' 3PT Pullup Jump Shot (14 PTS),Made Shot,Pullup Jump shot,1,3,413
0042400302,601,PT03M32.00S,4,1610612752,NYK,1629011,Robinson,M. Robinson,-6,13,1,Missed,1,,,0,h,MISS Robinson 1' Cutting Dunk Shot,Missed Shot,Cutting Dunk Shot,1,2,414
0042400302,602,PT03M29.00S,4,1610612754,IND,1629614,Nembhard,A. Nembhard,0,0,0,,0,,,0,v,Nembhard REBOUND (Off:0 Def:3),Rebound,Unknown,1,0,415
0042400302,603,PT03M24.00S,4,1610612754,IND,1630174,Nesmith,A. Nesmith,71,253,26,Missed,1,,,0,v,MISS Nesmith 26' 3PT Jump Shot,Missed Shot,Jump Shot,1,3,416
0042400302,604,PT03M23.00S,4,0,,1610612754,,,0,0,0,,0,,,0,v,Pacers Rebound,Rebound,Unknown,1,0,417
0042400302,605,PT03M23.00S,4,1610612752,NYK,1628973,Brunson,J. Brunson,0,0,0,,0,,,0,h,Brunson L.B.FOUL (P2.PN) (K.Scott),Foul,Loose Ball,1,0,418
0042400302,607,PT03M23.00S,4,1610612754,IND,1627783,Siakam,P. Siakam,0,0,0,,0,99,107,206,v,Siakam Free Throw 1 of 2 (36 PTS),Free Throw,Free Throw 1 of 2,1,0,419
0042400302,608,PT03M23.00S,4,1610612754,IND,1627783,Siakam,P. Siakam,0,0,0,,0,99,108,207,v,Siakam Free Throw 2 of 2 (37 PTS),Free Throw,Free Throw 2 of 2,1,0,420
0042400302,609,PT03M21.00S,4,1610612754,IND,1630169,Haliburton,T. Haliburton,0,0,0,,0,,,0,v,Haliburton Personal Take Foul (P2.PN) (K.Scott),Foul,Personal Take,1,0,421
0042400302,611,PT03M21.00S,4,1610612752,NYK,1629011,Robinson,M. Robinson,0,0,0,,0,,,0,h,MISS Robinson Free Throw 1 of 2,Free Throw,Free Throw 1 of 2,1,0,422
0042400302,612,PT03M21.00S,4,0,,1610612752,,,0,0,0,,0,,,0,h,KNICKS Rebound,Rebound,Normal Rebound,0,0,423
0042400302,613,PT03M21.00S,4,1610612752,NYK,1629011,Robinson,M. Robinson,0,0,0,,0,100,108,208,h,Robinson Free Throw 2 of 2 (6 PTS),Free Throw,Free Throw 2 of 2,1,0,424
0042400302,614,PT03M04.00S,4,1610612754,IND,1627783,Siakam,P. Siakam,-49,110,12,Missed,1,,,0,v,MISS Siakam 12' Fadeaway Jumper,Missed Shot,Fadeaway Jump Shot,1,2,425
0042400302,615,PT03M01.00S,4,1610612752,NYK,1628404,Hart,J. Hart,0,0,0,,0,,,0,h,Hart REBOUND (Off:2 Def:4),Rebound,Unknown,1,0,426
0042400302,616,PT02M51.00S,4,1610612752,NYK,1628973,Brunson,J. Brunson,-230,31,0,Missed,1,,,0,h,MISS Brunson 3PT Step Back Jump Shot,Missed Shot,Step Back Jump shot,1,3,427
0042400302,617,PT02M48.00S,4,1610612754,IND,1630169,Haliburton,T. Haliburton,0,0,0,,0,,,0,v,Haliburton REBOUND (Off:1 Def:6),Rebound,Unknown,1,0,428
0042400302,618,PT02M45.00S,4,1610612754,IND,1627783,Siakam,P. Siakam,5,9,1,Made,1,100,110,210,v,Siakam 1' Running Layup (39 PTS) (Haliburton 11 AST),Made Shot,Running Layup Shot,1,2,429
0042400302,620,PT02M25.00S,4,1610612754,IND,1627783,Siakam,P. Siakam,0,0,0,,0,,,0,v,Siakam P.FOUL (P4.PN) (K.Scott),Foul,Personal,1,0,430
0042400302,622,PT02M25.00S,4,1610612752,NYK,1628384,Anunoby,O. Anunoby,0,0,0,,0,101,110,211,h,Anunoby Free Throw 1 of 2 (15 PTS),Free Throw,Free Throw 1 of 2,1,0,431
0042400302,623,PT02M25.00S,4,1610612752,NYK,1629011,Robinson,M. Robinson,0,0,0,,0,,,0,h,SUB: Towns FOR Robinson,Substitution,,0,0,432
0042400302,625,PT02M25.00S,4,1610612752,NYK,1628384,Anunoby,O. Anunoby,0,0,0,,0,102,110,212,h,Anunoby Free Throw 2 of 2 (16 PTS),Free Throw,Free Throw 2 of 2,1,0,433
0042400302,626,PT02M07.00S,4,1610612754,IND,1627783,Siakam,P. Siakam,-124,108,16,Missed,1,,,0,v,MISS Siakam 16' Jump Shot,Missed Shot,Jump Shot,1,2,434
0042400302,627,PT02M04.00S,4,1610612754,IND,1630169,Haliburton,T. Haliburton,0,0,0,,0,,,0,v,Haliburton REBOUND (Off:2 Def:6),Rebound,Unknown,1,0,435
0042400302,628,PT01M52.00S,4,1610612754,IND,1630169,Haliburton,T. Haliburton,82,266,28,Missed,1,,,0,v,MISS Haliburton 28' 3PT Step Back Jump Shot,Missed Shot,Step Back Jump shot,1,3,436
0042400302,629,PT01M50.00S,4,0,,1610612752,,,0,0,0,,0,,,0,h,KNICKS Rebound,Rebound,Unknown,0,0,437
0042400302,631,PT01M40.00S,4,1610612752,NYK,1628973,Brunson,J. Brunson,-116,235,26,Made,1,105,110,215,h,Brunson 26' 3PT Pullup Jump Shot (34 PTS),Made Shot,Pullup Jump shot,1,3,438
0042400302,632,PT01M21.00S,4,1610612754,IND,1626167,Turner,M. Turner,232,73,24,Missed,1,,,0,v,MISS Turner 24' 3PT Step Back Jump Shot,Missed Shot,Step Back Jump shot,1,3,439
0042400302,633,PT01M19.00S,4,1610612752,NYK,1628969,Bridges,M. Bridges,0,0,0,,0,,,0,h,Bridges REBOUND (Off:1 Def:6),Rebound,Unknown,1,0,440
0042400302,634,PT01M06.00S,4,1610612752,NYK,1628973,Brunson,J. Brunson,-12,60,6,Made,1,107,110,217,h,Brunson 6' Driving Floating Jump Shot (36 PTS),Made Shot,Driving Floating Jump Shot,1,2,441
0042400302,635,PT01M06.00S,4,0,,1610612754,,,0,0,0,,0,,,0,v,Pacers Timeout: Regular (Reg.6 Short 0),Timeout,Regular,0,0,442
0042400302,636,PT00M52.20S,4,1610612754,IND,1630174,Nesmith,A. Nesmith,4,62,6,Missed,1,,,0,v,MISS Nesmith 6' Driving Floating Jump Shot,Missed Shot,Driving Floating Jump Shot,1,2,443
0042400302,637,PT00M49.60S,4,1610612754,IND,1630174,Nesmith,A. Nesmith,0,0,0,,0,,,0,v,Nesmith REBOUND (Off:2 Def:5),Rebound,Unknown,1,0,444
0042400302,638,PT00M38.10S,4,1610612754,IND,1627783,Siakam,P. Siakam,-89,10,9,Missed,1,,,0,v,MISS Siakam 9' Fadeaway Jumper,Missed Shot,Fadeaway Jump Shot,1,2,445
0042400302,639,PT00M35.30S,4,1610612752,NYK,1628384,Anunoby,O. Anunoby,0,0,0,,0,,,0,h,Anunoby REBOUND (Off:1 Def:4),Rebound,Unknown,1,0,446
0042400302,640,PT00M14.90S,4,1610612752,NYK,1628404,Hart,J. Hart,16,16,2,Made,1,109,110,219,h,Hart 2' Cutting Layup Shot (6 PTS) (Brunson 11 AST),Made Shot,Cutting Layup Shot,1,2,447
0042400302,643,PT00M14.70S,4,1610612752,NYK,1628973,Brunson,J. Brunson,0,0,0,,0,,,0,h,Brunson P.FOUL (P3.PN) (M.Davis),Foul,Personal,1,0,448
0042400302,645,PT00M14.70S,4,1610612754,IND,1630174,Nesmith,A. Nesmith,0,0,0,,0,109,111,220,v,Nesmith Free Throw 1 of 2 (11 PTS),Free Throw,Free Throw 1 of 2,1,0,449
0042400302,646,PT00M14.70S,4,1610612754,IND,1630169,Haliburton,T. Haliburton,0,0,0,,0,,,0,v,SUB: Sheppard FOR Haliburton,Substitution,,0,0,450
0042400302,648,PT00M14.70S,4,1610612754,IND,1630174,Nesmith,A. Nesmith,0,0,0,,0,109,112,221,v,Nesmith Free Throw 2 of 2 (12 PTS),Free Throw,Free Throw 2 of 2,1,0,451
0042400302,649,PT00M08.60S,4,1610612752,NYK,1628973,Brunson,J. Brunson,81,281,29,Missed,1,,,0,h,MISS Brunson 29' 3PT Pullup Jump Shot,Missed Shot,Pullup Jump shot,1,3,452
0042400302,650,PT00M04.20S,4,1610612754,IND,1626167,Turner,M. Turner,0,0,0,,0,,,0,v,Turner REBOUND (Off:1 Def:2),Rebound,Unknown,1,0,453
0042400302,651,PT00M04.20S,4,1610612752,NYK,1628969,Bridges,M. Bridges,0,0,0,,0,,,0,h,Bridges P.FOUL (P3.PN) (M.Davis),Foul,Personal,1,0,454
0042400302,653,PT00M04.20S,4,1610612754,IND,1626167,Turner,M. Turner,0,0,0,,0,109,113,222,v,Turner Free Throw 1 of 2 (15 PTS),Free Throw,Free Throw 1 of 2,1,0,455
0042400302,654,PT00M04.20S,4,1610612754,IND,1626167,Turner,M. Turner,0,0,0,,0,109,114,223,v,Turner Free Throw 2 of 2 (16 PTS),Free Throw,Free Throw 2 of 2,1,0,456
0042400302,655,PT00M04.20S,4,0,,1610612752,,,0,0,0,,0,,,0,h,KNICKS Timeout: Regular (Full 7 Short 0),Timeout,Regular,0,0,457
0042400302,656,PT00M04.20S,4,1610612754,IND,1626167,Turner,M. Turner,0,0,0,,0,,,0,v,SUB: Toppin FOR Turner,Substitution,,0,0,458
0042400302,658,PT00M00.90S,4,1610612752,NYK,1628973,Brunson,J. Brunson,-49,291,30,Missed,1,,,0,h,MISS Brunson 30' 3PT Pullup Jump Shot,Missed Shot,Pullup Jump shot,1,3,459
0042400302,659,PT00M00.10S,4,1610612754,IND,1627783,Siakam,P. Siakam,0,0,0,,0,,,0,v,Siakam REBOUND (Off:0 Def:5),Rebound,Unknown,0,0,460
0042400302,660,PT00M00.00S,4,0,,0,,,0,0,0,,0,109,114,223,,End of 4th Period (10:39 PM EST),period,end,1,0,461
0042400303,2,PT12M00.00S,1,0,,0,,,0,0,0,,0,0,0,0,,Start of 1st Period (8:07 PM EST),period,start,0,0,1
0042400303,4,PT12M00.00S,1,1610612754,IND,1626167,Turner,M. Turner,0,0,0,,0,,,0,h,Jump Ball Turner vs. Robinson: Tip to Towns,Jump Ball,,1,0,2
0042400303,7,PT11M40.00S,1,1610612752,NYK,1628973,Brunson,J. Brunson,-62,87,11,Made,1,0,2,2,v,Brunson 11' Turnaround Jump Shot (2 PTS),Made Shot,Turnaround Jump Shot,1,2,3
0042400303,8,PT11M18.00S,1,1610612754,IND,1629614,Nembhard,A. Nembhard,-40,78,9,Missed,1,,,0,h,MISS Nembhard 9' Pullup Jump Shot,Missed Shot,Pullup Jump shot,1,2,4
0042400303,8,PT11M18.00S,1,1610612752,NYK,1628384,Anunoby,O. Anunoby,0,0,0,,0,,,0,v,Anunoby BLOCK (1 BLK),,,1,2,5
0042400303,10,PT11M15.00S,1,1610612752,NYK,1626157,Towns,K. Towns,0,0,0,,0,,,0,v,Towns REBOUND (Off:0 Def:1),Rebound,Unknown,1,0,6
0042400303,11,PT11M03.00S,1,1610612752,NYK,1628969,Bridges,M. Bridges,-225,0,0,Missed,1,,,0,v,MISS Bridges 3PT Jump Shot,Missed Shot,Jump Shot,1,3,7
0042400303,12,PT11M00.00S,1,1610612754,IND,1629614,Nembhard,A. Nembhard,0,0,0,,0,,,0,h,Nembhard REBOUND (Off:0 Def:1),Rebound,Unknown,1,0,8
0042400303,13,PT10M50.00S,1,1610612754,IND,1626167,Turner,M. Turner,87,259,27,Missed,1,,,0,h,MISS Turner 27' 3PT Jump Shot,Missed Shot,Jump Shot,1,3,9
0042400303,14,PT10M47.00S,1,1610612752,NYK,1626157,Towns,K. Towns,0,0,0,,0,,,0,v,Towns REBOUND (Off:0 Def:2),Rebound,Unknown,1,0,10
0042400303,15,PT10M40.00S,1,1610612752,NYK,1628973,Brunson,J. Brunson,-113,40,12,Missed,1,,,0,v,MISS Brunson 12' Turnaround Bank Shot,Missed Shot,Turnaround Bank shot,1,2,11
0042400303,16,PT10M37.00S,1,1610612754,IND,1629614,Nembhard,A. Nembhard,0,0,0,,0,,,0,h,Nembhard REBOUND (Off:0 Def:2),Rebound,Unknown,1,0,12
0042400303,17,PT10M29.00S,1,1610612754,IND,1629614,Nembhard,A. Nembhard,-124,237,27,Missed,1,,,0,h,MISS Nembhard 27' 3PT Step Back Jump Shot,Missed Shot,Step Back Jump shot,1,3,13
0042400303,18,PT10M26.00S,1,1610612752,NYK,1626157,Towns,K. Towns,0,0,0,,0,,,0,v,Towns REBOUND (Off:0 Def:3),Rebound,Unknown,1,0,14
0042400303,19,PT10M21.00S,1,1610612752,NYK,1628969,Bridges,M. Bridges,-27,74,8,Missed,1,,,0,v,MISS Bridges 8' Running Pull-Up Jump Shot,Missed Shot,Running Pull-Up Jump Shot,1,2,15
0042400303,20,PT10M17.00S,1,1610612754,IND,1627783,Siakam,P. Siakam,0,0,0,,0,,,0,h,Siakam REBOUND (Off:0 Def:1),Rebound,Unknown,1,0,16
0042400303,21,PT10M09.00S,1,1610612754,IND,1627783,Siakam,P. Siakam,-42,70,8,Made,1,2,2,4,h,Siakam 8' Driving Floating Jump Shot (2 PTS),Made Shot,Driving Floating Jump Shot,1,2,17
0042400303,23,PT09M41.00S,1,1610612752,NYK,1628973,Brunson,J. Brunson,219,188,29,Missed,1,,,0,v,MISS Brunson 29' 3PT Pullup Jump Shot,Missed Shot,Pullup Jump shot,1,3,18
0042400303,24,PT09M38.00S,1,1610612754,IND,1630169,Haliburton,T. Haliburton,0,0,0,,0,,,0,h,Haliburton REBOUND (Off:0 Def:1),Rebound,Unknown,1,0,19
0042400303,25,PT09M28.00S,1,1610612754,IND,1627783,Siakam,P. Siakam,-4,101,10,Missed,1,,,0,h,MISS Siakam 10' Turnaround Fadeaway Shot,Missed Shot,Turnaround Fadeaway shot,1,2,20
0042400303,26,PT09M24.00S,1,1610612752,NYK,1629011,Robinson,M. Robinson,0,0,0,,0,,,0,v,Robinson REBOUND (Off:0 Def:1),Rebound,Unknown,1,0,21
0042400303,27,PT09M16.00S,1,1610612752,NYK,1626157,Towns,K. Towns,-83,19,9,Missed,1,,,0,v,MISS Towns 9' Driving Floating Jump Shot,Missed Shot,Driving Floating Jump Shot,1,2,22
0042400303,28,PT09M13.00S,1,1610612752,NYK,1629011,Robinson,M. Robinson,0,0,0,,0,,,0,v,Robinson REBOUND (Off:1 Def:1),Rebound,Unknown,1,0,23
0042400303,29,PT09M13.00S,1,1610612752,NYK,1629011,Robinson,M. Robinson,1,10,1,Made,1,2,4,6,v,Robinson 1' Putback Layup (2 PTS),Made Shot,Putback Layup Shot,1,2,24
0042400303,30,PT09M02.00S,1,1610612754,IND,1627783,Siakam,P. Siakam,-42,48,6,Missed,1,,,0,h,MISS Siakam 6' Driving Finger Roll Layup,Missed Shot,Driving Finger Roll Layup Shot,1,2,25
0042400303,30,PT09M02.00S,1,1610612752,NYK,1628384,Anunoby,O. Anunoby,0,0,0,,0,,,0,v,Anunoby BLOCK (2 BLK),,,1,2,26
0042400303,32,PT09M00.00S,1,1610612752,NYK,1628384,Anunoby,O. Anunoby,0,0,0,,0,,,0,v,Anunoby REBOUND (Off:0 Def:1),Rebound,Unknown,1,0,27
0042400303,33,PT08M52.00S,1,1610612754,IND,1630169,Haliburton,T. Haliburton,0,0,0,,0,,,0,h,Haliburton S.FOUL (P1.T1) (E.Malloy),Foul,Shooting,1,0,28
0042400303,35,PT08M52.00S,1,1610612752,NYK,1628384,Anunoby,O. Anunoby,0,0,0,,0,,,0,v,MISS Anunoby Free Throw 1 of 2,Free Throw,Free Throw 1 of 2,1,0,29
0042400303,36,PT08M52.00S,1,0,,1610612752,,,0,0,0,,0,,,0,v,Knicks Rebound,Rebound,Normal Rebound,0,0,30
0042400303,37,PT08M52.00S,1,1610612752,NYK,1628384,Anunoby,O. Anunoby,0,0,0,,0,,,0,v,MISS Anunoby Free Throw 2 of 2,Free Throw,Free Throw 2 of 2,1,0,31
0042400303,38,PT08M50.00S,1,1610612752,NYK,1626157,Towns,K. Towns,0,0,0,,0,,,0,v,Towns REBOUND (Off:1 Def:3),Rebound,Unknown,1,0,32
0042400303,39,PT08M48.00S,1,1610612752,NYK,1626157,Towns,K. Towns,81,15,8,Missed,1,,,0,v,MISS Towns 8' Driving Floating Jump Shot,Missed Shot,Driving Floating Jump Shot,1,2,33
0042400303,40,PT08M48.00S,1,1610612754,IND,1630174,Nesmith,A. Nesmith,0,0,0,,0,,,0,h,Nesmith REBOUND (Off:0 Def:1),Rebound,Unknown,1,0,34
0042400303,41,PT08M36.00S,1,1610612754,IND,1629614,Nembhard,A. Nembhard,-173,37,18,Made,1,4,4,8,h,Nembhard 18' Step Back Jump Shot (2 PTS) (Haliburton 1 AST),Made Shot,Step Back Jump shot,1,2,35
0042400303,43,PT08M23.00S,1,1610612752,NYK,1628969,Bridges,M. Bridges,31,24,4,Made,1,4,6,10,v,Bridges 4' Driving Layup (2 PTS),Made Shot,Driving Layup Shot,1,2,36
0042400303,44,PT08M11.00S,1,1610612754,IND,1630169,Haliburton,T. Haliburton,217,149,26,Missed,1,,,0,h,MISS Haliburton 26' 3PT Step Back Jump Shot,Missed Shot,Step Back Jump shot,1,3,37
0042400303,45,PT08M07.00S,1,1610612752,NYK,1626157,Towns,K. Towns,0,0,0,,0,,,0,v,Towns REBOUND (Off:1 Def:4),Rebound,Unknown,1,0,38
0042400303,46,PT07M59.00S,1,1610612752,NYK,1628384,Anunoby,O. Anunoby,194,159,25,Made,1,4,9,13,v,Anunoby 25' 3PT Jump Shot (3 PTS) (Brunson 1 AST),Made Shot,Jump Shot,1,3,39
0042400303,48,PT07M47.00S,1,1610612752,NYK,1628969,Bridges,M. Bridges,0,0,0,,0,,,0,v,Bridges S.FOUL (P1.T1) (E.Malloy),Foul,Shooting,1,0,40
0042400303,50,PT07M47.00S,1,1610612754,IND,1630169,Haliburton,T. Haliburton,0,0,0,,0,5,9,14,h,Haliburton Free Throw 1 of 2 (1 PTS),Free Throw,Free Throw 1 of 2,1,0,41
0042400303,51,PT07M47.00S,1,1610612754,IND,1630169,Haliburton,T. Haliburton,0,0,0,,0,6,9,15,h,Haliburton Free Throw 2 of 2 (2 PTS),Free Throw,Free Throw 2 of 2,1,0,42
0042400303,52,PT07M30.00S,1,1610612752,NYK,1628969,Bridges,M. Bridges,234,40,24,Missed,1,,,0,v,MISS Bridges 24' 3PT Jump Shot,Missed Shot,Jump Shot,1,3,43
0042400303,53,PT07M27.00S,1,1610612754,IND,1630174,Nesmith,A. Nesmith,0,0,0,,0,,,0,h,Nesmith REBOUND (Off:0 Def:2),Rebound,Unknown,1,0,44
0042400303,54,PT07M23.00S,1,1610612754,IND,1627783,Siakam,P. Siakam,-4,79,8,Missed,1,,,0,h,MISS Siakam 8' Running Layup,Missed Shot,Running Layup Shot,1,2,45
0042400303,55,PT07M22.00S,1,0,,1610612754,,,0,0,0,,0,,,0,h,PACERS Rebound,Rebound,Unknown,0,0,46
0042400303,57,PT07M21.00S,1,1610612754,IND,1630174,Nesmith,A. Nesmith,232,64,24,Missed,1,,,0,h,MISS Nesmith 24' 3PT Jump Shot,Missed Shot,Jump Shot,1,3,47
0042400303,58,PT07M18.00S,1,1610612752,NYK,1628973,Brunson,J. Brunson,0,0,0,,0,,,0,v,Brunson REBOUND (Off:0 Def:1),Rebound,Unknown,1,0,48
0042400303,59,PT07M04.00S,1,1610612752,NYK,1628384,Anunoby,O. Anunoby,1,21,2,Missed,1,,,0,v,MISS Anunoby 2' Driving Layup,Missed Shot,Driving Layup Shot,1,2,49
0042400303,60,PT07M01.00S,1,1610612752,NYK,1629011,Robinson,M. Robinson,0,0,0,,0,,,0,v,Robinson REBOUND (Off:2 Def:1),Rebound,Unknown,1,0,50
0042400303,61,PT07M01.00S,1,1610612752,NYK,1629011,Robinson,M. Robinson,0,0,0,Made,1,6,11,17,v,Robinson Tip Dunk Shot (4 PTS),Made Shot,Tip Dunk Shot,1,2,51
0042400303,62,PT07M01.00S,1,0,,1610612754,,,0,0,0,,0,,,0,h,PACERS Timeout: Regular (Full 1 Short 0),Timeout,Regular,0,0,52
0042400303,63,PT06M49.00S,1,1610612754,IND,1630174,Nesmith,A. Nesmith,-12,258,26,Missed,1,,,0,h,MISS Nesmith 26' 3PT Jump Shot,Missed Shot,Jump Shot,1,3,53
0042400303,64,PT06M45.00S,1,1610612754,IND,1626167,Turner,M. Turner,0,0,0,,0,,,0,h,Turner REBOUND (Off:1 Def:0),Rebound,Unknown,1,0,54
0042400303,65,PT06M37.00S,1,1610612754,IND,1626167,Turner,M. Turner,36,23,4,Made,1,8,11,19,h,Turner 4' Cutting Layup Shot (2 PTS) (Siakam 1 AST),Made Shot,Cutting Layup Shot,1,2,55
0042400303,67,PT06M14.00S,1,1610612752,NYK,1628973,Brunson,J. Brunson,61,93,11,Missed,1,,,0,v,MISS Brunson 11' Pullup Jump Shot,Missed Shot,Pullup Jump shot,1,2,56
0042400303,68,PT06M10.00S,1,1610612754,IND,1630174,Nesmith,A. Nesmith,0,0,0,,0,,,0,h,Nesmith REBOUND (Off:0 Def:3),Rebound,Unknown,1,0,57
0042400303,69,PT05M59.00S,1,1610612754,IND,1630169,Haliburton,T. Haliburton,107,32,11,Made,1,10,11,21,h,Haliburton 11' Driving Floating Bank Jump Shot (4 PTS),Made Shot,Driving Floating Bank Jump Shot,1,2,58
0042400303,70,PT05M36.00S,1,1610612754,IND,1630174,Nesmith,A. Nesmith,0,0,0,,0,,,0,h,Nesmith S.FOUL (P1.T2) (E.Malloy),Foul,Shooting,1,0,59
0042400303,72,PT05M36.00S,1,1610612752,NYK,1628973,Brunson,J. Brunson,0,0,0,,0,10,12,22,v,Brunson Free Throw 1 of 2 (3 PTS),Free Throw,Free Throw 1 of 2,1,0,60
0042400303,73,PT05M36.00S,1,1610612754,IND,1630174,Nesmith,A. Nesmith,0,0,0,,0,,,0,h,SUB: Toppin FOR Nesmith,Substitution,,0,0,61
0042400303,74,PT05M36.00S,1,1610612754,IND,1627783,Siakam,P. Siakam,0,0,0,,0,,,0,h,SUB: Sheppard FOR Siakam,Substitution,,0,0,62
0042400303,75,PT05M36.00S,1,1610612752,NYK,1626157,Towns,K. Towns,0,0,0,,0,,,0,v,SUB: Hart FOR Towns,Substitution,,0,0,63
0042400303,79,PT05M36.00S,1,1610612752,NYK,1628973,Brunson,J. Brunson,0,0,0,,0,10,13,23,v,Brunson Free Throw 2 of 2 (4 PTS),Free Throw,Free Throw 2 of 2,1,0,64
0042400303,80,PT05M20.00S,1,1610612754,IND,1626167,Turner,M. Turner,0,0,0,,0,,,0,h,Turner Bad Pass Turnover (P1.T1),Turnover,Bad Pass,1,0,65
0042400303,80,PT05M20.00S,1,1610612752,NYK,1628969,Bridges,M. Bridges,0,0,0,,0,,,0,v,Bridges STEAL (1 STL),,,1,0,66
0042400303,82,PT05M03.00S,1,1610612752,NYK,1628969,Bridges,M. Bridges,-110,34,12,Made,1,10,15,25,v,Bridges 12' Fadeaway Jumper (4 PTS),Made Shot,Fadeaway Jump Shot,1,2,67
0042400303,83,PT04M51.00S,1,1610612752,NYK,1628384,Anunoby,O. Anunoby,0,0,0,,0,,,0,v,Anunoby P.FOUL (P1.T2) (E.Malloy),Foul,Personal,1,0,68
0042400303,85,PT04M51.00S,1,1610612752,NYK,1628384,Anunoby,O. Anunoby,0,0,0,,0,,,0,v,SUB: McBride FOR Anunoby,Substitution,,0,0,69
0042400303,87,PT04M42.00S,1,1610612754,IND,1630167,Toppin,O. Toppin,169,210,27,Missed,1,,,0,h,MISS Toppin 27' 3PT Jump Shot,Missed Shot,Jump Shot,1,3,70
0042400303,88,PT04M40.00S,1,0,,1610612754,,,0,0,0,,0,,,0,h,PACERS Rebound,Rebound,Unknown,0,0,71
0042400303,89,PT04M40.00S,1,1610612752,NYK,1630540,McBride,M. McBride,0,0,0,,0,,,0,v,McBride L.B.FOUL (P1.T3) (S.Foster),Foul,Loose Ball,1,0,72
0042400303,91,PT04M32.00S,1,1610612754,IND,1629614,Nembhard,A. Nembhard,51,102,11,Missed,1,,,0,h,MISS Nembhard 11' Pullup Jump Shot,Missed Shot,Pullup Jump shot,1,2,73
0042400303,92,PT04M30.00S,1,0,,1610612754,,,0,0,0,,0,,,0,h,PACERS Rebound,Rebound,Unknown,0,0,74
0042400303,93,PT04M30.00S,1,1610612752,NYK,1630540,McBride,M. McBride,0,0,0,,0,,,0,v,McBride L.B.FOUL (P2.T4) (E.Malloy),Foul,Loose Ball,1,0,75
0042400303,95,PT04M23.00S,1,1610612754,IND,1626167,Turner,M. Turner,-200,183,27,Made,1,13,15,28,h,Turner 27' 3PT Jump Shot (5 PTS) (Nembhard 1 AST),Made Shot,Jump Shot,1,3,76
0042400303,97,PT04M09.00S,1,1610612752,NYK,1629011,Robinson,M. Robinson,-42,22,5,Missed,1,,,0,v,MISS Robinson 5' Alley Oop Layup,Missed Shot,Alley Oop Layup shot,1,2,77
0042400303,97,PT04M09.00S,1,1610612754,IND,1626167,Turner,M. Turner,0,0,0,,0,,,0,h,Turner BLOCK (1 BLK),,,1,2,78
0042400303,98,PT04M07.00S,1,1610612754,IND,1630169,Haliburton,T. Haliburton,0,0,0,,0,,,0,h,Haliburton REBOUND (Off:0 Def:2),Rebound,Unknown,1,0,79
0042400303,99,PT04M04.00S,1,1610612754,IND,1641767,Sheppard,B. Sheppard,237,-1,24,Made,1,16,15,31,h,Sheppard 24' 3PT Running Jump Shot (3 PTS) (Haliburton 2 AST),Made Shot,Running Jump Shot,1,3,80
0042400303,101,PT04M01.00S,1,0,,1610612752,,,0,0,0,,0,,,0,v,Knicks Timeout: Regular (Reg.1 Short 0),Timeout,Regular,0,0,81
0042400303,102,PT04M01.00S,1,1610612754,IND,1629614,Nembhard,A. Nembhard,0,0,0,,0,,,0,h,SUB: Bradley FOR Nembhard,Substitution,,0,0,82
0042400303,103,PT04M01.00S,1,1610612754,IND,1626167,Turner,M. Turner,0,0,0,,0,,,0,h,SUB: McConnell FOR Turner,Substitution,,0,0,83
0042400303,106,PT03M52.00S,1,1610612754,IND,1641767,Sheppard,B. Sheppard,0,0,0,,0,,,0,h,Sheppard P.FOUL (P1.T3) (S.Wright),Foul,Personal,1,0,84
0042400303,109,PT03M40.00S,1,1610612752,NYK,1628973,Brunson,J. Brunson,-219,132,26,Made,1,16,18,34,v,Brunson 26' 3PT Jump Shot (7 PTS),Made Shot,Jump Shot,1,3,85
0042400303,110,PT03M29.00S,1,1610612752,NYK,1630540,McBride,M. McBride,0,0,0,,0,,,0,v,McBride P.FOUL (P3.PN) (E.Malloy),Foul,Personal,1,0,86
0042400303,112,PT03M29.00S,1,1610612754,IND,204456,McConnell,T. McConnell,0,0,0,,0,17,18,35,h,McConnell Free Throw 1 of 2 (1 PTS),Free Throw,Free Throw 1 of 2,1,0,87
0042400303,113,PT03M29.00S,1,1610612752,NYK,1630540,McBride,M. McBride,0,0,0,,0,,,0,v,SUB: Wright FOR McBride,Substitution,,0,0,88
0042400303,115,PT03M29.00S,1,1610612754,IND,204456,McConnell,T. McConnell,0,0,0,,0,18,18,36,h,McConnell Free Throw 2 of 2 (2 PTS),Free Throw,Free Throw 2 of 2,1,0,89
0042400303,116,PT03M23.00S,1,1610612752,NYK,1628969,Bridges,M. Bridges,-45,46,6,Missed,1,,,0,v,MISS Bridges 6' Driving Layup,Missed Shot,Driving Layup Shot,1,2,90
0042400303,116,PT03M23.00S,1,1610612754,IND,1628396,Bradley,T. Bradley,0,0,0,,0,,,0,h,Bradley BLOCK (1 BLK),,,1,2,91
0042400303,118,PT03M19.00S,1,1610612754,IND,1628396,Bradley,T. Bradley,0,0,0,,0,,,0,h,Bradley REBOUND (Off:0 Def:1),Rebound,Unknown,1,0,92
0042400303,119,PT03M08.00S,1,1610612752,NYK,1628973,Brunson,J. Brunson,0,0,0,,0,,,0,v,Brunson P.FOUL (P1.PN) (S.Wright),Foul,Personal,1,0,93
0042400303,121,PT03M08.00S,1,1610612754,IND,1630167,Toppin,O. Toppin,0,0,0,,0,19,18,37,h,Toppin Free Throw 1 of 2 (1 PTS),Free Throw,Free Throw 1 of 2,1,0,94
0042400303,122,PT03M08.00S,1,1610612754,IND,1630167,Toppin,O. Toppin,0,0,0,,0,20,18,38,h,Toppin Free Throw 2 of 2 (2 PTS),Free Throw,Free Throw 2 of 2,1,0,95
0042400303,123,PT02M55.00S,1,1610612754,IND,1628396,Bradley,T. Bradley,0,0,0,,0,,,0,h,Bradley S.FOUL (P1.T4) (S.Wright),Foul,Shooting,1,0,96
0042400303,125,PT02M55.00S,1,1610612752,NYK,1628973,Brunson,J. Brunson,0,0,0,,0,20,19,39,v,Brunson Free Throw 1 of 2 (8 PTS),Free Throw,Free Throw 1 of 2,1,0,97
0042400303,126,PT02M55.00S,1,1610612752,NYK,1628973,Brunson,J. Brunson,0,0,0,,0,20,20,40,v,Brunson Free Throw 2 of 2 (9 PTS),Free Throw,Free Throw 2 of 2,1,0,98
0042400303,127,PT02M44.00S,1,1610612754,IND,204456,McConnell,T. McConnell,-234,5,0,Missed,1,,,0,h,MISS McConnell 3PT Jump Shot,Missed Shot,Jump Shot,1,3,99
0042400303,128,PT02M40.00S,1,1610612752,NYK,1629011,Robinson,M. Robinson,0,0,0,,0,,,0,v,Robinson REBOUND (Off:2 Def:2),Rebound,Unknown,1,0,100
0042400303,129,PT02M29.00S,1,1610612752,NYK,1629011,Robinson,M. Robinson,6,14,2,Made,1,20,22,42,v,Robinson 2' Dunk (6 PTS) (Hart 1 AST),Made Shot,Dunk Shot,1,2,101
0042400303,131,PT02M18.00S,1,1610612754,IND,204456,McConnell,T. McConnell,0,0,0,,0,,,0,h,McConnell Bad Pass Turnover (P1.T2),Turnover,Bad Pass,1,0,102
0042400303,131,PT02M18.00S,1,1610612752,NYK,1626153,Wright,D. Wright,0,0,0,,0,,,0,v,Wright STEAL (1 STL),,,1,0,103
0042400303,133,PT02M06.00S,1,1610612752,NYK,1628973,Brunson,J. Brunson,-91,230,25,Missed,1,,,0,v,MISS Brunson 25' 3PT Step Back Jump Shot,Missed Shot,Step Back Jump shot,1,3,104
0042400303,134,PT02M03.00S,1,1610612754,IND,204456,McConnell,T. McConnell,0,0,0,,0,,,0,h,McConnell REBOUND (Off:0 Def:1),Rebound,Unknown,1,0,105
0042400303,135,PT01M56.00S,1,1610612754,IND,1628396,Bradley,T. Bradley,-7,36,4,Made,1,22,22,44,h,Bradley 4' Floating Jump Shot (2 PTS) (McConnell 1 AST),Made Shot,Floating Jump shot,1,2,106
0042400303,137,PT01M32.00S,1,1610612752,NYK,1628404,Hart,J. Hart,-85,245,26,Missed,1,,,0,v,MISS Hart 26' 3PT Pullup Jump Shot,Missed Shot,Pullup Jump shot,1,3,107
0042400303,138,PT01M30.00S,1,1610612754,IND,1630167,Toppin,O. Toppin,0,0,0,,0,,,0,h,Toppin REBOUND (Off:0 Def:1),Rebound,Unknown,1,0,108
0042400303,139,PT01M24.00S,1,1610612754,IND,204456,McConnell,T. McConnell,29,84,9,Missed,1,,,0,h,MISS McConnell 9' Pullup Jump Shot,Missed Shot,Pullup Jump shot,1,2,109
0042400303,140,PT01M22.00S,1,1610612754,IND,204456,McConnell,T. McConnell,0,0,0,,0,,,0,h,McConnell REBOUND (Off:1 Def:1),Rebound,Unknown,1,0,110
0042400303,141,PT01M21.00S,1,1610612754,IND,204456,McConnell,T. McConnell,-31,11,3,Made,1,24,22,46,h,McConnell 3' Putback Layup (4 PTS),Made Shot,Putback Layup Shot,1,2,111
0042400303,142,PT01M10.00S,1,1610612754,IND,1641767,Sheppard,B. Sheppard,0,0,0,,0,,,0,h,Sheppard S.FOUL (P2.PN) (S.Foster),Foul,Shooting,1,0,112
0042400303,144,PT01M10.00S,1,1610612752,NYK,1628973,Brunson,J. Brunson,0,0,0,,0,24,23,47,v,Brunson Free Throw 1 of 2 (10 PTS),Free Throw,Free Throw 1 of 2,1,0,113
0042400303,145,PT01M10.00S,1,1610612754,IND,1630169,Haliburton,T. Haliburton,0,0,0,,0,,,0,h,SUB: Nembhard FOR Haliburton,Substitution,,0,0,114
0042400303,146,PT01M10.00S,1,1610612754,IND,1628396,Bradley,T. Bradley,0,0,0,,0,,,0,h,SUB: Turner FOR Bradley,Substitution,,0,0,115
0042400303,147,PT01M10.00S,1,1610612754,IND,1641767,Sheppard,B. Sheppard,0,0,0,,0,,,0,h,SUB: Siakam FOR Sheppard,Substitution,,0,0,116
0042400303,148,PT01M10.00S,1,1610612752,NYK,1629011,Robinson,M. Robinson,0,0,0,,0,,,0,v,SUB: Towns FOR Robinson,Substitution,,0,0,117
0042400303,153,PT01M10.00S,1,1610612752,NYK,1628973,Brunson,J. Brunson,0,0,0,,0,24,24,48,v,Brunson Free Throw 2 of 2 (11 PTS),Free Throw,Free Throw 2 of 2,1,0,118
0042400303,154,PT00M51.40S,1,1610612754,IND,1629614,Nembhard,A. Nembhard,153,143,21,Made,1,26,24,50,h,Nembhard 21' Step Back Jump Shot (4 PTS) (Turner 1 AST),Made Shot,Step Back Jump shot,1,2,119
0042400303,156,PT00M47.40S,1,1610612754,IND,1630167,Toppin,O. Toppin,0,0,0,,0,,,0,h,Toppin S.FOUL (P1.PN) (E.Malloy),Foul,Shooting,1,0,120
0042400303,158,PT00M47.40S,1,1610612752,NYK,1628404,Hart,J. Hart,0,0,0,,0,26,25,51,v,Hart Free Throw 1 of 2 (1 PTS),Free Throw,Free Throw 1 of 2,1,0,121
0042400303,159,PT00M47.40S,1,1610612752,NYK,1628969,Bridges,M. Bridges,0,0,0,,0,,,0,v,SUB: Anunoby FOR Bridges,Substitution,,0,0,122
0042400303,161,PT00M47.40S,1,1610612752,NYK,1628404,Hart,J. Hart,0,0,0,,0,26,26,52,v,Hart Free Throw 2 of 2 (2 PTS),Free Throw,Free Throw 2 of 2,1,0,123
0042400303,162,PT00M31.60S,1,1610612754,IND,204456,McConnell,T. McConnell,53,64,8,Made,1,28,26,54,h,McConnell 8' Fadeaway Jumper (6 PTS),Made Shot,Fadeaway Jump Shot,1,2,124
0042400303,164,PT00M08.50S,1,1610612752,NYK,1628404,Hart,J. Hart,240,37,24,Missed,1,,,0,v,MISS Hart 24' 3PT Jump Shot,Missed Shot,Jump Shot,1,3,125
0042400303,165,PT00M04.50S,1,1610612754,IND,1629614,Nembhard,A. Nembhard,0,0,0,,0,,,0,h,Nembhard REBOUND (Off:0 Def:3),Rebound,Unknown,1,0,126
0042400303,166,PT00M02.70S,1,1610612752,NYK,1626157,Towns,K. Towns,0,0,0,,0,,,0,v,Towns P.FOUL (P1.PN) (S.Foster),Foul,Personal,1,0,127
0042400303,168,PT00M02.70S,1,1610612754,IND,1629614,Nembhard,A. Nembhard,0,0,0,,0,29,26,55,h,Nembhard Free Throw 1 of 2 (5 PTS),Free Throw,Free Throw 1 of 2,1,0,128
0042400303,169,PT00M02.70S,1,1610612754,IND,1629614,Nembhard,A. Nembhard,0,0,0,,0,30,26,56,h,Nembhard Free Throw 2 of 2 (6 PTS),Free Throw,Free Throw 2 of 2,1,0,129
0042400303,170,PT00M00.90S,1,1610612752,NYK,1628384,Anunoby,O. Anunoby,-9,473,47,Missed,1,,,0,v,MISS Anunoby 47' 3PT Pullup Jump Shot,Missed Shot,Pullup Jump shot,1,3,130
0042400303,171,PT00M00.90S,1,0,,1610612752,,,0,0,0,,0,,,0,v,Knicks Rebound,Rebound,Unknown,0,0,131
0042400303,172,PT00M00.00S,1,0,,0,,,0,0,0,,0,30,26,56,,End of 1st Period (8:37 PM EST),period,end,1,0,132
0042400303,177,PT12M00.00S,2,0,,0,,,0,0,0,,0,30,26,56,,Start of 2nd Period (8:41 PM EST),period,start,0,0,133
0042400303,178,PT11M37.00S,2,1610612752,NYK,1628384,Anunoby,O. Anunoby,0,0,0,,0,,,0,v,Anunoby S.FOUL (P2.T1) (S.Wright),Foul,Shooting,0,0,134
0042400303,180,PT11M37.00S,2,1610612754,IND,1626167,Turner,M. Turner,0,0,0,,0,,,0,h,MISS Turner Free Throw 1 of 2,Free Throw,Free Throw 1 of 2,1,0,135
0042400303,181,PT11M37.00S,2,0,,1610612754,,,0,0,0,,0,,,0,h,PACERS Rebound,Rebound,Normal Rebound,0,0,136
0042400303,182,PT11M37.00S,2,1610612754,IND,1626167,Turner,M. Turner,0,0,0,,0,,,0,h,MISS Turner Free Throw 2 of 2,Free Throw,Free Throw 2 of 2,1,0,137
0042400303,183,PT11M36.00S,2,0,,1610612752,,,0,0,0,,0,,,0,v,Knicks Rebound,Rebound,Unknown,0,0,138
0042400303,184,PT11M36.00S,2,1610612754,IND,1626167,Turner,M. Turner,0,0,0,,0,,,0,h,Turner L.B.FOUL (P1.T1) (S.Foster),Foul,Loose Ball,1,0,139
0042400303,186,PT11M16.00S,2,1610612752,NYK,1626157,Towns,K. Towns,-13,10,2,Missed,1,,,0,v,MISS Towns 2' Driving Layup,Missed Shot,Driving Layup Shot,1,2,140
0042400303,187,PT11M14.00S,2,0,,1610612752,,,0,0,0,,0,,,0,v,Knicks Rebound,Rebound,Unknown,0,0,141
0042400303,189,PT11M08.00S,2,1610612752,NYK,1626157,Towns,K. Towns,17,31,4,Made,1,30,28,58,v,Towns 4' Driving Layup (2 PTS),Made Shot,Driving Layup Shot,1,2,142
0042400303,190,PT10M53.00S,2,1610612754,IND,1631097,Mathurin,B. Mathurin,-26,27,4,Missed,1,,,0,h,MISS Mathurin 4' Cutting Layup Shot,Missed Shot,Cutting Layup Shot,1,2,143
0042400303,191,PT10M52.00S,2,1610612752,NYK,1626157,Towns,K. Towns,0,0,0,,0,,,0,v,Towns REBOUND (Off:1 Def:5),Rebound,Unknown,1,0,144
0042400303,192,PT10M46.00S,2,1610612752,NYK,1626157,Towns,K. Towns,-33,326,33,Missed,1,,,0,v,MISS Towns 33' 3PT Jump Shot,Missed Shot,Jump Shot,1,3,145
0042400303,193,PT10M42.00S,2,1610612754,IND,1627783,Siakam,P. Siakam,0,0,0,,0,,,0,h,Siakam REBOUND (Off:0 Def:2),Rebound,Unknown,1,0,146
0042400303,194,PT10M38.00S,2,1610612754,IND,204456,McConnell,T. McConnell,-7,152,15,Made,1,32,28,60,h,McConnell 15' Running Pull-Up Jump Shot (8 PTS) (Siakam 2 AST),Made Shot,Running Pull-Up Jump Shot,1,2,147
0042400303,196,PT10M22.00S,2,1610612752,NYK,1626157,Towns,K. Towns,-28,29,4,Made,1,32,30,62,v,Towns 4' Driving Layup (4 PTS),Made Shot,Driving Layup Shot,1,2,148
0042400303,197,PT10M08.00S,2,1610612754,IND,1626167,Turner,M. Turner,-37,88,10,Made,1,34,30,64,h,Turner 10' Turnaround Fadeaway (7 PTS) (McConnell 2 AST),Made Shot,Turnaround Fadeaway shot,1,2,149
0042400303,199,PT09M50.00S,2,1610612752,NYK,1626157,Towns,K. Towns,0,0,0,,0,,,0,v,Towns OFF.Foul (P2) (S.Wright),Foul,Offensive,1,0,150
0042400303,201,PT09M50.00S,2,1610612752,NYK,1626157,Towns,K. Towns,0,0,0,,0,,,0,v,Towns Offensive Foul Turnover (P1.T1),Turnover,Offensive Foul Turnover,1,0,151
0042400303,203,PT09M33.00S,2,1610612754,IND,204456,McConnell,T. McConnell,-2,117,12,Made,1,36,30,66,h,McConnell 12' Pullup Jump Shot (10 PTS) (Turner 2 AST),Made Shot,Pullup Jump shot,1,2,152
0042400303,204,PT09M18.00S,2,1610612752,NYK,1626157,Towns,K. Towns,49,268,27,Missed,1,,,0,v,MISS Towns 27' 3PT Jump Shot,Missed Shot,Jump Shot,1,3,153
0042400303,205,PT09M15.00S,2,1610612754,IND,1631097,Mathurin,B. Mathurin,0,0,0,,0,,,0,h,Mathurin REBOUND (Off:0 Def:1),Rebound,Unknown,1,0,154
0042400303,206,PT09M12.00S,2,1610612754,IND,1627783,Siakam,P. Siakam,20,11,2,Made,1,38,30,68,h,Siakam 2' Running Finger Roll Layup (4 PTS) (Mathurin 1 AST),Made Shot,Running Finger Roll Layup Shot,1,2,155
0042400303,208,PT09M12.00S,2,0,,1610612752,,,0,0,0,,0,,,0,v,Knicks Timeout: Regular (Reg.2 Short 0),Timeout,Regular,0,0,156
0042400303,210,PT08M55.00S,2,1610612752,NYK,1628384,Anunoby,O. Anunoby,9,14,2,Made,1,38,32,70,v,Anunoby 2' Driving Dunk (5 PTS) (Shamet 1 AST),Made Shot,Driving Dunk Shot,1,2,157
0042400303,212,PT08M28.00S,2,1610612754,IND,1626167,Turner,M. Turner,131,67,15,Made,1,40,32,72,h,Turner 15' Pullup Jump Shot (9 PTS) (McConnell 3 AST),Made Shot,Pullup Jump shot,1,2,158
0042400303,214,PT08M10.00S,2,1610612752,NYK,1629013,Shamet,L. Shamet,188,179,26,Missed,1,,,0,v,MISS Shamet 26' 3PT Pullup Jump Shot,Missed Shot,Pullup Jump shot,1,3,159
0042400303,215,PT08M07.00S,2,1610612754,IND,1631097,Mathurin,B. Mathurin,0,0,0,,0,,,0,h,Mathurin REBOUND (Off:0 Def:2),Rebound,Unknown,1,0,160
0042400303,216,PT07M52.00S,2,1610612752,NYK,1628404,Hart,J. Hart,0,0,0,,0,,,0,v,Hart S.FOUL (P1.T2) (E.Malloy),Foul,Shooting,1,0,161
0042400303,218,PT07M52.00S,2,1610612754,IND,1631097,Mathurin,B. Mathurin,0,0,0,,0,41,32,73,h,Mathurin Free Throw 1 of 2 (1 PTS),Free Throw,Free Throw 1 of 2,1,0,162
0042400303,219,PT07M52.00S,2,1610612754,IND,1631097,Mathurin,B. Mathurin,0,0,0,,0,42,32,74,h,Mathurin Free Throw 2 of 2 (2 PTS),Free Throw,Free Throw 2 of 2,0,0,163
0042400303,220,PT07M30.00S,2,1610612752,NYK,1629013,Shamet,L. Shamet,-232,15,0,Made,1,42,35,77,v,Shamet 3PT Jump Shot (3 PTS) (Wright 1 AST),Made Shot,Jump Shot,1,3,164
0042400303,222,PT07M03.00S,2,0,,1610612754,,,0,0,0,,0,,,0,h,PACERS Turnover: Shot Clock (T#3),Turnover,Shot Clock Turnover,1,0,165
0042400303,223,PT07M00.00S,2,1610612754,IND,1626167,Turner,M. Turner,0,0,0,,0,,,0,h,Turner P.FOUL (P2.T2) (S.Wright),Foul,Personal,1,0,166
0042400303,225,PT07M00.00S,2,0,,1610612754,,,0,0,0,,0,,,0,h,PACERS Timeout: Regular (Full 2 Short 0),Timeout,Regular,0,0,167
0042400303,226,PT07M00.00S,2,1610612754,IND,204456,McConnell,T. McConnell,0,0,0,,0,,,0,h,SUB: Haliburton FOR McConnell,Substitution,,0,0,168
0042400303,227,PT07M00.00S,2,1610612754,IND,1626167,Turner,M. Turner,0,0,0,,0,,,0,h,SUB: Bradley FOR Turner,Substitution,,0,0,169
0042400303,228,PT07M00.00S,2,1610612754,IND,1627783,Siakam,P. Siakam,0,0,0,,0,,,0,h,SUB: Toppin FOR Siakam,Substitution,,0,0,170
0042400303,229,PT07M00.00S,2,1610612754,IND,1631097,Mathurin,B. Mathurin,0,0,0,,0,,,0,h,SUB: Nesmith FOR Mathurin,Substitution,,0,0,171
0042400303,230,PT07M00.00S,2,1610612752,NYK,1626153,Wright,D. Wright,0,0,0,,0,,,0,v,SUB: Brunson FOR Wright,Substitution,,0,0,172
0042400303,236,PT07M00.00S,2,1610612752,NYK,1629013,Shamet,L. Shamet,0,0,0,,0,,,0,v,SUB: Bridges FOR Shamet,Substitution,,0,0,173
0042400303,238,PT06M51.00S,2,1610612752,NYK,1628973,Brunson,J. Brunson,112,106,15,Missed,1,,,0,v,MISS Brunson 15' Jump Shot,Missed Shot,Jump Shot,1,2,174
0042400303,239,PT06M48.00S,2,1610612754,IND,1630169,Haliburton,T. Haliburton,0,0,0,,0,,,0,h,Haliburton REBOUND (Off:0 Def:3),Rebound,Unknown,1,0,175
0042400303,240,PT06M39.00S,2,1610612752,NYK,1628973,Brunson,J. Brunson,0,0,0,,0,,,0,v,Brunson P.FOUL (P2.T3) (E.Malloy),Foul,Personal,1,0,176
0042400303,242,PT06M29.00S,2,1610612754,IND,1630169,Haliburton,T. Haliburton,80,256,27,Missed,1,,,0,h,MISS Haliburton 27' 3PT Pullup Jump Shot,Missed Shot,Pullup Jump shot,1,3,177
0042400303,243,PT06M24.00S,2,1610612752,NYK,1628404,Hart,J. Hart,0,0,0,,0,,,0,v,Hart REBOUND (Off:0 Def:1),Rebound,Unknown,1,0,178
0042400303,254,PT06M10.00S,2,1610612752,NYK,1626157,Towns,K. Towns,0,0,0,,0,,,0,v,Towns OFF.Foul (P3) (S.Wright),Foul,Offensive,1,0,179
0042400303,255,PT06M10.00S,2,1610612752,NYK,1626157,Towns,K. Towns,0,0,0,,0,,,0,v,Towns Offensive Foul Turnover (P2.T2),Turnover,Offensive Foul Turnover,1,0,180
0042400303,261,PT06M10.00S,2,0,,1610612754,,,0,0,0,,0,,,0,h,PACERS Timeout: Coach Challenge (Full 2 Short 0),Timeout,Coach Challenge,0,0,181
0042400303,248,PT06M10.00S,2,0,,245,,,0,0,0,,0,42,35,77,,Instant Replay2nd Period (8:59 PM EST),Instant Replay,Coach Challenge Overturn Ruling,1,0,182
0042400303,249,PT06M10.00S,2,1610612754,IND,1629614,Nembhard,A. Nembhard,0,0,0,,0,,,0,h,SUB: Sheppard FOR Nembhard,Substitution,,0,0,183
0042400303,250,PT06M10.00S,2,1610612752,NYK,1626157,Towns,K. Towns,0,0,0,,0,,,0,v,SUB: Robinson FOR Towns,Substitution,,0,0,184
0042400303,253,PT05M50.00S,2,1610612754,IND,1630174,Nesmith,A. Nesmith,-44,116,12,Made,1,44,35,79,h,Nesmith 12' Driving Floating Jump Shot (2 PTS),Made Shot,Driving Floating Jump Shot,1,2,185
0042400303,257,PT05M25.00S,2,1610612752,NYK,1628969,Bridges,M. Bridges,-223,22,0,Missed,1,,,0,v,MISS Bridges 3PT Jump Shot,Missed Shot,Jump Shot,1,3,186
0042400303,258,PT05M21.00S,2,1610612754,IND,1630167,Toppin,O. Toppin,0,0,0,,0,,,0,h,Toppin REBOUND (Off:0 Def:2),Rebound,Unknown,1,0,187
0042400303,259,PT05M14.00S,2,1610612754,IND,1630167,Toppin,O. Toppin,-6,22,2,Made,1,46,35,81,h,Toppin 2' Driving Finger Roll Layup (4 PTS) (Haliburton 3 AST),Made Shot,Driving Finger Roll Layup Shot,1,2,188
0042400303,262,PT04M58.00S,2,1610612752,NYK,1628969,Bridges,M. Bridges,-228,20,0,Missed,1,,,0,v,MISS Bridges 3PT Jump Shot,Missed Shot,Jump Shot,1,3,189
0042400303,263,PT04M56.00S,2,1610612752,NYK,1629011,Robinson,M. Robinson,0,0,0,,0,,,0,v,Robinson REBOUND (Off:3 Def:2),Rebound,Unknown,1,0,190
0042400303,264,PT04M54.00S,2,1610612752,NYK,1628384,Anunoby,O. Anunoby,-124,224,26,Missed,1,,,0,v,MISS Anunoby 26' 3PT Jump Shot,Missed Shot,Jump Shot,1,3,191
0042400303,265,PT04M50.00S,2,1610612754,IND,1641767,Sheppard,B. Sheppard,0,0,0,,0,,,0,h,Sheppard REBOUND (Off:0 Def:1),Rebound,Unknown,1,0,192
0042400303,266,PT04M42.00S,2,1610612752,NYK,1628973,Brunson,J. Brunson,0,0,0,,0,,,0,v,Brunson S.FOUL (P3.T4) (S.Foster),Foul,Shooting,1,0,193
0042400303,268,PT04M42.00S,2,1610612754,IND,1630174,Nesmith,A. Nesmith,0,0,0,,0,47,35,82,h,Nesmith Free Throw 1 of 2 (3 PTS),Free Throw,Free Throw 1 of 2,1,0,194
0042400303,269,PT04M42.00S,2,1610612754,IND,1630174,Nesmith,A. Nesmith,0,0,0,,0,48,35,83,h,Nesmith Free Throw 2 of 2 (4 PTS),Free Throw,Free Throw 2 of 2,1,0,195
0042400303,270,PT04M20.00S,2,1610612752,NYK,1628969,Bridges,M. Bridges,-100,75,13,Missed,1,,,0,v,MISS Bridges 13' Fadeaway Jumper,Missed Shot,Fadeaway Jump Shot,1,2,196
0042400303,271,PT04M16.00S,2,1610612754,IND,1630174,Nesmith,A. Nesmith,0,0,0,,0,,,0,h,Nesmith REBOUND (Off:0 Def:4),Rebound,Unknown,1,0,197
0042400303,272,PT04M10.00S,2,1610612754,IND,1630169,Haliburton,T. Haliburton,0,0,0,,0,,,0,h,Haliburton Step Out of Bounds Turnover (P1.T4),Turnover,Step Out of Bounds Turnover,1,0,198
0042400303,273,PT04M04.00S,2,1610612752,NYK,1628973,Brunson,J. Brunson,0,0,0,,0,,,0,v,Brunson Lost Ball Turnover (P1.T3),Turnover,Lost Ball,1,0,199
0042400303,273,PT04M04.00S,2,1610612754,IND,1630169,Haliburton,T. Haliburton,0,0,0,,0,,,0,h,Haliburton STEAL (1 STL),,,1,0,200
0042400303,275,PT03M59.00S,2,1610612754,IND,1630167,Toppin,O. Toppin,0,17,2,Made,1,50,35,85,h,Toppin 2' Running Alley Oop Dunk Shot (6 PTS) (Haliburton 4 AST),Made Shot,Running Alley Oop Dunk Shot,1,2,201
0042400303,277,PT03M48.00S,2,1610612754,IND,1630169,Haliburton,T. Haliburton,0,0,0,,0,,,0,h,Haliburton P.FOUL (P2.T3) (E.Malloy),Foul,Personal,1,0,202
0042400303,279,PT03M43.00S,2,1610612752,NYK,1628973,Brunson,J. Brunson,136,227,26,Missed,1,,,0,v,MISS Brunson 26' 3PT Pullup Jump Shot,Missed Shot,Pullup Jump shot,1,3,203
0042400303,280,PT03M38.00S,2,1610612754,IND,1641767,Sheppard,B. Sheppard,0,0,0,,0,,,0,h,Sheppard REBOUND (Off:0 Def:2),Rebound,Unknown,1,0,204
0042400303,281,PT03M35.00S,2,1610612754,IND,1630169,Haliburton,T. Haliburton,43,267,27,Made,1,53,35,88,h,Haliburton 27' 3PT Running Pull-Up Jump Shot (7 PTS),Made Shot,Running Pull-Up Jump Shot,1,3,205
0042400303,282,PT03M24.00S,2,1610612752,NYK,1628404,Hart,J. Hart,0,0,0,,0,,,0,v,Hart Bad Pass Turnover (P1.T4),Turnover,Bad Pass,1,0,206
0042400303,282,PT03M24.00S,2,1610612754,IND,1630169,Haliburton,T. Haliburton,0,0,0,,0,,,0,h,Haliburton STEAL (2 STL),,,1,0,207
0042400303,284,PT03M20.00S,2,1610612754,IND,1630169,Haliburton,T. Haliburton,0,12,1,Made,1,55,35,90,h,Haliburton 1' Running Dunk (9 PTS),Made Shot,Running Dunk Shot,1,2,208
0042400303,285,PT03M20.00S,2,0,,1610612752,,,0,0,0,,0,,,0,v,Knicks Timeout: Regular (Reg.3 Short 0),Timeout,Regular,0,0,209
0042400303,286,PT03M06.00S,2,1610612752,NYK,1628384,Anunoby,O. Anunoby,-16,4,2,Made,1,55,37,92,v,Anunoby 2' Driving Layup (7 PTS) (Robinson 1 AST),Made Shot,Driving Layup Shot,1,2,210
0042400303,287,PT02M52.00S,2,1610612752,NYK,1629011,Robinson,M. Robinson,0,0,0,,0,,,0,v,Robinson S.FOUL (P1.PN) (S.Foster),Foul,Shooting,1,0,211
0042400303,289,PT02M52.00S,2,1610612754,IND,1630174,Nesmith,A. Nesmith,0,0,0,,0,,,0,h,MISS Nesmith Free Throw 1 of 2,Free Throw,Free Throw 1 of 2,1,0,212
0042400303,290,PT02M52.00S,2,0,,1610612754,,,0,0,0,,0,,,0,h,PACERS Rebound,Rebound,Normal Rebound,0,0,213
0042400303,291,PT02M52.00S,2,1610612754,IND,1630167,Toppin,O. Toppin,0,0,0,,0,,,0,h,SUB: Siakam FOR Toppin,Substitution,,0,0,214
0042400303,293,PT02M52.00S,2,1610612754,IND,1630174,Nesmith,A. Nesmith,0,0,0,,0,56,37,93,h,Nesmith Free Throw 2 of 2 (5 PTS),Free Throw,Free Throw 2 of 2,1,0,215
0042400303,294,PT02M43.00S,2,1610612752,NYK,1629011,Robinson,M. Robinson,0,0,0,,0,,,0,v,Robinson OFF.Foul (P2) (E.Malloy),Foul,Offensive,1,0,216
0042400303,296,PT02M43.00S,2,1610612752,NYK,1629011,Robinson,M. Robinson,0,0,0,,0,,,0,v,Robinson Offensive Foul Turnover (P1.T5),Turnover,Offensive Foul Turnover,1,0,217
0042400303,297,PT02M22.00S,2,1610612754,IND,1628396,Bradley,T. Bradley,225,70,24,Missed,1,,,0,h,MISS Bradley 24' 3PT Jump Shot,Missed Shot,Jump Shot,1,3,218
0042400303,298,PT02M19.00S,2,1610612752,NYK,1628404,Hart,J. Hart,0,0,0,,0,,,0,v,Hart REBOUND (Off:0 Def:2),Rebound,Unknown,1,0,219
0042400303,299,PT02M19.00S,2,1610612754,IND,1641767,Sheppard,B. Sheppard,0,0,0,,0,,,0,h,Sheppard P.FOUL (P3.T4) (E.Malloy),Foul,Personal,1,0,220
0042400303,301,PT02M19.00S,2,1610612754,IND,1641767,Sheppard,B. Sheppard,0,0,0,,0,,,0,h,SUB: Nembhard FOR Sheppard,Substitution,,0,0,221
0042400303,303,PT02M01.00S,2,1610612752,NYK,1628973,Brunson,J. Brunson,-89,109,14,Missed,1,,,0,v,MISS Brunson 14' Pullup Jump Shot,Missed Shot,Pullup Jump shot,1,2,222
0042400303,304,PT01M58.00S,2,1610612752,NYK,1628404,Hart,J. Hart,0,0,0,,0,,,0,v,Hart REBOUND (Off:1 Def:2),Rebound,Unknown,1,0,223
0042400303,305,PT01M56.00S,2,1610612752,NYK,1628384,Anunoby,O. Anunoby,148,198,25,Made,1,56,40,96,v,Anunoby 25' 3PT Pullup Jump Shot (10 PTS) (Hart 2 AST),Made Shot,Pullup Jump shot,1,3,224
0042400303,307,PT01M36.00S,2,1610612752,NYK,1628973,Brunson,J. Brunson,0,0,0,,0,,,0,v,Brunson P.FOUL (P4.PN) (S.Wright),Foul,Personal,1,0,225
0042400303,309,PT01M36.00S,2,1610612754,IND,1629614,Nembhard,A. Nembhard,0,0,0,,0,57,40,97,h,Nembhard Free Throw 1 of 2 (7 PTS),Free Throw,Free Throw 1 of 2,1,0,226
0042400303,310,PT01M36.00S,2,1610612752,NYK,1628973,Brunson,J. Brunson,0,0,0,,0,,,0,v,SUB: Shamet FOR Brunson,Substitution,,0,0,227
0042400303,312,PT01M36.00S,2,1610612754,IND,1629614,Nembhard,A. Nembhard,0,0,0,,0,58,40,98,h,Nembhard Free Throw 2 of 2 (8 PTS),Free Throw,Free Throw 2 of 2,1,0,228
0042400303,313,PT01M17.00S,2,1610612752,NYK,1628404,Hart,J. Hart,64,-2,6,Made,1,58,42,100,v,Hart 6' Turnaround Hook Shot (4 PTS),Made Shot,Turnaround Hook Shot,1,2,229
0042400303,314,PT01M03.00S,2,1610612754,IND,1630169,Haliburton,T. Haliburton,0,0,0,,0,,,0,h,Haliburton Bad Pass Turnover (P2.T5),Turnover,Bad Pass,1,0,230
0042400303,314,PT01M03.00S,2,1610612752,NYK,1629011,Robinson,M. Robinson,0,0,0,,0,,,0,v,Robinson STEAL (1 STL),,,1,0,231
0042400303,316,PT00M59.90S,2,1610612752,NYK,1629013,Shamet,L. Shamet,0,0,0,,0,,,0,v,Shamet Bad Pass Turnover (P1.T6),Turnover,Bad Pass,1,0,232
0042400303,316,PT00M59.90S,2,1610612754,IND,1630174,Nesmith,A. Nesmith,0,0,0,,0,,,0,h,Nesmith STEAL (1 STL),,,1,0,233
0042400303,319,PT00M44.20S,2,1610612754,IND,1627783,Siakam,P. Siakam,123,141,19,Missed,1,,,0,h,MISS Siakam 19' Jump Shot,Missed Shot,Jump Shot,1,2,234
0042400303,320,PT00M41.90S,2,1610612754,IND,1628396,Bradley,T. Bradley,0,0,0,,0,,,0,h,Bradley REBOUND (Off:1 Def:1),Rebound,Unknown,1,0,235
0042400303,321,PT00M30.00S,2,1610612754,IND,1630174,Nesmith,A. Nesmith,207,12,21,Missed,1,,,0,h,MISS Nesmith 21' Pullup Jump Shot,Missed Shot,Pullup Jump shot,1,2,236
0042400303,322,PT00M26.80S,2,1610612752,NYK,1628404,Hart,J. Hart,0,0,0,,0,,,0,v,Hart REBOUND (Off:1 Def:3),Rebound,Unknown,1,0,237
0042400303,323,PT00M05.80S,2,1610612752,NYK,1628969,Bridges,M. Bridges,238,11,24,Made,1,58,45,103,v,Bridges 24' 3PT Jump Shot (7 PTS) (Shamet 2 AST),Made Shot,Jump Shot,1,3,238
0042400303,325,PT00M00.00S,2,1610612754,IND,1630169,Haliburton,T. Haliburton,191,299,35,Missed,1,,,0,h,MISS Haliburton 35' 3PT Driving Floating Jump Shot,Missed Shot,Driving Floating Jump Shot,1,3,239
0042400303,326,PT00M00.00S,2,0,,1610612754,,,0,0,0,,0,,,0,h,PACERS Rebound,Rebound,Unknown,0,0,240
0042400303,327,PT00M00.00S,2,0,,0,,,0,0,0,,0,58,45,103,,End of 2nd Period (9:15 PM EST),period,end,1,0,241
0042400303,334,PT12M00.00S,3,0,,0,,,0,0,0,,0,58,45,103,,Start of 3rd Period (9:31 PM EST),period,start,0,0,242
0042400303,335,PT11M38.00S,3,1610612754,IND,1627783,Siakam,P. Siakam,-168,3,17,Made,1,60,45,105,h,Siakam 17' Fadeaway Jumper (6 PTS) (Turner 3 AST),Made Shot,Fadeaway Jump Shot,1,2,243
0042400303,337,PT11M16.00S,3,1610612754,IND,1626167,Turner,M. Turner,0,0,0,,0,,,0,h,Turner S.FOUL (P3.T1) (S.Foster),Foul,Shooting,1,0,244
0042400303,339,PT11M16.00S,3,1610612752,NYK,1628973,Brunson,J. Brunson,0,0,0,,0,60,46,106,v,Brunson Free Throw 1 of 2 (12 PTS),Free Throw,Free Throw 1 of 2,1,0,245
0042400303,340,PT11M16.00S,3,1610612752,NYK,1628973,Brunson,J. Brunson,0,0,0,,0,60,47,107,v,Brunson Free Throw 2 of 2 (13 PTS),Free Throw,Free Throw 2 of 2,1,0,246
0042400303,341,PT11M04.00S,3,1610612754,IND,1630169,Haliburton,T. Haliburton,240,48,24,Missed,1,,,0,h,MISS Haliburton 24' 3PT Step Back Jump Shot,Missed Shot,Step Back Jump shot,1,3,247
0042400303,342,PT11M01.00S,3,1610612752,NYK,1628973,Brunson,J. Brunson,0,0,0,,0,,,0,v,Brunson REBOUND (Off:0 Def:2),Rebound,Unknown,1,0,248
0042400303,343,PT10M38.00S,3,1610612752,NYK,1628384,Anunoby,O. Anunoby,-39,265,27,Made,1,60,50,110,v,Anunoby 27' 3PT Step Back Jump Shot (13 PTS),Made Shot,Step Back Jump shot,1,3,249
0042400303,344,PT10M22.00S,3,1610612754,IND,1626167,Turner,M. Turner,-21,19,3,Made,1,62,50,112,h,Turner 3' Layup (11 PTS) (Nembhard 2 AST),Made Shot,Layup Shot,1,2,250
0042400303,346,PT09M58.00S,3,1610612752,NYK,1628973,Brunson,J. Brunson,23,155,16,Missed,1,,,0,v,MISS Brunson 16' Turnaround Jump Shot,Missed Shot,Turnaround Jump Shot,1,2,251
0042400303,347,PT09M55.00S,3,1610612754,IND,1630174,Nesmith,A. Nesmith,0,0,0,,0,,,0,h,Nesmith REBOUND (Off:0 Def:5),Rebound,Unknown,1,0,252
0042400303,348,PT09M36.00S,3,1610612754,IND,1627783,Siakam,P. Siakam,55,92,11,Missed,1,,,0,h,MISS Siakam 11' Turnaround Fadeaway Shot,Missed Shot,Turnaround Fadeaway shot,1,2,253
0042400303,349,PT09M35.00S,3,0,,1610612752,,,0,0,0,,0,,,0,v,Knicks Rebound,Rebound,Unknown,1,0,254
0042400303,350,PT09M35.00S,3,1610612754,IND,1630174,Nesmith,A. Nesmith,0,0,0,,0,,,0,h,Nesmith L.B.FOUL (P2.T2) (E.Malloy),Foul,Loose Ball,1,0,255
0042400303,352,PT09M22.00S,3,1610612752,NYK,1628973,Brunson,J. Brunson,-39,83,9,Made,1,62,52,114,v,Brunson 9' Driving Floating Jump Shot (15 PTS),Made Shot,Driving Floating Jump Shot,1,2,256
0042400303,353,PT09M00.00S,3,1610612754,IND,1629614,Nembhard,A. Nembhard,227,5,0,Missed,1,,,0,h,MISS Nembhard 3PT Jump Shot,Missed Shot,Jump Shot,1,3,257
0042400303,354,PT08M56.00S,3,1610612752,NYK,1626157,Towns,K. Towns,0,0,0,,0,,,0,v,Towns REBOUND (Off:1 Def:6),Rebound,Unknown,1,0,258
0042400303,355,PT08M52.00S,3,1610612752,NYK,1628973,Brunson,J. Brunson,0,0,0,,0,,,0,v,Brunson Bad Pass Turnover (P2.T7),Turnover,Bad Pass,1,0,259
0042400303,355,PT08M52.00S,3,1610612754,IND,1630169,Haliburton,T. Haliburton,0,0,0,,0,,,0,h,Haliburton STEAL (3 STL),,,1,0,260
0042400303,357,PT08M48.00S,3,1610612754,IND,1630169,Haliburton,T. Haliburton,140,204,25,Missed,1,,,0,h,MISS Haliburton 25' 3PT Running Pull-Up Jump Shot,Missed Shot,Running Pull-Up Jump Shot,1,3,261
0042400303,358,PT08M45.00S,3,1610612754,IND,1627783,Siakam,P. Siakam,0,0,0,,0,,,0,h,Siakam REBOUND (Off:1 Def:2),Rebound,Unknown,1,0,262
0042400303,359,PT08M45.00S,3,1610612752,NYK,1626157,Towns,K. Towns,0,0,0,,0,,,0,v,Towns S.FOUL (P4.T1) (S.Foster),Foul,Shooting,1,0,263
0042400303,361,PT08M45.00S,3,1610612754,IND,1627783,Siakam,P. Siakam,0,0,0,,0,,,0,h,MISS Siakam Free Throw 1 of 2,Free Throw,Free Throw 1 of 2,1,0,264
0042400303,362,PT08M45.00S,3,0,,1610612754,,,0,0,0,,0,,,0,h,PACERS Rebound,Rebound,Normal Rebound,0,0,265
0042400303,363,PT08M45.00S,3,1610612754,IND,1627783,Siakam,P. Siakam,0,0,0,,0,63,52,115,h,Siakam Free Throw 2 of 2 (7 PTS),Free Throw,Free Throw 2 of 2,1,0,266
0042400303,364,PT08M34.00S,3,1610612752,NYK,1628969,Bridges,M. Bridges,203,139,25,Missed,1,,,0,v,MISS Bridges 25' 3PT Jump Shot,Missed Shot,Jump Shot,1,3,267
0042400303,365,PT08M30.00S,3,1610612754,IND,1630174,Nesmith,A. Nesmith,0,0,0,,0,,,0,h,Nesmith REBOUND (Off:0 Def:6),Rebound,Unknown,1,0,268
0042400303,366,PT08M22.00S,3,1610612754,IND,1630169,Haliburton,T. Haliburton,141,115,18,Made,1,65,52,117,h,Haliburton 18' Pullup Jump Shot (11 PTS),Made Shot,Pullup Jump shot,1,2,269
0042400303,367,PT08M09.00S,3,1610612752,NYK,1628969,Bridges,M. Bridges,0,0,0,,0,,,0,v,Bridges Bad Pass Turnover (P1.T8),Turnover,Bad Pass,1,0,270
0042400303,367,PT08M09.00S,3,1610612754,IND,1630174,Nesmith,A. Nesmith,0,0,0,,0,,,0,h,Nesmith STEAL (2 STL),,,1,0,271
0042400303,369,PT08M02.00S,3,1610612754,IND,1630174,Nesmith,A. Nesmith,-60,246,25,Made,1,68,52,120,h,Nesmith 25' 3PT Jump Shot (8 PTS) (Nembhard 3 AST),Made Shot,Jump Shot,1,3,272
0042400303,371,PT08M00.00S,3,0,,1610612752,,,0,0,0,,0,,,0,v,Knicks Timeout: Regular (Reg.4 Short 0),Timeout,Regular,0,0,273
0042400303,372,PT07M44.00S,3,1610612752,NYK,1628384,Anunoby,O. Anunoby,-214,125,25,Made,1,68,55,123,v,Anunoby 25' 3PT Step Back Jump Shot (16 PTS),Made Shot,Step Back Jump shot,1,3,274
0042400303,373,PT07M15.00S,3,1610612754,IND,1626167,Turner,M. Turner,110,79,14,Missed,1,,,0,h,MISS Turner 14' Pullup Jump Shot,Missed Shot,Pullup Jump shot,1,2,275
0042400303,374,PT07M15.00S,3,0,,1610612754,,,0,0,0,,0,,,0,h,PACERS Rebound,Rebound,Unknown,0,0,276
0042400303,376,PT07M13.00S,3,1610612754,IND,1629614,Nembhard,A. Nembhard,-116,4,12,Missed,1,,,0,h,MISS Nembhard 12' Floating Jump Shot,Missed Shot,Floating Jump shot,1,2,277
0042400303,377,PT07M11.00S,3,1610612752,NYK,1629011,Robinson,M. Robinson,0,0,0,,0,,,0,v,Robinson REBOUND (Off:3 Def:3),Rebound,Unknown,1,0,278
0042400303,379,PT07M00.00S,3,1610612754,IND,1629614,Nembhard,A. Nembhard,0,0,0,,0,,,0,h,Nembhard P.FOUL (P1.T3) (E.Malloy),Foul,Personal,1,0,279
0042400303,381,PT06M48.00S,3,1610612752,NYK,1628973,Brunson,J. Brunson,0,0,0,,0,,,0,v,Brunson Bad Pass Turnover (P3.T9),Turnover,Bad Pass,1,0,280
0042400303,381,PT06M48.00S,3,1610612754,IND,1629614,Nembhard,A. Nembhard,0,0,0,,0,,,0,h,Nembhard STEAL (1 STL),,,1,0,281
0042400303,383,PT06M41.00S,3,1610612754,IND,1627783,Siakam,P. Siakam,0,16,2,Made,1,70,55,125,h,Siakam 2' Driving Dunk (9 PTS) (Haliburton 5 AST),Made Shot,Driving Dunk Shot,1,2,282
0042400303,385,PT06M25.00S,3,1610612752,NYK,1628969,Bridges,M. Bridges,-99,37,11,Made,1,70,57,127,v,Bridges 11' Fadeaway Jumper (9 PTS),Made Shot,Fadeaway Jump Shot,1,2,283
0042400303,387,PT06M06.00S,3,1610612754,IND,1630174,Nesmith,A. Nesmith,0,0,0,,0,,,0,h,SUB: Toppin FOR Nesmith,Substitution,,0,0,284
0042400303,388,PT06M06.00S,3,1610612754,IND,1627783,Siakam,P. Siakam,0,0,0,,0,,,0,h,SUB: Sheppard FOR Siakam,Substitution,,0,0,285
0042400303,391,PT05M58.00S,3,1610612752,NYK,1629011,Robinson,M. Robinson,0,0,0,,0,,,0,v,Robinson S.FOUL (P3.T2) (E.Malloy),Foul,Shooting,1,0,286
0042400303,393,PT05M58.00S,3,1610612754,IND,1626167,Turner,M. Turner,0,0,0,,0,71,57,128,h,Turner Free Throw 1 of 2 (12 PTS),Free Throw,Free Throw 1 of 2,1,0,287
0042400303,394,PT05M58.00S,3,1610612754,IND,1626167,Turner,M. Turner,0,0,0,,0,72,57,129,h,Turner Free Throw 2 of 2 (13 PTS),Free Throw,Free Throw 2 of 2,1,0,288
0042400303,395,PT05M47.00S,3,1610612752,NYK,1628973,Brunson,J. Brunson,-126,243,27,Missed,1,,,0,v,MISS Brunson 27' 3PT Step Back Jump Shot,Missed Shot,Step Back Jump shot,1,3,289
0042400303,396,PT05M42.00S,3,1610612752,NYK,1628969,Bridges,M. Bridges,0,0,0,,0,,,0,v,Bridges REBOUND (Off:1 Def:0),Rebound,Unknown,1,0,290
0042400303,397,PT05M42.00S,3,1610612752,NYK,1628969,Bridges,M. Bridges,50,7,5,Made,1,72,59,131,v,Bridges 5' Putback Layup (11 PTS),Made Shot,Putback Layup Shot,1,2,291
0042400303,398,PT05M30.00S,3,1610612754,IND,1630167,Toppin,O. Toppin,-22,14,3,Missed,1,,,0,h,MISS Toppin 3' Cutting Layup Shot,Missed Shot,Cutting Layup Shot,1,2,292
0042400303,399,PT05M27.00S,3,1610612754,IND,1630167,Toppin,O. Toppin,0,0,0,,0,,,0,h,Toppin REBOUND (Off:1 Def:2),Rebound,Unknown,1,0,293
0042400303,400,PT05M27.00S,3,1610612754,IND,1630167,Toppin,O. Toppin,0,0,0,Missed,1,,,0,h,MISS Toppin Tip Layup Shot,Missed Shot,Tip Layup Shot,1,2,294
0042400303,401,PT05M27.00S,3,1610612752,NYK,1628384,Anunoby,O. Anunoby,0,0,0,,0,,,0,v,Anunoby REBOUND (Off:0 Def:2),Rebound,Unknown,1,0,295
0042400303,402,PT05M21.00S,3,1610612752,NYK,1626157,Towns,K. Towns,-102,264,28,Missed,1,,,0,v,MISS Towns 28' 3PT Jump Shot,Missed Shot,Jump Shot,1,3,296
0042400303,403,PT05M17.00S,3,1610612752,NYK,1628969,Bridges,M. Bridges,0,0,0,,0,,,0,v,Bridges REBOUND (Off:2 Def:0),Rebound,Unknown,1,0,297
0042400303,404,PT05M17.00S,3,1610612752,NYK,1628969,Bridges,M. Bridges,0,0,0,Missed,1,,,0,v,MISS Bridges Tip Layup Shot,Missed Shot,Tip Layup Shot,1,2,298
0042400303,405,PT05M15.00S,3,1610612754,IND,1626167,Turner,M. Turner,0,0,0,,0,,,0,h,Turner REBOUND (Off:1 Def:1),Rebound,Unknown,1,0,299
0042400303,406,PT05M10.00S,3,1610612754,IND,1630167,Toppin,O. Toppin,0,0,0,,0,,,0,h,Toppin Bad Pass Turnover (P1.T6),Turnover,Bad Pass,1,0,300
0042400303,406,PT05M10.00S,3,1610612752,NYK,1628969,Bridges,M. Bridges,0,0,0,,0,,,0,v,Bridges STEAL (2 STL),,,1,0,301
0042400303,408,PT05M07.00S,3,1610612752,NYK,1626157,Towns,K. Towns,0,0,0,,0,,,0,v,Towns Bad Pass Turnover (P3.T10),Turnover,Bad Pass,1,0,302
0042400303,408,PT05M07.00S,3,1610612754,IND,1641767,Sheppard,B. Sheppard,0,0,0,,0,,,0,h,Sheppard STEAL (1 STL),,,1,0,303
0042400303,410,PT05M03.00S,3,1610612754,IND,1630169,Haliburton,T. Haliburton,0,0,0,,0,,,0,h,Haliburton Bad Pass Turnover (P3.T7),Turnover,Bad Pass,1,0,304
0042400303,410,PT05M03.00S,3,1610612752,NYK,1628384,Anunoby,O. Anunoby,0,0,0,,0,,,0,v,Anunoby STEAL (1 STL),,,1,0,305
0042400303,412,PT04M51.00S,3,1610612752,NYK,1626157,Towns,K. Towns,0,0,0,,0,,,0,v,Towns Bad Pass Turnover (P4.T11),Turnover,Bad Pass,1,0,306
0042400303,412,PT04M51.00S,3,1610612754,IND,1641767,Sheppard,B. Sheppard,0,0,0,,0,,,0,h,Sheppard STEAL (2 STL),,,1,0,307
0042400303,414,PT04M46.00S,3,1610612754,IND,1630167,Toppin,O. Toppin,-2,0,0,Made,1,74,59,133,h,Toppin Running Alley Oop Dunk Shot (8 PTS) (Haliburton 6 AST),Made Shot,Running Alley Oop Dunk Shot,1,2,308
0042400303,417,PT04M26.00S,3,1610612752,NYK,1628384,Anunoby,O. Anunoby,0,0,0,,0,,,0,v,SUB: McBride FOR Anunoby,Substitution,,0,0,309
0042400303,418,PT04M26.00S,3,1610612752,NYK,1626157,Towns,K. Towns,0,0,0,,0,,,0,v,SUB: Hart FOR Towns,Substitution,,0,0,310
0042400303,421,PT04M26.00S,3,0,,1610612754,,,0,0,0,,0,,,0,h,PACERS Timeout: Regular (Full 3 Short 0),Timeout,Regular,0,0,311
0042400303,422,PT04M26.00S,3,1610612754,IND,1629614,Nembhard,A. Nembhard,0,0,0,,0,,,0,h,SUB: McConnell FOR Nembhard,Substitution,,0,0,312
0042400303,423,PT04M26.00S,3,1610612754,IND,1626167,Turner,M. Turner,0,0,0,,0,,,0,h,SUB: Bradley FOR Turner,Substitution,,0,0,313
0042400303,426,PT04M21.00S,3,1610612752,NYK,1628969,Bridges,M. Bridges,-17,60,6,Made,1,74,61,135,v,Bridges 6' Fadeaway Jumper (13 PTS),Made Shot,Fadeaway Jump Shot,1,2,314
0042400303,427,PT04M08.00S,3,1610612754,IND,1630169,Haliburton,T. Haliburton,147,82,17,Made,1,76,61,137,h,Haliburton 17' Driving Floating Bank Jump Shot (13 PTS) (Bradley 1 AST),Made Shot,Driving Floating Bank Jump Shot,1,2,315
0042400303,429,PT03M52.00S,3,1610612752,NYK,1628973,Brunson,J. Brunson,-7,18,2,Made,1,76,63,139,v,Brunson 2' Driving Dunk (17 PTS),Made Shot,Driving Dunk Shot,1,2,316
0042400303,430,PT03M26.00S,3,1610612754,IND,1630169,Haliburton,T. Haliburton,-4,221,22,Missed,1,,,0,h,MISS Haliburton 22' Step Back Jump Shot,Missed Shot,Step Back Jump shot,1,2,317
0042400303,431,PT03M24.00S,3,1610612754,IND,204456,McConnell,T. McConnell,0,0,0,,0,,,0,h,McConnell REBOUND (Off:2 Def:1),Rebound,Unknown,1,0,318
0042400303,432,PT03M11.00S,3,1610612754,IND,204456,McConnell,T. McConnell,12,166,17,Made,1,78,63,141,h,McConnell 17' Pullup Jump Shot (12 PTS),Made Shot,Pullup Jump shot,1,2,319
0042400303,434,PT02M55.00S,3,1610612752,NYK,1628973,Brunson,J. Brunson,-43,36,6,Missed,1,,,0,v,MISS Brunson 6' Driving Layup,Missed Shot,Driving Layup Shot,1,2,320
0042400303,435,PT02M53.00S,3,1610612754,IND,1628396,Bradley,T. Bradley,0,0,0,,0,,,0,h,Bradley REBOUND (Off:1 Def:2),Rebound,Unknown,1,0,321
0042400303,436,PT02M40.00S,3,1610612754,IND,204456,McConnell,T. McConnell,0,0,0,,0,,,0,h,McConnell Out of Bounds - Bad Pass Turnover Turnover (P2.T8),Turnover,Out of Bounds - Bad Pass Turnover,1,0,322
0042400303,437,PT02M40.00S,3,1610612754,IND,1630169,Haliburton,T. Haliburton,0,0,0,,0,,,0,h,SUB: Nembhard FOR Haliburton,Substitution,,0,0,323
0042400303,439,PT02M26.00S,3,1610612752,NYK,1628969,Bridges,M. Bridges,129,79,15,Missed,1,,,0,v,MISS Bridges 15' Fadeaway Jumper,Missed Shot,Fadeaway Jump Shot,1,2,324
0042400303,440,PT02M23.00S,3,1610612754,IND,1630167,Toppin,O. Toppin,0,0,0,,0,,,0,h,Toppin REBOUND (Off:1 Def:3),Rebound,Unknown,1,0,325
0042400303,441,PT02M13.00S,3,1610612754,IND,1628396,Bradley,T. Bradley,0,0,0,,0,,,0,h,Bradley OFF.Foul (P2) (S.Foster),Foul,Offensive,1,0,326
0042400303,443,PT02M13.00S,3,1610612754,IND,1628396,Bradley,T. Bradley,0,0,0,,0,,,0,h,Bradley Offensive Foul Turnover (P1.T9),Turnover,Offensive Foul Turnover,1,0,327
0042400303,444,PT02M13.00S,3,1610612752,NYK,1628969,Bridges,M. Bridges,0,0,0,,0,,,0,v,SUB: Shamet FOR Bridges,Substitution,,0,0,328
0042400303,446,PT02M05.00S,3,1610612752,NYK,1630540,McBride,M. McBride,-164,33,17,Made,1,78,65,143,v,McBride 17' Pullup Jump Shot (2 PTS),Made Shot,Pullup Jump shot,1,2,329
0042400303,447,PT01M39.00S,3,1610612754,IND,1630167,Toppin,O. Toppin,0,0,0,,0,,,0,h,Toppin OFF.Foul (P2) (S.Wright),Foul,Offensive,1,0,330
0042400303,449,PT01M39.00S,3,1610612754,IND,1630167,Toppin,O. Toppin,0,0,0,,0,,,0,h,Toppin Offensive Foul Turnover (P2.T10),Turnover,Offensive Foul Turnover,1,0,331
0042400303,450,PT01M39.00S,3,1610612754,IND,1630167,Toppin,O. Toppin,0,0,0,,0,,,0,h,SUB: Siakam FOR Toppin,Substitution,,0,0,332
0042400303,452,PT01M39.00S,3,1610612752,NYK,1628973,Brunson,J. Brunson,0,0,0,,0,,,0,v,SUB: Wright FOR Brunson,Substitution,,0,0,333
0042400303,454,PT01M26.00S,3,1610612754,IND,204456,McConnell,T. McConnell,0,0,0,,0,,,0,h,McConnell S.FOUL (P1.T4) (S.Foster),Foul,Shooting,1,0,334
0042400303,456,PT01M26.00S,3,1610612752,NYK,1630540,McBride,M. McBride,0,0,0,,0,78,66,144,v,McBride Free Throw 1 of 2 (3 PTS),Free Throw,Free Throw 1 of 2,1,0,335
0042400303,457,PT01M26.00S,3,1610612754,IND,1641767,Sheppard,B. Sheppard,0,0,0,,0,,,0,h,SUB: Mathurin FOR Sheppard,Substitution,,0,0,336
0042400303,459,PT01M26.00S,3,1610612752,NYK,1630540,McBride,M. McBride,0,0,0,,0,78,67,145,v,McBride Free Throw 2 of 2 (4 PTS),Free Throw,Free Throw 2 of 2,1,0,337
0042400303,460,PT01M13.00S,3,1610612754,IND,204456,McConnell,T. McConnell,16,31,3,Missed,1,,,0,h,MISS McConnell 3' Driving Reverse Layup,Missed Shot,Driving Reverse Layup Shot,1,2,338
0042400303,460,PT01M13.00S,3,1610612752,NYK,1629011,Robinson,M. Robinson,0,0,0,,0,,,0,v,Robinson BLOCK (1 BLK),,,1,2,339
0042400303,462,PT01M09.00S,3,1610612752,NYK,1628404,Hart,J. Hart,0,0,0,,0,,,0,v,Hart REBOUND (Off:1 Def:4),Rebound,Unknown,1,0,340
0042400303,463,PT00M54.00S,3,1610612752,NYK,1630540,McBride,M. McBride,-167,233,29,Made,1,78,70,148,v,McBride 29' 3PT Pullup Jump Shot (7 PTS),Made Shot,Pullup Jump shot,1,3,341
0042400303,464,PT00M37.30S,3,1610612754,IND,1631097,Mathurin,B. Mathurin,0,0,0,,0,,,0,h,Mathurin OFF.Foul (P1) (S.Wright),Foul,Offensive,1,0,342
0042400303,466,PT00M37.30S,3,1610612754,IND,1631097,Mathurin,B. Mathurin,0,0,0,,0,,,0,h,Mathurin Offensive Foul Turnover (P1.T11),Turnover,Offensive Foul Turnover,1,0,343
0042400303,467,PT00M37.30S,3,1610612754,IND,1628396,Bradley,T. Bradley,0,0,0,,0,,,0,h,SUB: Turner FOR Bradley,Substitution,,0,0,344
0042400303,468,PT00M37.30S,3,1610612752,NYK,1629011,Robinson,M. Robinson,0,0,0,,0,,,0,v,SUB: Towns FOR Robinson,Substitution,,0,0,345
0042400303,471,PT00M29.50S,3,1610612752,NYK,1630540,McBride,M. McBride,0,0,0,,0,,,0,v,McBride Lost Ball Turnover (P1.T12),Turnover,Lost Ball,1,0,346
0042400303,471,PT00M29.50S,3,1610612754,IND,1626167,Turner,M. Turner,0,0,0,,0,,,0,h,Turner STEAL (1 STL),,,1,0,347
0042400303,473,PT00M05.90S,3,1610612754,IND,1626167,Turner,M. Turner,0,27,3,Made,1,80,70,150,h,Turner 3' Dunk (15 PTS) (Mathurin 2 AST),Made Shot,Dunk Shot,1,2,348
0042400303,475,PT00M00.60S,3,1610612752,NYK,1630540,McBride,M. McBride,-223,174,28,Missed,1,,,0,v,MISS McBride 28' 3PT Jump Shot,Missed Shot,Jump Shot,1,3,349
0042400303,476,PT00M00.60S,3,0,,1610612752,,,0,0,0,,0,,,0,v,Knicks Rebound,Rebound,Unknown,0,0,350
0042400303,477,PT00M00.00S,3,0,,0,,,0,0,0,,0,80,70,150,,End of 3rd Period (9:59 PM EST),period,end,1,0,351
0042400303,478,PT12M00.00S,4,0,,0,,,0,0,0,,0,80,70,150,,Start of 4th Period (10:03 PM EST),period,start,0,0,352
0042400303,479,PT11M44.00S,4,1610612752,NYK,1630540,McBride,M. McBride,-16,37,4,Missed,1,,,0,v,MISS McBride 4' Cutting Layup Shot,Missed Shot,Cutting Layup Shot,0,2,353
0042400303,480,PT11M42.00S,4,1610612752,NYK,1628404,Hart,J. Hart,0,0,0,,0,,,0,v,Hart REBOUND (Off:2 Def:4),Rebound,Unknown,0,0,354
0042400303,481,PT11M40.00S,4,1610612752,NYK,1626157,Towns,K. Towns,-78,259,27,Made,1,80,73,153,v,Towns 27' 3PT Jump Shot (7 PTS) (Hart 3 AST),Made Shot,Jump Shot,0,3,355
0042400303,483,PT11M13.00S,4,1610612752,NYK,1628404,Hart,J. Hart,0,0,0,,0,,,0,v,Hart S.FOUL (P2.T1) (E.Malloy),Foul,Shooting,1,0,356
0042400303,485,PT11M13.00S,4,1610612754,IND,1626167,Turner,M. Turner,0,0,0,,0,81,73,154,h,Turner Free Throw 1 of 2 (16 PTS),Free Throw,Free Throw 1 of 2,1,0,357
0042400303,486,PT11M13.00S,4,1610612754,IND,1629614,Nembhard,A. Nembhard,0,0,0,,0,,,0,h,SUB: Sheppard FOR Nembhard,Substitution,,0,0,358
0042400303,488,PT11M13.00S,4,1610612754,IND,1626167,Turner,M. Turner,0,0,0,,0,82,73,155,h,Turner Free Throw 2 of 2 (17 PTS),Free Throw,Free Throw 2 of 2,1,0,359
0042400303,489,PT10M57.00S,4,1610612754,IND,1641767,Sheppard,B. Sheppard,0,0,0,,0,,,0,h,Sheppard P.FOUL (P4.T1) (S.Foster),Foul,Personal,1,0,360
0042400303,491,PT10M47.00S,4,1610612752,NYK,1626157,Towns,K. Towns,32,23,4,Made,1,82,75,157,v,Towns 4' Driving Layup (9 PTS),Made Shot,Driving Layup Shot,1,2,361
0042400303,492,PT10M31.00S,4,1610612754,IND,204456,McConnell,T. McConnell,70,52,9,Missed,1,,,0,h,MISS McConnell 9' Fadeaway Jumper,Missed Shot,Fadeaway Jump Shot,1,2,362
0042400303,493,PT10M29.00S,4,1610612752,NYK,1626157,Towns,K. Towns,0,0,0,,0,,,0,v,Towns REBOUND (Off:1 Def:7),Rebound,Unknown,1,0,363
0042400303,494,PT10M22.00S,4,1610612752,NYK,1626153,Wright,D. Wright,-23,26,3,Made,1,82,77,159,v,Wright 3' Layup (2 PTS) (Towns 1 AST),Made Shot,Layup Shot,1,2,364
0042400303,496,PT10M22.00S,4,0,,1610612754,,,0,0,0,,0,,,0,h,PACERS Timeout: Regular (Full 4 Short 0),Timeout,Regular,0,0,365
0042400303,497,PT10M08.00S,4,1610612754,IND,1641767,Sheppard,B. Sheppard,0,0,0,,0,,,0,h,Sheppard Bad Pass Turnover (P1.T12),Turnover,Bad Pass,1,0,366
0042400303,497,PT10M08.00S,4,1610612752,NYK,1628404,Hart,J. Hart,0,0,0,,0,,,0,v,Hart STEAL (1 STL),,,1,0,367
0042400303,499,PT10M00.00S,4,1610612752,NYK,1626157,Towns,K. Towns,-23,33,4,Made,1,82,79,161,v,Towns 4' Driving Layup (11 PTS) (Hart 4 AST),Made Shot,Driving Layup Shot,1,2,368
0042400303,500,PT10M00.00S,4,1610612754,IND,1626167,Turner,M. Turner,0,0,0,,0,,,0,h,Turner S.FOUL (P4.T2) (S.Wright),Foul,Shooting,1,0,369
0042400303,502,PT10M00.00S,4,1610612754,IND,1631097,Mathurin,B. Mathurin,0,0,0,,0,,,0,h,SUB: Haliburton FOR Mathurin,Substitution,,0,0,370
0042400303,503,PT10M00.00S,4,1610612754,IND,204456,McConnell,T. McConnell,0,0,0,,0,,,0,h,SUB: Nembhard FOR McConnell,Substitution,,0,0,371
0042400303,506,PT10M00.00S,4,1610612752,NYK,1626157,Towns,K. Towns,0,0,0,,0,,,0,v,MISS Towns Free Throw 1 of 1,Free Throw,Free Throw 1 of 1,1,0,372
0042400303,507,PT09M59.00S,4,1610612754,IND,1641767,Sheppard,B. Sheppard,0,0,0,,0,,,0,h,Sheppard REBOUND (Off:0 Def:3),Rebound,Unknown,1,0,373
0042400303,508,PT09M59.00S,4,1610612754,IND,1641767,Sheppard,B. Sheppard,0,0,0,,0,,,0,h,Jump Ball Sheppard vs. McBride: Tip to Shamet,Jump Ball,,1,0,374
0042400303,511,PT09M55.00S,4,1610612754,IND,1641767,Sheppard,B. Sheppard,0,0,0,,0,,,0,h,Sheppard Lost Ball Turnover (P2.T13),Turnover,Lost Ball,1,0,375
0042400303,511,PT09M55.00S,4,1610612752,NYK,1630540,McBride,M. McBride,0,0,0,,0,,,0,v,McBride STEAL (1 STL),,,1,0,376
0042400303,514,PT09M50.00S,4,1610612752,NYK,1630540,McBride,M. McBride,-153,238,28,Missed,1,,,0,v,MISS McBride 28' 3PT Pullup Jump Shot,Missed Shot,Pullup Jump shot,1,3,377
0042400303,515,PT09M46.00S,4,1610612754,IND,1626167,Turner,M. Turner,0,0,0,,0,,,0,h,Turner REBOUND (Off:1 Def:2),Rebound,Unknown,1,0,378
0042400303,516,PT09M26.00S,4,1610612754,IND,1627783,Siakam,P. Siakam,-114,32,12,Made,1,84,79,163,h,Siakam 12' Fadeaway Jumper (11 PTS),Made Shot,Fadeaway Jump Shot,1,2,379
0042400303,517,PT09M26.00S,4,1610612752,NYK,1628404,Hart,J. Hart,0,0,0,,0,,,0,v,Hart S.FOUL (P3.T2) (S.Wright),Foul,Shooting,1,0,380
0042400303,519,PT09M26.00S,4,1610612752,NYK,1629013,Shamet,L. Shamet,0,0,0,,0,,,0,v,SUB: Anunoby FOR Shamet,Substitution,,0,0,381
0042400303,521,PT09M26.00S,4,1610612754,IND,1627783,Siakam,P. Siakam,0,0,0,,0,,,0,h,MISS Siakam Free Throw 1 of 1,Free Throw,Free Throw 1 of 1,1,0,382
0042400303,522,PT09M25.00S,4,1610612752,NYK,1626157,Towns,K. Towns,0,0,0,,0,,,0,v,Towns REBOUND (Off:1 Def:8),Rebound,Unknown,1,0,383
0042400303,523,PT09M06.00S,4,1610612754,IND,1627783,Siakam,P. Siakam,0,0,0,,0,,,0,h,Siakam S.FOUL (P1.T3) (S.Foster),Foul,Shooting,1,0,384
0042400303,525,PT09M06.00S,4,1610612752,NYK,1626157,Towns,K. Towns,0,0,0,,0,84,80,164,v,Towns Free Throw 1 of 2 (12 PTS),Free Throw,Free Throw 1 of 2,1,0,385
0042400303,526,PT09M06.00S,4,1610612752,NYK,1626157,Towns,K. Towns,0,0,0,,0,84,81,165,v,Towns Free Throw 2 of 2 (13 PTS),Free Throw,Free Throw 2 of 2,0,0,386
0042400303,527,PT08M48.00S,4,1610612752,NYK,1628404,Hart,J. Hart,0,0,0,,0,,,0,v,Hart S.FOUL (P4.T3) (S.Wright),Foul,Shooting,1,0,387
0042400303,529,PT08M48.00S,4,1610612754,IND,1629614,Nembhard,A. Nembhard,0,0,0,,0,,,0,h,MISS Nembhard Free Throw 1 of 2,Free Throw,Free Throw 1 of 2,1,0,388
0042400303,530,PT08M48.00S,4,0,,1610612754,,,0,0,0,,0,,,0,h,PACERS Rebound,Rebound,Normal Rebound,0,0,389
0042400303,531,PT08M48.00S,4,1610612752,NYK,1626153,Wright,D. Wright,0,0,0,,0,,,0,v,SUB: Brunson FOR Wright,Substitution,,0,0,390
0042400303,532,PT08M48.00S,4,1610612752,NYK,1630540,McBride,M. McBride,0,0,0,,0,,,0,v,SUB: Bridges FOR McBride,Substitution,,0,0,391
0042400303,535,PT08M48.00S,4,1610612754,IND,1629614,Nembhard,A. Nembhard,0,0,0,,0,85,81,166,h,Nembhard Free Throw 2 of 2 (9 PTS),Free Throw,Free Throw 2 of 2,1,0,392
0042400303,536,PT08M35.00S,4,1610612752,NYK,1626157,Towns,K. Towns,54,254,26,Made,1,85,84,169,v,Towns 26' 3PT Jump Shot (16 PTS) (Anunoby 1 AST),Made Shot,Jump Shot,1,3,393
0042400303,538,PT08M19.00S,4,1610612754,IND,1626167,Turner,M. Turner,49,266,27,Missed,1,,,0,h,MISS Turner 27' 3PT Jump Shot,Missed Shot,Jump Shot,1,3,394
0042400303,539,PT08M15.00S,4,1610612752,NYK,1628404,Hart,J. Hart,0,0,0,,0,,,0,v,Hart REBOUND (Off:2 Def:5),Rebound,Unknown,1,0,395
0042400303,540,PT08M02.00S,4,1610612752,NYK,1626157,Towns,K. Towns,-4,39,4,Made,1,85,86,171,v,Towns 4' Cutting Dunk Shot (18 PTS) (Bridges 1 AST),Made Shot,Cutting Dunk Shot,1,2,396
0042400303,542,PT08M02.00S,4,1610612754,IND,1629614,Nembhard,A. Nembhard,0,0,0,,0,,,0,h,Nembhard S.FOUL (P2.T4) (S.Wright),Foul,Shooting,1,0,397
0042400303,544,PT08M02.00S,4,1610612752,NYK,1626157,Towns,K. Towns,0,0,0,,0,85,87,172,v,Towns Free Throw 1 of 1 (19 PTS),Free Throw,Free Throw 1 of 1,1,0,398
0042400303,545,PT07M53.00S,4,1610612754,IND,1630169,Haliburton,T. Haliburton,-7,257,26,Made,1,88,87,175,h,Haliburton 26' 3PT Pullup Jump Shot (16 PTS),Made Shot,Pullup Jump shot,1,3,399
0042400303,546,PT07M26.00S,4,1610612752,NYK,1628969,Bridges,M. Bridges,-34,47,6,Missed,1,,,0,v,MISS Bridges 6' Driving Finger Roll Layup,Missed Shot,Driving Finger Roll Layup Shot,1,2,400
0042400303,547,PT07M23.00S,4,1610612754,IND,1629614,Nembhard,A. Nembhard,0,0,0,,0,,,0,h,Nembhard REBOUND (Off:0 Def:4),Rebound,Unknown,1,0,401
0042400303,548,PT07M19.00S,4,1610612754,IND,1630169,Haliburton,T. Haliburton,-34,258,26,Missed,1,,,0,h,MISS Haliburton 26' 3PT Pullup Jump Shot,Missed Shot,Pullup Jump shot,1,3,402
0042400303,549,PT07M16.00S,4,1610612752,NYK,1626157,Towns,K. Towns,0,0,0,,0,,,0,v,Towns REBOUND (Off:1 Def:9),Rebound,Unknown,1,0,403
0042400303,550,PT07M10.00S,4,1610612752,NYK,1628973,Brunson,J. Brunson,28,31,4,Made,1,88,89,177,v,Brunson 4' Running Layup (19 PTS),Made Shot,Running Layup Shot,1,2,404
0042400303,551,PT07M03.00S,4,1610612752,NYK,1628973,Brunson,J. Brunson,0,0,0,,0,,,0,v,Brunson P.FOUL (P5.T4) (S.Wright),Foul,Personal,1,0,405
0042400303,553,PT07M03.00S,4,0,,1610612752,,,0,0,0,,0,,,0,v,Knicks Timeout: Regular (Reg.5 Short 0),Timeout,Regular,0,0,406
0042400303,554,PT07M03.00S,4,0,,551,,,0,0,0,,0,88,89,177,,Instant Replay4th Period (10:18 PM EST),Instant Replay,Coach Challenge Ruling Stands,1,0,407
0042400303,555,PT07M03.00S,4,1610612754,IND,1641767,Sheppard,B. Sheppard,0,0,0,,0,,,0,h,SUB: Bradley FOR Sheppard,Substitution,,0,0,408
0042400303,556,PT07M03.00S,4,1610612754,IND,1626167,Turner,M. Turner,0,0,0,,0,,,0,h,SUB: Nesmith FOR Turner,Substitution,,0,0,409
0042400303,557,PT07M03.00S,4,1610612752,NYK,1628973,Brunson,J. Brunson,0,0,0,,0,,,0,v,SUB: McBride FOR Brunson,Substitution,,0,0,410
0042400303,561,PT06M59.00S,4,1610612754,IND,1630174,Nesmith,A. Nesmith,-20,-2,2,Missed,1,,,0,h,MISS Nesmith 2' Driving Layup,Missed Shot,Driving Layup Shot,1,2,411
0042400303,562,PT06M57.00S,4,1610612752,NYK,1626157,Towns,K. Towns,0,0,0,,0,,,0,v,Towns REBOUND (Off:1 Def:10),Rebound,Unknown,1,0,412
0042400303,563,PT06M49.00S,4,1610612752,NYK,1626157,Towns,K. Towns,-5,94,9,Missed,1,,,0,v,MISS Towns 9' Floating Jump Shot,Missed Shot,Floating Jump shot,1,2,413
0042400303,564,PT06M46.00S,4,1610612754,IND,1627783,Siakam,P. Siakam,0,0,0,,0,,,0,h,Siakam REBOUND (Off:1 Def:3),Rebound,Unknown,1,0,414
0042400303,565,PT06M36.00S,4,1610612754,IND,1630169,Haliburton,T. Haliburton,-5,82,8,Missed,1,,,0,h,MISS Haliburton 8' Driving Floating Jump Shot,Missed Shot,Driving Floating Jump Shot,1,2,415
0042400303,566,PT06M33.00S,4,1610612752,NYK,1626157,Towns,K. Towns,0,0,0,,0,,,0,v,Towns REBOUND (Off:1 Def:11),Rebound,Unknown,1,0,416
0042400303,567,PT06M25.00S,4,1610612752,NYK,1626157,Towns,K. Towns,11,293,29,Missed,1,,,0,v,MISS Towns 29' 3PT Jump Shot,Missed Shot,Jump Shot,1,3,417
0042400303,568,PT06M21.00S,4,1610612754,IND,1630169,Haliburton,T. Haliburton,0,0,0,,0,,,0,h,Haliburton REBOUND (Off:0 Def:4),Rebound,Unknown,1,0,418
0042400303,569,PT06M06.00S,4,1610612754,IND,1627783,Siakam,P. Siakam,-115,45,12,Made,1,90,89,179,h,Siakam 12' Fadeaway Jumper (13 PTS) (Haliburton 7 AST),Made Shot,Fadeaway Jump Shot,1,2,419
0042400303,570,PT05M46.00S,4,1610612754,IND,1628396,Bradley,T. Bradley,0,0,0,,0,,,0,h,Bradley S.FOUL (P3.PN) (S.Wright),Foul,Shooting,1,0,420
0042400303,572,PT05M46.00S,4,1610612752,NYK,1626157,Towns,K. Towns,0,0,0,,0,90,90,180,v,Towns Free Throw 1 of 2 (20 PTS),Free Throw,Free Throw 1 of 2,1,0,421
0042400303,573,PT05M46.00S,4,1610612754,IND,1628396,Bradley,T. Bradley,0,0,0,,0,,,0,h,SUB: Turner FOR Bradley,Substitution,,0,0,422
0042400303,575,PT05M46.00S,4,1610612752,NYK,1626157,Towns,K. Towns,0,0,0,,0,90,91,181,v,Towns Free Throw 2 of 2 (21 PTS),Free Throw,Free Throw 2 of 2,1,0,423
0042400303,576,PT05M25.00S,4,1610612754,IND,1627783,Siakam,P. Siakam,175,77,19,Missed,1,,,0,h,MISS Siakam 19' Jump Shot,Missed Shot,Jump Shot,1,2,424
0042400303,577,PT05M22.00S,4,1610612752,NYK,1626157,Towns,K. Towns,0,0,0,,0,,,0,v,Towns REBOUND (Off:1 Def:12),Rebound,Unknown,1,0,425
0042400303,578,PT05M10.00S,4,1610612752,NYK,1626157,Towns,K. Towns,-98,289,31,Made,1,90,94,184,v,Towns 31' 3PT Step Back Jump Shot (24 PTS),Made Shot,Step Back Jump shot,1,3,426
0042400303,579,PT05M07.00S,4,0,,1610612754,,,0,0,0,,0,,,0,h,PACERS Timeout: Regular (Full 5 Short 0),Timeout,Regular,0,0,427
0042400303,580,PT04M57.00S,4,1610612754,IND,1629614,Nembhard,A. Nembhard,-49,75,9,Missed,1,,,0,h,MISS Nembhard 9' Pullup Jump Shot,Missed Shot,Pullup Jump shot,1,2,428
0042400303,581,PT04M54.00S,4,1610612752,NYK,1626157,Towns,K. Towns,0,0,0,,0,,,0,v,Towns REBOUND (Off:1 Def:13),Rebound,Unknown,1,0,429
0042400303,583,PT04M33.00S,4,1610612752,NYK,1626157,Towns,K. Towns,0,0,0,,0,,,0,v,Towns Traveling Turnover (P5.T13),Turnover,Traveling,1,0,430
0042400303,584,PT04M18.00S,4,1610612754,IND,1627783,Siakam,P. Siakam,-120,48,13,Made,1,92,94,186,h,Siakam 13' Turnaround Fadeaway Bank Jump Shot (15 PTS),Made Shot,Turnaround Fadeaway Bank Jump Shot,1,2,431
0042400303,585,PT04M00.00S,4,1610612754,IND,1630174,Nesmith,A. Nesmith,0,0,0,,0,,,0,h,Nesmith P.FOUL (P3.PN) (E.Malloy),Foul,Personal,1,0,432
0042400303,587,PT04M00.00S,4,1610612752,NYK,1628969,Bridges,M. Bridges,0,0,0,,0,92,95,187,v,Bridges Free Throw 1 of 2 (14 PTS),Free Throw,Free Throw 1 of 2,1,0,433
0042400303,588,PT04M00.00S,4,1610612752,NYK,1628969,Bridges,M. Bridges,0,0,0,,0,92,96,188,v,Bridges Free Throw 2 of 2 (15 PTS),Free Throw,Free Throw 2 of 2,1,0,434
0042400303,589,PT03M39.00S,4,1610612754,IND,1630174,Nesmith,A. Nesmith,71,15,7,Missed,1,,,0,h,MISS Nesmith 7' Fadeaway Jumper,Missed Shot,Fadeaway Jump Shot,1,2,435
0042400303,589,PT03M39.00S,4,1610612752,NYK,1628384,Anunoby,O. Anunoby,0,0,0,,0,,,0,v,Anunoby BLOCK (3 BLK),,,1,2,436
0042400303,591,PT03M39.00S,4,0,,1610612754,,,0,0,0,,0,,,0,h,PACERS Rebound,Rebound,Unknown,0,0,437
0042400303,593,PT03M37.00S,4,1610612754,IND,1626167,Turner,M. Turner,217,183,28,Missed,1,,,0,h,MISS Turner 28' 3PT Jump Shot,Missed Shot,Jump Shot,1,3,438
0042400303,594,PT03M36.00S,4,0,,1610612754,,,0,0,0,,0,,,0,h,PACERS Rebound,Rebound,Unknown,0,0,439
0042400303,595,PT03M36.00S,4,0,,1610612754,,,0,0,0,,0,,,0,h,PACERS Turnover: Shot Clock (T#14),Turnover,Shot Clock Turnover,1,0,440
0042400303,599,PT03M19.00S,4,1610612752,NYK,1626157,Towns,K. Towns,0,0,0,,0,,,0,v,Towns Out of Bounds - Bad Pass Turnover Turnover (P6.T14),Turnover,Out of Bounds - Bad Pass Turnover,1,0,441
0042400303,597,PT03M19.00S,4,0,,1610612754,,,0,0,0,,0,,,0,h,PACERS Timeout: Regular (Full 6 Short 0),Timeout,Regular,0,0,442
0042400303,598,PT03M19.00S,4,0,,596,,,0,0,0,,0,92,96,188,,Instant Replay4th Period (10:31 PM EST),Instant Replay,Coach Challenge Overturn Ruling,0,0,443
0042400303,600,PT03M11.00S,4,1610612754,IND,1630169,Haliburton,T. Haliburton,104,142,18,Made,1,94,96,190,h,Haliburton 18' Pullup Jump Shot (18 PTS),Made Shot,Pullup Jump shot,1,2,444
0042400303,602,PT02M51.00S,4,1610612754,IND,1627783,Siakam,P. Siakam,0,0,0,,0,,,0,h,Siakam S.FOUL (P2.PN) (S.Wright),Foul,Shooting,1,0,445
0042400303,604,PT02M51.00S,4,1610612752,NYK,1630540,McBride,M. McBride,0,0,0,,0,94,97,191,v,McBride Free Throw 1 of 2 (8 PTS),Free Throw,Free Throw 1 of 2,1,0,446
0042400303,605,PT02M51.00S,4,1610612752,NYK,1630540,McBride,M. McBride,0,0,0,,0,94,98,192,v,McBride Free Throw 2 of 2 (9 PTS),Free Throw,Free Throw 2 of 2,1,0,447
0042400303,606,PT02M42.00S,4,1610612752,NYK,1626157,Towns,K. Towns,0,0,0,,0,,,0,v,Towns P.FOUL (P5.PN) (S.Foster),Foul,Personal,1,0,448
0042400303,608,PT02M42.00S,4,1610612754,IND,1626167,Turner,M. Turner,0,0,0,,0,95,98,193,h,Turner Free Throw 1 of 2 (18 PTS),Free Throw,Free Throw 1 of 2,1,0,449
0042400303,609,PT02M42.00S,4,1610612754,IND,1626167,Turner,M. Turner,0,0,0,,0,96,98,194,h,Turner Free Throw 2 of 2 (19 PTS),Free Throw,Free Throw 2 of 2,1,0,450
0042400303,610,PT02M26.00S,4,1610612752,NYK,1626157,Towns,K. Towns,-44,70,8,Missed,1,,,0,v,MISS Towns 8' Driving Floating Jump Shot,Missed Shot,Driving Floating Jump Shot,1,2,451
0042400303,617,PT02M26.00S,4,1610612754,IND,1630174,Nesmith,A. Nesmith,0,0,0,,0,,,0,h,Nesmith REBOUND (Off:0 Def:7),Rebound,Unknown,1,0,452
0042400303,611,PT02M02.00S,4,1610612754,IND,1626167,Turner,M. Turner,145,251,29,Missed,1,,,0,h,MISS Turner 29' 3PT Jump Shot,Missed Shot,Jump Shot,1,3,453
0042400303,612,PT01M57.00S,4,1610612752,NYK,1626157,Towns,K. Towns,0,0,0,,0,,,0,v,Towns REBOUND (Off:1 Def:14),Rebound,Unknown,1,0,454
0042400303,613,PT01M47.00S,4,1610612752,NYK,1628969,Bridges,M. Bridges,-29,20,4,Missed,1,,,0,v,MISS Bridges 4' Driving Reverse Layup,Missed Shot,Driving Reverse Layup Shot,1,2,455
0042400303,613,PT01M47.00S,4,1610612754,IND,1626167,Turner,M. Turner,0,0,0,,0,,,0,h,Turner BLOCK (2 BLK),,,1,2,456
0042400303,615,PT01M45.00S,4,1610612752,NYK,1628404,Hart,J. Hart,0,0,0,,0,,,0,v,Hart REBOUND (Off:3 Def:5),Rebound,Unknown,1,0,457
0042400303,642,PT01M44.00S,4,1610612752,NYK,1630540,McBride,M. McBride,243,58,25,Missed,1,,,0,v,MISS McBride 25' 3PT Jump Shot,Missed Shot,Jump Shot,1,3,458
0042400303,643,PT01M44.00S,4,1610612754,IND,1626167,Turner,M. Turner,0,0,0,,0,,,0,h,Turner REBOUND (Off:1 Def:3),Rebound,Unknown,1,0,459
0042400303,616,PT01M37.00S,4,1610612752,NYK,1628384,Anunoby,O. Anunoby,0,0,0,,0,,,0,v,Anunoby S.FOUL (P3.PN) (E.Malloy),Foul,Shooting,1,0,460
0042400303,619,PT01M37.00S,4,1610612754,IND,1627783,Siakam,P. Siakam,0,0,0,,0,97,98,195,h,Siakam Free Throw 1 of 2 (16 PTS),Free Throw,Free Throw 1 of 2,1,0,461
0042400303,620,PT01M37.00S,4,1610612752,NYK,1630540,McBride,M. McBride,0,0,0,,0,,,0,v,SUB: Brunson FOR McBride,Substitution,,0,0,462
0042400303,622,PT01M37.00S,4,1610612754,IND,1627783,Siakam,P. Siakam,0,0,0,,0,98,98,196,h,Siakam Free Throw 2 of 2 (17 PTS),Free Throw,Free Throw 2 of 2,1,0,463
0042400303,624,PT01M17.00S,4,1610612752,NYK,1628973,Brunson,J. Brunson,18,126,13,Made,1,98,100,198,v,Brunson 13' Driving Floating Jump Shot (21 PTS) (Anunoby 2 AST),Made Shot,Driving Floating Jump Shot,1,2,464
0042400303,625,PT01M02.00S,4,1610612754,IND,1630174,Nesmith,A. Nesmith,-125,3,13,Missed,1,,,0,h,MISS Nesmith 13' Driving Floating Jump Shot,Missed Shot,Driving Floating Jump Shot,1,2,465
0042400303,626,PT00M59.40S,4,1610612752,NYK,1628404,Hart,J. Hart,0,0,0,,0,,,0,v,Hart REBOUND (Off:3 Def:6),Rebound,Unknown,1,0,466
0042400303,627,PT00M41.90S,4,1610612752,NYK,1628973,Brunson,J. Brunson,6,64,6,Missed,1,,,0,v,MISS Brunson 6' Driving Layup,Missed Shot,Driving Layup Shot,1,2,467
0042400303,627,PT00M41.90S,4,1610612754,IND,1630174,Nesmith,A. Nesmith,0,0,0,,0,,,0,h,Nesmith BLOCK (1 BLK),,,1,2,468
0042400303,629,PT00M41.10S,4,0,,1610612752,,,0,0,0,,0,,,0,v,Knicks Rebound,Rebound,Unknown,0,0,469
0042400303,631,PT00M38.20S,4,1610612752,NYK,1628973,Brunson,J. Brunson,-56,84,10,Missed,1,,,0,v,MISS Brunson 10' Turnaround Fadeaway Shot,Missed Shot,Turnaround Fadeaway shot,1,2,470
0042400303,632,PT00M37.60S,4,0,,1610612752,,,0,0,0,,0,,,0,v,Knicks Rebound,Rebound,Unknown,0,0,471
0042400303,633,PT00M37.60S,4,0,,1610612752,,,0,0,0,,0,,,0,v,Knicks Turnover: Shot Clock (T#15),Turnover,Shot Clock Turnover,1,0,472
0042400303,634,PT00M37.60S,4,1610612752,NYK,1626157,Towns,K. Towns,0,0,0,,0,,,0,v,SUB: Robinson FOR Towns,Substitution,,0,0,473
0042400303,636,PT00M37.60S,4,1610612752,NYK,1628973,Brunson,J. Brunson,0,0,0,,0,,,0,v,SUB: McBride FOR Brunson,Substitution,,0,0,474
0042400303,638,PT00M22.80S,4,1610612754,IND,1626167,Turner,M. Turner,69,276,28,Missed,1,,,0,h,MISS Turner 28' 3PT Jump Shot,Missed Shot,Jump Shot,1,3,475
0042400303,639,PT00M19.60S,4,0,,1610612752,,,0,0,0,,0,,,0,v,Knicks Rebound,Rebound,Unknown,0,0,476
0042400303,640,PT00M19.60S,4,1610612754,IND,1630174,Nesmith,A. Nesmith,0,0,0,,0,,,0,h,Nesmith L.B.FOUL (P4.PN) (S.Wright),Foul,Loose Ball,1,0,477
0042400303,644,PT00M19.60S,4,1610612752,NYK,1628404,Hart,J. Hart,0,0,0,,0,98,101,199,v,Hart Free Throw 1 of 2 (5 PTS),Free Throw,Free Throw 1 of 2,1,0,478
0042400303,645,PT00M19.60S,4,1610612752,NYK,1628404,Hart,J. Hart,0,0,0,,0,98,102,200,v,Hart Free Throw 2 of 2 (6 PTS),Free Throw,Free Throw 2 of 2,1,0,479
0042400303,646,PT00M09.70S,4,1610612752,NYK,1628969,Bridges,M. Bridges,0,0,0,,0,,,0,v,Bridges P.FOUL (P2.PN) (E.Malloy),Foul,Personal,1,0,480
0042400303,648,PT00M09.70S,4,1610612754,IND,1630169,Haliburton,T. Haliburton,0,0,0,,0,99,102,201,h,Haliburton Free Throw 1 of 2 (19 PTS),Free Throw,Free Throw 1 of 2,1,0,481
0042400303,649,PT00M09.70S,4,1610612752,NYK,1630540,McBride,M. McBride,0,0,0,,0,,,0,v,SUB: Towns FOR McBride,Substitution,,0,0,482
0042400303,651,PT00M09.70S,4,1610612754,IND,1630169,Haliburton,T. Haliburton,0,0,0,,0,100,102,202,h,Haliburton Free Throw 2 of 2 (20 PTS),Free Throw,Free Throw 2 of 2,1,0,483
0042400303,652,PT00M09.70S,4,0,,1610612752,,,0,0,0,,0,,,0,v,Knicks Timeout: Regular (Reg.6 Short 0),Timeout,Regular,0,0,484
0042400303,653,PT00M09.70S,4,1610612754,IND,1626167,Turner,M. Turner,0,0,0,,0,,,0,h,SUB: Sheppard FOR Turner,Substitution,,0,0,485
0042400303,654,PT00M09.70S,4,1610612752,NYK,1629011,Robinson,M. Robinson,0,0,0,,0,,,0,v,SUB: Brunson FOR Robinson,Substitution,,0,0,486
0042400303,658,PT00M08.10S,4,1610612754,IND,1641767,Sheppard,B. Sheppard,0,0,0,,0,,,0,h,Sheppard Personal Take Foul (P5.PN) (E.Malloy),Foul,Personal Take,1,0,487
0042400303,660,PT00M08.10S,4,1610612752,NYK,1628973,Brunson,J. Brunson,0,0,0,,0,100,103,203,v,Brunson Free Throw 1 of 2 (22 PTS),Free Throw,Free Throw 1 of 2,1,0,488
0042400303,661,PT00M08.10S,4,1610612752,NYK,1626157,Towns,K. Towns,0,0,0,,0,,,0,v,SUB: Robinson FOR Towns,Substitution,,0,0,489
0042400303,663,PT00M08.10S,4,1610612754,IND,1641767,Sheppard,B. Sheppard,0,0,0,,0,,,0,h,SUB: Turner FOR Sheppard,Substitution,,0,0,490
0042400303,665,PT00M08.10S,4,1610612752,NYK,1628973,Brunson,J. Brunson,0,0,0,,0,100,104,204,v,Brunson Free Throw 2 of 2 (23 PTS),Free Throw,Free Throw 2 of 2,1,0,491
0042400303,666,PT00M08.10S,4,0,,1610612754,,,0,0,0,,0,,,0,h,PACERS Timeout: Regular (Full 7 Short 0),Timeout,Regular,0,0,492
0042400303,667,PT00M08.10S,4,1610612752,NYK,1628973,Brunson,J. Brunson,0,0,0,,0,,,0,v,SUB: McBride FOR Brunson,Substitution,,0,0,493
0042400303,669,PT00M05.80S,4,1610612754,IND,1627783,Siakam,P. Siakam,-11,293,29,Missed,1,,,0,h,MISS Siakam 29' 3PT Jump Shot,Missed Shot,Jump Shot,1,3,494
0042400303,670,PT00M02.60S,4,1610612752,NYK,1628404,Hart,J. Hart,0,0,0,,0,,,0,v,Hart REBOUND (Off:3 Def:7),Rebound,Unknown,1,0,495
0042400303,671,PT00M02.60S,4,1610612754,IND,1626167,Turner,M. Turner,0,0,0,,0,,,0,h,Turner Personal Take Foul (P5.PN) (E.Malloy),Foul,Personal Take,1,0,496
0042400303,673,PT00M02.60S,4,1610612752,NYK,1628404,Hart,J. Hart,0,0,0,,0,100,105,205,v,Hart Free Throw 1 of 2 (7 PTS),Free Throw,Free Throw 1 of 2,1,0,497
0042400303,674,PT00M02.60S,4,1610612752,NYK,1628404,Hart,J. Hart,0,0,0,,0,100,106,206,v,Hart Free Throw 2 of 2 (8 PTS),Free Throw,Free Throw 2 of 2,1,0,498
0042400303,675,PT00M00.70S,4,1610612754,IND,1629614,Nembhard,A. Nembhard,163,250,30,Missed,1,,,0,h,MISS Nembhard 30' 3PT Pullup Jump Shot,Missed Shot,Pullup Jump shot,1,3,499
0042400303,676,PT00M00.70S,4,0,,1610612754,,,0,0,0,,0,,,0,h,PACERS Rebound,Rebound,Unknown,0,0,500
0042400303,677,PT00M00.00S,4,0,,0,,,0,0,0,,0,100,106,206,,End of 4th Period (10:48 PM EST),period,end,1,0,501
0042400304,2,PT12M00.00S,1,0,,0,,,0,0,0,,0,0,0,0,,Start of 1st Period (8:06 PM EST),period,start,0,0,1
0042400304,4,PT12M00.00S,1,1610612754,IND,1626167,Turner,M. Turner,0,0,0,,0,,,0,h,Jump Ball Turner vs. Robinson: Tip to Brunson,Jump Ball,,1,0,2
0042400304,7,PT11M36.00S,1,1610612752,NYK,1628384,Anunoby,O. Anunoby,131,83,16,Made,1,0,2,2,v,Anunoby 16' Step Back Jump Shot (2 PTS),Made Shot,Step Back Jump shot,1,2,3
0042400304,8,PT11M20.00S,1,1610612754,IND,1626167,Turner,M. Turner,27,33,4,Made,1,2,2,4,h,Turner 4' Driving Layup (2 PTS) (Nesmith 1 AST),Made Shot,Driving Layup Shot,1,2,4
0042400304,10,PT11M20.00S,1,1610612752,NYK,1628969,Bridges,M. Bridges,0,0,0,,0,,,0,v,Bridges S.FOUL (P1.T1) (J.Goble),Foul,Shooting,1,0,5
0042400304,12,PT11M20.00S,1,1610612754,IND,1626167,Turner,M. Turner,0,0,0,,0,3,2,5,h,Turner Free Throw 1 of 1 (3 PTS),Free Throw,Free Throw 1 of 1,1,0,6
0042400304,13,PT11M00.00S,1,1610612752,NYK,1628969,Bridges,M. Bridges,-77,232,24,Made,1,3,5,8,v,Bridges 24' 3PT Jump Shot (3 PTS) (Brunson 1 AST),Made Shot,Jump Shot,1,3,7
0042400304,15,PT10M41.00S,1,1610612754,IND,1627783,Siakam,P. Siakam,-6,58,6,Missed,1,,,0,h,MISS Siakam 6' Driving Floating Jump Shot,Missed Shot,Driving Floating Jump Shot,1,2,8
0042400304,16,PT10M39.00S,1,1610612752,NYK,1626157,Towns,K. Towns,0,0,0,,0,,,0,v,Towns REBOUND (Off:0 Def:1),Rebound,Unknown,1,0,9
0042400304,17,PT10M34.00S,1,1610612752,NYK,1628969,Bridges,M. Bridges,-120,32,12,Missed,1,,,0,v,MISS Bridges 12' Pullup Jump Shot,Missed Shot,Pullup Jump shot,1,2,10
0042400304,18,PT10M30.00S,1,1610612754,IND,1630169,Haliburton,T. Haliburton,0,0,0,,0,,,0,h,Haliburton REBOUND (Off:0 Def:1),Rebound,Unknown,1,0,11
0042400304,19,PT10M26.00S,1,1610612754,IND,1630174,Nesmith,A. Nesmith,233,34,24,Made,1,6,5,11,h,Nesmith 24' 3PT Running Jump Shot (3 PTS) (Haliburton 1 AST),Made Shot,Running Jump Shot,1,3,12
0042400304,21,PT10M08.00S,1,1610612752,NYK,1628973,Brunson,J. Brunson,-10,20,2,Made,1,6,7,13,v,Brunson 2' Driving Floating Jump Shot (2 PTS),Made Shot,Driving Floating Jump Shot,1,2,13
0042400304,22,PT10M01.00S,1,1610612754,IND,1627783,Siakam,P. Siakam,-32,29,4,Made,1,8,7,15,h,Siakam 4' Turnaround Bank Shot (2 PTS) (Haliburton 2 AST),Made Shot,Turnaround Bank shot,1,2,14
0042400304,24,PT09M42.00S,1,1610612752,NYK,1628973,Brunson,J. Brunson,-173,215,28,Missed,1,,,0,v,MISS Brunson 28' 3PT Pullup Jump Shot,Missed Shot,Pullup Jump shot,1,3,15
0042400304,25,PT09M40.00S,1,1610612754,IND,1630169,Haliburton,T. Haliburton,0,0,0,,0,,,0,h,Haliburton REBOUND (Off:0 Def:2),Rebound,Unknown,1,0,16
0042400304,26,PT09M35.00S,1,1610612754,IND,1626167,Turner,M. Turner,-49,268,27,Missed,1,,,0,h,MISS Turner 27' 3PT Running Jump Shot,Missed Shot,Running Jump Shot,1,3,17
0042400304,27,PT09M30.00S,1,1610612752,NYK,1628969,Bridges,M. Bridges,0,0,0,,0,,,0,v,Bridges REBOUND (Off:0 Def:1),Rebound,Unknown,1,0,18
0042400304,28,PT09M22.00S,1,1610612752,NYK,1628384,Anunoby,O. Anunoby,0,0,0,,0,,,0,v,Anunoby Step Out of Bounds Turnover (P1.T1),Turnover,Step Out of Bounds Turnover,1,0,19
0042400304,29,PT09M15.00S,1,1610612754,IND,1630174,Nesmith,A. Nesmith,20,274,27,Made,1,11,7,18,h,Nesmith 27' 3PT Jump Shot (6 PTS) (Haliburton 3 AST),Made Shot,Jump Shot,1,3,20
0042400304,31,PT08M53.00S,1,1610612752,NYK,1626157,Towns,K. Towns,-47,27,5,Made,1,11,9,20,v,Towns 5' Driving Layup (2 PTS) (Bridges 1 AST),Made Shot,Driving Layup Shot,1,2,21
0042400304,32,PT08M46.00S,1,1610612752,NYK,1626157,Towns,K. Towns,0,0,0,,0,,,0,v,Towns S.FOUL (P1.T2) (C.Kirkland),Foul,Shooting,1,0,22
0042400304,34,PT08M46.00S,1,1610612754,IND,1627783,Siakam,P. Siakam,0,0,0,,0,12,9,21,h,Siakam Free Throw 1 of 2 (3 PTS),Free Throw,Free Throw 1 of 2,1,0,23
0042400304,35,PT08M46.00S,1,1610612754,IND,1627783,Siakam,P. Siakam,0,0,0,,0,13,9,22,h,Siakam Free Throw 2 of 2 (4 PTS),Free Throw,Free Throw 2 of 2,1,0,24
0042400304,36,PT08M32.00S,1,1610612752,NYK,1628969,Bridges,M. Bridges,-129,43,14,Missed,1,,,0,v,MISS Bridges 14' Fadeaway Jumper,Missed Shot,Fadeaway Jump Shot,1,2,25
0042400304,37,PT08M28.00S,1,1610612754,IND,1630169,Haliburton,T. Haliburton,0,0,0,,0,,,0,h,Haliburton REBOUND (Off:0 Def:3),Rebound,Unknown,1,0,26
0042400304,38,PT08M22.00S,1,1610612754,IND,1630169,Haliburton,T. Haliburton,213,149,26,Made,1,16,9,25,h,Haliburton 26' 3PT Step Back Jump Shot (3 PTS),Made Shot,Step Back Jump shot,1,3,27
0042400304,39,PT08M14.00S,1,0,,1610612752,,,0,0,0,,0,,,0,v,Knicks Timeout: Regular (Reg.1 Short 0),Timeout,Regular,0,0,28
0042400304,41,PT08M06.00S,1,1610612752,NYK,1629011,Robinson,M. Robinson,23,17,3,Made,1,16,11,27,v,Robinson 3' Alley Oop Dunk (2 PTS) (Brunson 2 AST),Made Shot,Alley Oop Dunk Shot,1,2,29
0042400304,43,PT07M48.00S,1,1610612752,NYK,1626157,Towns,K. Towns,0,0,0,,0,,,0,v,Towns P.FOUL (P2.T3) (C.Kirkland),Foul,Personal,1,0,30
0042400304,45,PT07M48.00S,1,1610612754,IND,1630174,Nesmith,A. Nesmith,0,0,0,,0,,,0,h,SUB: Sheppard FOR Nesmith,Substitution,,0,0,31
0042400304,46,PT07M48.00S,1,1610612752,NYK,1626157,Towns,K. Towns,0,0,0,,0,,,0,v,SUB: Hart FOR Towns,Substitution,,0,0,32
0042400304,49,PT07M39.00S,1,1610612754,IND,1629614,Nembhard,A. Nembhard,-25,23,3,Missed,1,,,0,h,MISS Nembhard 3' Driving Finger Roll Layup,Missed Shot,Driving Finger Roll Layup Shot,1,2,33
0042400304,50,PT07M36.00S,1,1610612752,NYK,1629011,Robinson,M. Robinson,0,0,0,,0,,,0,v,Robinson REBOUND (Off:0 Def:1),Rebound,Unknown,1,0,34
0042400304,51,PT07M31.00S,1,1610612752,NYK,1628384,Anunoby,O. Anunoby,9,-5,1,Made,1,16,13,29,v,Anunoby 1' Running Dunk (4 PTS) (Hart 1 AST),Made Shot,Running Dunk Shot,1,2,35
0042400304,53,PT07M12.00S,1,1610612754,IND,1627783,Siakam,P. Siakam,-56,32,6,Made,1,18,13,31,h,Siakam 6' Turnaround Hook Shot (6 PTS) (Nembhard 1 AST),Made Shot,Turnaround Hook Shot,1,2,36
0042400304,55,PT06M54.00S,1,1610612752,NYK,1628973,Brunson,J. Brunson,-38,124,13,Made,1,18,15,33,v,Brunson 13' Turnaround Fadeaway (4 PTS),Made Shot,Turnaround Fadeaway shot,1,2,37
0042400304,56,PT06M42.00S,1,1610612754,IND,1629614,Nembhard,A. Nembhard,0,0,0,,0,,,0,h,Nembhard Lost Ball Turnover (P1.T1),Turnover,Lost Ball,1,0,38
0042400304,56,PT06M42.00S,1,1610612752,NYK,1629011,Robinson,M. Robinson,0,0,0,,0,,,0,v,Robinson STEAL (1 STL),,,1,0,39
0042400304,58,PT06M33.00S,1,1610612752,NYK,1628969,Bridges,M. Bridges,4,52,5,Made,1,18,17,35,v,Bridges 5' Turnaround Jump Shot (5 PTS),Made Shot,Turnaround Jump Shot,1,2,40
0042400304,59,PT06M33.00S,1,1610612754,IND,1630169,Haliburton,T. Haliburton,0,0,0,,0,,,0,h,Haliburton S.FOUL (P1.T1) (J.Goble),Foul,Shooting,1,0,41
0042400304,61,PT06M33.00S,1,1610612754,IND,1627783,Siakam,P. Siakam,0,0,0,,0,,,0,h,SUB: Toppin FOR Siakam,Substitution,,0,0,42
0042400304,63,PT06M33.00S,1,1610612752,NYK,1628969,Bridges,M. Bridges,0,0,0,,0,18,18,36,v,Bridges Free Throw 1 of 1 (6 PTS),Free Throw,Free Throw 1 of 1,1,0,43
0042400304,64,PT06M22.00S,1,1610612754,IND,1630169,Haliburton,T. Haliburton,138,268,30,Made,1,21,18,39,h,Haliburton 30' 3PT Step Back Jump Shot (6 PTS),Made Shot,Step Back Jump shot,1,3,44
0042400304,66,PT06M10.00S,1,1610612752,NYK,1628973,Brunson,J. Brunson,-29,253,25,Made,1,21,21,42,v,Brunson 25' 3PT Pullup Jump Shot (7 PTS),Made Shot,Pullup Jump shot,1,3,45
0042400304,67,PT05M47.00S,1,1610612754,IND,1630169,Haliburton,T. Haliburton,5,167,17,Made,1,23,21,44,h,Haliburton 17' Step Back Jump Shot (8 PTS) (Toppin 1 AST),Made Shot,Step Back Jump shot,1,2,46
0042400304,68,PT05M28.00S,1,1610612752,NYK,1628973,Brunson,J. Brunson,-83,235,25,Made,1,23,24,47,v,Brunson 25' 3PT Pullup Jump Shot (10 PTS),Made Shot,Pullup Jump shot,1,3,47
0042400304,69,PT05M17.00S,1,1610612752,NYK,1629011,Robinson,M. Robinson,0,0,0,,0,,,0,v,Robinson S.FOUL (P1.T4) (J.Goble),Foul,Shooting,1,0,48
0042400304,71,PT05M17.00S,1,1610612754,IND,1630169,Haliburton,T. Haliburton,0,0,0,,0,24,24,48,h,Haliburton Free Throw 1 of 2 (9 PTS),Free Throw,Free Throw 1 of 2,1,0,49
0042400304,72,PT05M17.00S,1,1610612754,IND,1641767,Sheppard,B. Sheppard,0,0,0,,0,,,0,h,SUB: McConnell FOR Sheppard,Substitution,,0,0,50
0042400304,73,PT05M17.00S,1,1610612752,NYK,1628384,Anunoby,O. Anunoby,0,0,0,,0,,,0,v,SUB: McBride FOR Anunoby,Substitution,,0,0,51
0042400304,76,PT05M17.00S,1,1610612754,IND,1629614,Nembhard,A. Nembhard,0,0,0,,0,,,0,h,SUB: Nesmith FOR Nembhard,Substitution,,0,0,52
0042400304,78,PT05M17.00S,1,1610612754,IND,1630169,Haliburton,T. Haliburton,0,0,0,,0,25,24,49,h,Haliburton Free Throw 2 of 2 (10 PTS),Free Throw,Free Throw 2 of 2,1,0,53
0042400304,80,PT04M59.00S,1,1610612752,NYK,1628973,Brunson,J. Brunson,5,53,5,Missed,1,,,0,v,MISS Brunson 5' Finger Roll Layup,Missed Shot,Finger Roll Layup Shot,1,2,54
0042400304,81,PT04M57.00S,1,1610612754,IND,1630169,Haliburton,T. Haliburton,0,0,0,,0,,,0,h,Haliburton REBOUND (Off:0 Def:4),Rebound,Unknown,1,0,55
0042400304,82,PT04M51.00S,1,1610612754,IND,1630174,Nesmith,A. Nesmith,13,29,3,Made,1,27,24,51,h,Nesmith 3' Running Dunk (8 PTS) (Haliburton 4 AST),Made Shot,Running Dunk Shot,1,2,56
0042400304,84,PT04M44.00S,1,1610612752,NYK,1628969,Bridges,M. Bridges,132,47,14,Missed,1,,,0,v,MISS Bridges 14' Pullup Jump Shot,Missed Shot,Pullup Jump shot,1,2,57
0042400304,85,PT04M43.00S,1,0,,1610612754,,,0,0,0,,0,,,0,h,PACERS Rebound,Rebound,Unknown,0,0,58
0042400304,86,PT04M43.00S,1,1610612752,NYK,1628404,Hart,J. Hart,0,0,0,,0,,,0,v,Hart L.B.FOUL (P1.PN) (J.Goble),Foul,Loose Ball,1,0,59
0042400304,88,PT04M43.00S,1,1610612754,IND,1630169,Haliburton,T. Haliburton,0,0,0,,0,28,24,52,h,Haliburton Free Throw 1 of 2 (11 PTS),Free Throw,Free Throw 1 of 2,1,0,60
0042400304,89,PT04M43.00S,1,1610612752,NYK,1629011,Robinson,M. Robinson,0,0,0,,0,,,0,v,SUB: Achiuwa FOR Robinson,Substitution,,0,0,61
0042400304,91,PT04M43.00S,1,1610612754,IND,1626167,Turner,M. Turner,0,0,0,,0,,,0,h,SUB: Siakam FOR Turner,Substitution,,0,0,62
0042400304,93,PT04M43.00S,1,1610612754,IND,1630169,Haliburton,T. Haliburton,0,0,0,,0,29,24,53,h,Haliburton Free Throw 2 of 2 (12 PTS),Free Throw,Free Throw 2 of 2,1,0,63
0042400304,94,PT04M29.00S,1,1610612752,NYK,1628404,Hart,J. Hart,141,226,27,Made,1,29,27,56,v,Hart 27' 3PT Jump Shot (3 PTS) (Brunson 3 AST),Made Shot,Jump Shot,1,3,64
0042400304,96,PT04M14.00S,1,1610612754,IND,1627783,Siakam,P. Siakam,-9,78,8,Missed,1,,,0,h,MISS Siakam 8' Driving Floating Jump Shot,Missed Shot,Driving Floating Jump Shot,1,2,65
0042400304,97,PT04M13.00S,1,1610612752,NYK,1628404,Hart,J. Hart,0,0,0,,0,,,0,v,Hart REBOUND (Off:0 Def:1),Rebound,Unknown,1,0,66
0042400304,98,PT04M08.00S,1,1610612752,NYK,1628404,Hart,J. Hart,0,0,0,,0,,,0,v,Hart Bad Pass Turnover (P1.T2),Turnover,Bad Pass,1,0,67
0042400304,98,PT04M08.00S,1,1610612754,IND,1630167,Toppin,O. Toppin,0,0,0,,0,,,0,h,Toppin STEAL (1 STL),,,1,0,68
0042400304,100,PT04M04.00S,1,1610612754,IND,1630167,Toppin,O. Toppin,6,22,2,Made,1,31,27,58,h,Toppin 2' Running Dunk (2 PTS) (Haliburton 5 AST),Made Shot,Running Dunk Shot,1,2,69
0042400304,102,PT03M43.00S,1,1610612752,NYK,1628973,Brunson,J. Brunson,-97,37,10,Made,1,31,29,60,v,Brunson 10' Driving Floating Bank Jump Shot (12 PTS),Made Shot,Driving Floating Bank Jump Shot,1,2,70
0042400304,103,PT03M43.00S,1,1610612754,IND,1630167,Toppin,O. Toppin,0,0,0,,0,,,0,h,Toppin S.FOUL (P1.T2) (J.Goble),Foul,Shooting,1,0,71
0042400304,106,PT03M43.00S,1,0,,1610612754,,,0,0,0,,0,,,0,h,PACERS Timeout: Regular (Full 1 Short 0),Timeout,Regular,0,0,72
0042400304,107,PT03M43.00S,1,0,,103,Day,T. Day,0,0,0,,0,31,29,60,,Instant Replay1st Period (8:25 PM EST),Instant Replay,Coach Challenge Ruling Stands,1,0,73
0042400304,108,PT03M43.00S,1,1610612752,NYK,1628973,Brunson,J. Brunson,0,0,0,,0,31,30,61,v,Brunson Free Throw 1 of 1 (13 PTS),Free Throw,Free Throw 1 of 1,1,0,74
0042400304,109,PT03M24.00S,1,1610612754,IND,1630169,Haliburton,T. Haliburton,-48,102,11,Missed,1,,,0,h,MISS Haliburton 11' Driving Floating Jump Shot,Missed Shot,Driving Floating Jump Shot,1,2,75
0042400304,110,PT03M20.00S,1,1610612752,NYK,1630173,Achiuwa,P. Achiuwa,0,0,0,,0,,,0,v,Achiuwa REBOUND (Off:0 Def:1),Rebound,Unknown,1,0,76
0042400304,111,PT03M11.00S,1,1610612752,NYK,1628973,Brunson,J. Brunson,-109,242,27,Missed,1,,,0,v,MISS Brunson 27' 3PT Pullup Jump Shot,Missed Shot,Pullup Jump shot,1,3,77
0042400304,113,PT03M09.00S,1,0,,1610612754,,,0,0,0,,0,,,0,h,PACERS Rebound,Rebound,Unknown,0,0,78
0042400304,114,PT03M03.00S,1,1610612754,IND,1630169,Haliburton,T. Haliburton,115,260,28,Made,1,34,30,64,h,Haliburton 28' 3PT Pullup Jump Shot (15 PTS),Made Shot,Pullup Jump shot,1,3,79
0042400304,116,PT02M38.00S,1,1610612752,NYK,1628969,Bridges,M. Bridges,-31,4,3,Missed,1,,,0,v,MISS Bridges 3' Driving Finger Roll Layup,Missed Shot,Driving Finger Roll Layup Shot,1,2,80
0042400304,117,PT02M36.00S,1,1610612754,IND,1630167,Toppin,O. Toppin,0,0,0,,0,,,0,h,Toppin REBOUND (Off:0 Def:1),Rebound,Unknown,1,0,81
0042400304,118,PT02M32.00S,1,1610612754,IND,1627783,Siakam,P. Siakam,228,13,0,Made,1,37,30,67,h,Siakam 3PT Running Jump Shot (9 PTS) (Haliburton 6 AST),Made Shot,Running Jump Shot,1,3,82
0042400304,120,PT02M19.00S,1,1610612754,IND,1627783,Siakam,P. Siakam,0,0,0,,0,,,0,h,Siakam S.FOUL (P1.T3) (C.Kirkland),Foul,Shooting,1,0,83
0042400304,122,PT02M19.00S,1,1610612752,NYK,1628404,Hart,J. Hart,0,0,0,,0,37,31,68,v,Hart Free Throw 1 of 2 (4 PTS),Free Throw,Free Throw 1 of 2,1,0,84
0042400304,123,PT02M19.00S,1,1610612754,IND,1630167,Toppin,O. Toppin,0,0,0,,0,,,0,h,SUB: Bradley FOR Toppin,Substitution,,0,0,85
0042400304,124,PT02M19.00S,1,1610612752,NYK,1628969,Bridges,M. Bridges,0,0,0,,0,,,0,v,SUB: Robinson FOR Bridges,Substitution,,0,0,86
0042400304,125,PT02M19.00S,1,1610612752,NYK,1630173,Achiuwa,P. Achiuwa,0,0,0,,0,,,0,v,SUB: Anunoby FOR Achiuwa,Substitution,,0,0,87
0042400304,129,PT02M19.00S,1,1610612752,NYK,1628404,Hart,J. Hart,0,0,0,,0,37,32,69,v,Hart Free Throw 2 of 2 (5 PTS),Free Throw,Free Throw 2 of 2,1,0,88
0042400304,130,PT02M06.00S,1,1610612754,IND,1630174,Nesmith,A. Nesmith,58,272,28,Missed,1,,,0,h,MISS Nesmith 28' 3PT Pullup Jump Shot,Missed Shot,Pullup Jump shot,1,3,89
0042400304,131,PT02M02.00S,1,1610612752,NYK,1630540,McBride,M. McBride,0,0,0,,0,,,0,v,McBride REBOUND (Off:0 Def:1),Rebound,Unknown,1,0,90
0042400304,132,PT01M43.00S,1,1610612752,NYK,1628384,Anunoby,O. Anunoby,174,208,27,Missed,1,,,0,v,MISS Anunoby 27' 3PT Pullup Jump Shot,Missed Shot,Pullup Jump shot,1,3,91
0042400304,133,PT01M39.00S,1,1610612754,IND,1630174,Nesmith,A. Nesmith,0,0,0,,0,,,0,h,Nesmith REBOUND (Off:0 Def:1),Rebound,Unknown,1,0,92
0042400304,134,PT01M36.00S,1,1610612754,IND,1630174,Nesmith,A. Nesmith,0,0,0,,0,,,0,h,Nesmith Bad Pass Turnover (P1.T2),Turnover,Bad Pass,1,0,93
0042400304,134,PT01M36.00S,1,1610612752,NYK,1628973,Brunson,J. Brunson,0,0,0,,0,,,0,v,Brunson STEAL (1 STL),,,1,0,94
0042400304,136,PT01M31.00S,1,1610612752,NYK,1628384,Anunoby,O. Anunoby,-154,201,25,Missed,1,,,0,v,MISS Anunoby 25' 3PT Running Jump Shot,Missed Shot,Running Jump Shot,1,3,95
0042400304,137,PT01M28.00S,1,1610612752,NYK,1628404,Hart,J. Hart,0,0,0,,0,,,0,v,Hart REBOUND (Off:1 Def:1),Rebound,Unknown,1,0,96
0042400304,138,PT01M26.00S,1,1610612752,NYK,1628973,Brunson,J. Brunson,-227,14,0,Missed,1,,,0,v,MISS Brunson 3PT Jump Shot,Missed Shot,Jump Shot,1,3,97
0042400304,139,PT01M22.00S,1,1610612754,IND,1630169,Haliburton,T. Haliburton,0,0,0,,0,,,0,h,Haliburton REBOUND (Off:0 Def:5),Rebound,Unknown,1,0,98
0042400304,140,PT01M17.00S,1,1610612754,IND,1627783,Siakam,P. Siakam,21,26,3,Made,1,39,32,71,h,Siakam 3' Running Layup (11 PTS) (McConnell 1 AST),Made Shot,Running Layup Shot,1,2,99
0042400304,141,PT01M04.00S,1,1610612752,NYK,1628973,Brunson,J. Brunson,0,0,0,,0,,,0,v,Brunson Backcourt Turnover (P1.T3),Turnover,Backcourt Turnover,1,0,100
0042400304,143,PT01M04.00S,1,1610612754,IND,1630169,Haliburton,T. Haliburton,0,0,0,,0,,,0,h,SUB: Mathurin FOR Haliburton,Substitution,,0,0,101
0042400304,145,PT01M00.00S,1,1610612754,IND,1631097,Mathurin,B. Mathurin,110,178,21,Made,1,41,32,73,h,Mathurin 21' Pullup Jump Shot (2 PTS),Made Shot,Pullup Jump shot,1,2,102
0042400304,147,PT00M48.90S,1,1610612754,IND,1630174,Nesmith,A. Nesmith,0,0,0,,0,,,0,h,Nesmith P.FOUL (P1.T4) (D.Guthrie),Foul,Personal,1,0,103
0042400304,149,PT00M48.90S,1,1610612754,IND,1630174,Nesmith,A. Nesmith,0,0,0,,0,,,0,h,SUB: Sheppard FOR Nesmith,Substitution,,0,0,104
0042400304,151,PT00M44.30S,1,1610612752,NYK,1630540,McBride,M. McBride,-238,13,24,Made,1,41,35,76,v,McBride 24' 3PT Step Back Jump Shot (3 PTS),Made Shot,Step Back Jump shot,1,3,105
0042400304,152,PT00M30.90S,1,1610612754,IND,1631097,Mathurin,B. Mathurin,-20,21,3,Made,1,43,35,78,h,Mathurin 3' Cutting Finger Roll Layup Shot (4 PTS) (McConnell 2 AST),Made Shot,Cutting Finger Roll Layup Shot,1,2,106
0042400304,154,PT00M12.00S,1,1610612752,NYK,1628404,Hart,J. Hart,0,0,0,,0,,,0,v,Hart Bad Pass Turnover (P2.T4),Turnover,Bad Pass,1,0,107
0042400304,154,PT00M12.00S,1,1610612754,IND,1627783,Siakam,P. Siakam,0,0,0,,0,,,0,h,Siakam STEAL (1 STL),,,1,0,108
0042400304,156,PT00M00.00S,1,1610612754,IND,1627783,Siakam,P. Siakam,-113,149,19,Missed,1,,,0,h,MISS Siakam 19' Jump Shot,Missed Shot,Jump Shot,1,2,109
0042400304,157,PT00M00.00S,1,0,,1610612754,,,0,0,0,,0,,,0,h,PACERS Rebound,Rebound,Unknown,0,0,110
0042400304,158,PT00M00.00S,1,0,,0,,,0,0,0,,0,43,35,78,,End of 1st Period (8:35 PM EST),period,end,1,0,111
0042400304,163,PT12M00.00S,2,0,,0,,,0,0,0,,0,43,35,78,,Start of 2nd Period (8:39 PM EST),period,start,0,0,112
0042400304,164,PT11M46.00S,2,1610612754,IND,1631097,Mathurin,B. Mathurin,16,260,26,Missed,1,,,0,h,MISS Mathurin 26' 3PT Pullup Jump Shot,Missed Shot,Pullup Jump shot,0,3,113
0042400304,165,PT11M42.00S,2,0,,1610612752,,,0,0,0,,0,,,0,v,Knicks Rebound,Rebound,Unknown,0,0,114
0042400304,168,PT11M22.00S,2,1610612752,NYK,1630540,McBride,M. McBride,-222,25,0,Missed,1,,,0,v,MISS McBride 3PT Jump Shot,Missed Shot,Jump Shot,1,3,115
0042400304,169,PT11M19.00S,2,1610612754,IND,1631097,Mathurin,B. Mathurin,0,0,0,,0,,,0,h,Mathurin REBOUND (Off:0 Def:1),Rebound,Unknown,1,0,116
0042400304,170,PT11M06.00S,2,1610612754,IND,1631097,Mathurin,B. Mathurin,-116,54,13,Made,1,45,35,80,h,Mathurin 13' Driving Floating Bank Jump Shot (6 PTS) (Siakam 1 AST),Made Shot,Driving Floating Bank Jump Shot,1,2,117
0042400304,172,PT10M49.00S,2,1610612754,IND,1628396,Bradley,T. Bradley,0,0,0,,0,,,0,h,Bradley P.FOUL (P1.T1) (C.Kirkland),Foul,Personal,1,0,118
0042400304,174,PT10M44.00S,2,1610612752,NYK,1626157,Towns,K. Towns,0,0,0,,0,,,0,v,Towns Lost Ball Turnover (P1.T5),Turnover,Lost Ball,1,0,119
0042400304,174,PT10M44.00S,2,1610612754,IND,204456,McConnell,T. McConnell,0,0,0,,0,,,0,h,McConnell STEAL (1 STL),,,1,0,120
0042400304,176,PT10M39.00S,2,1610612754,IND,1631097,Mathurin,B. Mathurin,-20,22,3,Missed,1,,,0,h,MISS Mathurin 3' Running Finger Roll Layup,Missed Shot,Running Finger Roll Layup Shot,1,2,121
0042400304,177,PT10M34.00S,2,1610612752,NYK,1630540,McBride,M. McBride,0,0,0,,0,,,0,v,McBride REBOUND (Off:0 Def:2),Rebound,Unknown,1,0,122
0042400304,180,PT10M29.00S,2,1610612752,NYK,1626157,Towns,K. Towns,-168,216,27,Made,1,45,38,83,v,Towns 27' 3PT Jump Shot (5 PTS) (Wright 1 AST),Made Shot,Jump Shot,1,3,123
0042400304,182,PT10M18.00S,2,1610612754,IND,204456,McConnell,T. McConnell,34,6,3,Made,1,47,38,85,h,McConnell 3' Driving Layup (2 PTS),Made Shot,Driving Layup Shot,1,2,124
0042400304,183,PT10M13.00S,2,1610612754,IND,1627783,Siakam,P. Siakam,0,0,0,,0,,,0,h,Siakam S.FOUL (P2.T2) (J.Goble),Foul,Shooting,1,0,125
0042400304,185,PT10M13.00S,2,1610612752,NYK,1628384,Anunoby,O. Anunoby,0,0,0,,0,47,39,86,v,Anunoby Free Throw 1 of 2 (5 PTS),Free Throw,Free Throw 1 of 2,1,0,126
0042400304,186,PT10M13.00S,2,1610612754,IND,1628396,Bradley,T. Bradley,0,0,0,,0,,,0,h,SUB: Turner FOR Bradley,Substitution,,0,0,127
0042400304,187,PT10M13.00S,2,1610612754,IND,1627783,Siakam,P. Siakam,0,0,0,,0,,,0,h,SUB: Toppin FOR Siakam,Substitution,,0,0,128
0042400304,188,PT10M13.00S,2,1610612752,NYK,1630540,McBride,M. McBride,0,0,0,,0,,,0,v,SUB: Shamet FOR McBride,Substitution,,0,0,129
0042400304,192,PT10M13.00S,2,1610612752,NYK,1628384,Anunoby,O. Anunoby,0,0,0,,0,47,40,87,v,Anunoby Free Throw 2 of 2 (6 PTS),Free Throw,Free Throw 2 of 2,1,0,130
0042400304,193,PT10M04.00S,2,1610612754,IND,1626167,Turner,M. Turner,0,0,0,,0,,,0,h,Turner OFF.Foul (P1) (D.Guthrie),Foul,Offensive,1,0,131
0042400304,195,PT10M04.00S,2,1610612754,IND,1626167,Turner,M. Turner,0,0,0,,0,,,0,h,Turner Offensive Foul Turnover (P1.T3),Turnover,Offensive Foul Turnover,1,0,132
0042400304,196,PT09M49.00S,2,1610612752,NYK,1628384,Anunoby,O. Anunoby,-20,172,17,Made,1,47,42,89,v,Anunoby 17' Step Back Jump Shot (8 PTS) (Shamet 1 AST),Made Shot,Step Back Jump shot,0,2,133
0042400304,198,PT09M29.00S,2,1610612754,IND,1641767,Sheppard,B. Sheppard,9,16,2,Made,1,49,42,91,h,Sheppard 2' Cutting Layup Shot (2 PTS) (Turner 1 AST),Made Shot,Cutting Layup Shot,1,2,134
0042400304,200,PT09M23.00S,2,0,,1610612752,,,0,0,0,,0,,,0,v,Knicks Timeout: Regular (Reg.2 Short 0),Timeout,Regular,0,0,135
0042400304,201,PT09M06.00S,2,1610612752,NYK,1626157,Towns,K. Towns,-16,0,2,Made,1,49,44,93,v,Towns 2' Driving Reverse Layup (7 PTS),Made Shot,Driving Reverse Layup Shot,1,2,136
0042400304,202,PT08M57.00S,2,1610612752,NYK,1629013,Shamet,L. Shamet,0,0,0,,0,,,0,v,Shamet P.FOUL (P1.T1) (J.Goble),Foul,Personal,1,0,137
0042400304,204,PT08M48.00S,2,1610612754,IND,1626167,Turner,M. Turner,1,190,19,Missed,1,,,0,h,MISS Turner 19' Jump Shot,Missed Shot,Jump Shot,1,2,138
0042400304,205,PT08M44.00S,2,1610612752,NYK,1628404,Hart,J. Hart,0,0,0,,0,,,0,v,Hart REBOUND (Off:1 Def:2),Rebound,Unknown,1,0,139
0042400304,206,PT08M36.00S,2,1610612754,IND,1626167,Turner,M. Turner,0,0,0,,0,,,0,h,Turner S.FOUL (P2.T3) (J.Goble),Foul,Shooting,1,0,140
0042400304,208,PT08M36.00S,2,1610612752,NYK,1626157,Towns,K. Towns,0,0,0,,0,49,45,94,v,Towns Free Throw 1 of 2 (8 PTS),Free Throw,Free Throw 1 of 2,1,0,141
0042400304,209,PT08M36.00S,2,1610612754,IND,1626167,Turner,M. Turner,0,0,0,,0,,,0,h,SUB: Siakam FOR Turner,Substitution,,0,0,142
0042400304,211,PT08M36.00S,2,1610612752,NYK,1626157,Towns,K. Towns,0,0,0,,0,49,46,95,v,Towns Free Throw 2 of 2 (9 PTS),Free Throw,Free Throw 2 of 2,1,0,143
0042400304,212,PT08M31.00S,2,1610612754,IND,204456,McConnell,T. McConnell,17,55,6,Missed,1,,,0,h,MISS McConnell 6' Driving Layup,Missed Shot,Driving Layup Shot,1,2,144
0042400304,212,PT08M31.00S,2,1610612752,NYK,1626153,Wright,D. Wright,0,0,0,,0,,,0,v,Wright BLOCK (1 BLK),,,1,2,145
0042400304,214,PT08M28.00S,2,1610612752,NYK,1628384,Anunoby,O. Anunoby,0,0,0,,0,,,0,v,Anunoby REBOUND (Off:0 Def:1),Rebound,Unknown,1,0,146
0042400304,215,PT08M26.00S,2,1610612752,NYK,1626153,Wright,D. Wright,0,0,0,,0,,,0,v,Wright Double Dribble Turnover (P1.T6),Turnover,Double Dribble,1,0,147
0042400304,216,PT08M10.00S,2,1610612752,NYK,1628384,Anunoby,O. Anunoby,0,0,0,,0,,,0,v,Anunoby S.FOUL (P1.T2) (D.Guthrie),Foul,Shooting,1,0,148
0042400304,218,PT08M10.00S,2,1610612754,IND,1631097,Mathurin,B. Mathurin,0,0,0,,0,50,46,96,h,Mathurin Free Throw 1 of 2 (7 PTS),Free Throw,Free Throw 1 of 2,1,0,149
0042400304,219,PT08M10.00S,2,1610612754,IND,1631097,Mathurin,B. Mathurin,0,0,0,,0,51,46,97,h,Mathurin Free Throw 2 of 2 (8 PTS),Free Throw,Free Throw 2 of 2,1,0,150
0042400304,220,PT07M48.00S,2,1610612752,NYK,1626153,Wright,D. Wright,234,40,24,Made,1,51,49,100,v,Wright 24' 3PT Jump Shot (3 PTS) (Anunoby 1 AST),Made Shot,Jump Shot,1,3,151
0042400304,223,PT07M31.00S,2,1610612754,IND,1627783,Siakam,P. Siakam,0,0,0,,0,,,0,h,Siakam Bad Pass Turnover (P1.T4),Turnover,Bad Pass,1,0,152
0042400304,223,PT07M31.00S,2,1610612752,NYK,1628384,Anunoby,O. Anunoby,0,0,0,,0,,,0,v,Anunoby STEAL (1 STL),,,1,0,153
0042400304,225,PT07M19.00S,2,1610612752,NYK,1628384,Anunoby,O. Anunoby,20,22,3,Made,1,51,51,102,v,Anunoby 3' Driving Layup (10 PTS),Made Shot,Driving Layup Shot,1,2,154
0042400304,226,PT07M19.00S,2,0,,1610612754,,,0,0,0,,0,,,0,h,PACERS Timeout: Regular (Full 2 Short 0),Timeout,Regular,0,0,155
0042400304,227,PT07M19.00S,2,1610612754,IND,1631097,Mathurin,B. Mathurin,0,0,0,,0,,,0,h,SUB: Nesmith FOR Mathurin,Substitution,,0,0,156
0042400304,228,PT07M19.00S,2,1610612754,IND,204456,McConnell,T. McConnell,0,0,0,,0,,,0,h,SUB: Turner FOR McConnell,Substitution,,0,0,157
0042400304,229,PT07M19.00S,2,1610612754,IND,1641767,Sheppard,B. Sheppard,0,0,0,,0,,,0,h,SUB: Nembhard FOR Sheppard,Substitution,,0,0,158
0042400304,230,PT07M19.00S,2,1610612754,IND,1627783,Siakam,P. Siakam,0,0,0,,0,,,0,h,SUB: Haliburton FOR Siakam,Substitution,,0,0,159
0042400304,235,PT06M58.00S,2,1610612754,IND,1629614,Nembhard,A. Nembhard,-44,169,17,Missed,1,,,0,h,MISS Nembhard 17' Step Back Jump Shot,Missed Shot,Step Back Jump shot,1,2,160
0042400304,236,PT06M54.00S,2,1610612752,NYK,1626157,Towns,K. Towns,0,0,0,,0,,,0,v,Towns REBOUND (Off:0 Def:2),Rebound,Unknown,1,0,161
0042400304,237,PT06M45.00S,2,1610612752,NYK,1628404,Hart,J. Hart,0,0,0,,0,,,0,v,Hart Bad Pass Turnover (P3.T7),Turnover,Bad Pass,1,0,162
0042400304,237,PT06M45.00S,2,1610612754,IND,1630174,Nesmith,A. Nesmith,0,0,0,,0,,,0,h,Nesmith STEAL (1 STL),,,1,0,163
0042400304,239,PT06M36.00S,2,1610612754,IND,1629614,Nembhard,A. Nembhard,-29,36,5,Missed,1,,,0,h,MISS Nembhard 5' Driving Finger Roll Layup,Missed Shot,Driving Finger Roll Layup Shot,1,2,164
0042400304,239,PT06M36.00S,2,1610612752,NYK,1628384,Anunoby,O. Anunoby,0,0,0,,0,,,0,v,Anunoby BLOCK (1 BLK),,,1,2,165
0042400304,241,PT06M31.00S,2,1610612752,NYK,1626157,Towns,K. Towns,0,0,0,,0,,,0,v,Towns REBOUND (Off:0 Def:3),Rebound,Unknown,1,0,166
0042400304,242,PT06M14.00S,2,1610612752,NYK,1628404,Hart,J. Hart,-173,208,27,Missed,1,,,0,v,MISS Hart 27' 3PT Pullup Jump Shot,Missed Shot,Pullup Jump shot,1,3,167
0042400304,243,PT06M11.00S,2,1610612754,IND,1630167,Toppin,O. Toppin,0,0,0,,0,,,0,h,Toppin REBOUND (Off:0 Def:2),Rebound,Unknown,1,0,168
0042400304,244,PT06M06.00S,2,1610612754,IND,1630167,Toppin,O. Toppin,134,206,25,Missed,1,,,0,h,MISS Toppin 25' 3PT Running Jump Shot,Missed Shot,Running Jump Shot,1,3,169
0042400304,245,PT06M03.00S,2,1610612752,NYK,1628404,Hart,J. Hart,0,0,0,,0,,,0,v,Hart REBOUND (Off:1 Def:3),Rebound,Unknown,1,0,170
0042400304,246,PT05M42.00S,2,1610612754,IND,1630167,Toppin,O. Toppin,0,0,0,,0,,,0,h,Toppin S.FOUL (P2.T4) (D.Guthrie),Foul,Shooting,1,0,171
0042400304,248,PT05M42.00S,2,1610612752,NYK,1626157,Towns,K. Towns,0,0,0,,0,,,0,v,MISS Towns Free Throw 1 of 2,Free Throw,Free Throw 1 of 2,1,0,172
0042400304,249,PT05M42.00S,2,0,,1610612752,,,0,0,0,,0,,,0,v,Knicks Rebound,Rebound,Normal Rebound,0,0,173
0042400304,250,PT05M42.00S,2,1610612752,NYK,1626157,Towns,K. Towns,0,0,0,,0,51,52,103,v,Towns Free Throw 2 of 2 (10 PTS),Free Throw,Free Throw 2 of 2,1,0,174
0042400304,252,PT05M40.00S,2,1610612754,IND,1626167,Turner,M. Turner,0,0,0,,0,,,0,h,Turner Bad Pass Turnover (P2.T5),Turnover,Bad Pass,1,0,175
0042400304,252,PT05M40.00S,2,1610612752,NYK,1626153,Wright,D. Wright,0,0,0,,0,,,0,v,Wright STEAL (1 STL),,,1,0,176
0042400304,255,PT05M38.00S,2,1610612752,NYK,1626153,Wright,D. Wright,16,24,3,Missed,1,,,0,v,MISS Wright 3' Reverse Layup,Missed Shot,Reverse Layup Shot,1,2,177
0042400304,256,PT05M36.00S,2,1610612754,IND,1630169,Haliburton,T. Haliburton,0,0,0,,0,,,0,h,Haliburton REBOUND (Off:0 Def:6),Rebound,Unknown,1,0,178
0042400304,257,PT05M33.00S,2,1610612754,IND,1630169,Haliburton,T. Haliburton,-157,244,29,Made,1,54,52,106,h,Haliburton 29' 3PT Running Pull-Up Jump Shot (18 PTS),Made Shot,Running Pull-Up Jump Shot,1,3,179
0042400304,258,PT05M15.00S,2,1610612752,NYK,1628384,Anunoby,O. Anunoby,-235,5,24,Missed,1,,,0,v,MISS Anunoby 24' 3PT Jump Shot,Missed Shot,Jump Shot,1,3,180
0042400304,259,PT05M13.00S,2,1610612754,IND,1630169,Haliburton,T. Haliburton,0,0,0,,0,,,0,h,Haliburton REBOUND (Off:0 Def:7),Rebound,Unknown,1,0,181
0042400304,260,PT05M02.00S,2,1610612754,IND,1630169,Haliburton,T. Haliburton,-103,248,27,Missed,1,,,0,h,MISS Haliburton 27' 3PT Pullup Jump Shot,Missed Shot,Pullup Jump shot,1,3,182
0042400304,261,PT04M58.00S,2,1610612752,NYK,1628404,Hart,J. Hart,0,0,0,,0,,,0,v,Hart REBOUND (Off:1 Def:4),Rebound,Unknown,1,0,183
0042400304,262,PT04M53.00S,2,1610612754,IND,1629614,Nembhard,A. Nembhard,0,0,0,,0,,,0,h,Nembhard P.FOUL (P1.PN) (D.Guthrie),Foul,Personal,1,0,184
0042400304,264,PT04M53.00S,2,1610612752,NYK,1626157,Towns,K. Towns,0,0,0,,0,54,53,107,v,Towns Free Throw 1 of 2 (11 PTS),Free Throw,Free Throw 1 of 2,1,0,185
0042400304,265,PT04M53.00S,2,1610612754,IND,1630167,Toppin,O. Toppin,0,0,0,,0,,,0,h,SUB: Siakam FOR Toppin,Substitution,,0,0,186
0042400304,266,PT04M53.00S,2,1610612752,NYK,1626153,Wright,D. Wright,0,0,0,,0,,,0,v,SUB: Brunson FOR Wright,Substitution,,0,0,187
0042400304,267,PT04M53.00S,2,1610612752,NYK,1629013,Shamet,L. Shamet,0,0,0,,0,,,0,v,SUB: Bridges FOR Shamet,Substitution,,0,0,188
0042400304,271,PT04M53.00S,2,1610612752,NYK,1626157,Towns,K. Towns,0,0,0,,0,54,54,108,v,Towns Free Throw 2 of 2 (12 PTS),Free Throw,Free Throw 2 of 2,1,0,189
0042400304,272,PT04M43.00S,2,1610612754,IND,1630169,Haliburton,T. Haliburton,25,16,3,Made,1,56,54,110,h,Haliburton 3' Driving Finger Roll Layup (20 PTS),Made Shot,Driving Finger Roll Layup Shot,1,2,190
0042400304,273,PT04M20.00S,2,1610612752,NYK,1626157,Towns,K. Towns,-18,62,6,Missed,1,,,0,v,MISS Towns 6' Driving Layup,Missed Shot,Driving Layup Shot,1,2,191
0042400304,273,PT04M20.00S,2,1610612754,IND,1626167,Turner,M. Turner,0,0,0,,0,,,0,h,Turner BLOCK (1 BLK),,,1,2,192
0042400304,275,PT04M17.00S,2,1610612752,NYK,1626157,Towns,K. Towns,0,0,0,,0,,,0,v,Towns REBOUND (Off:1 Def:3),Rebound,Unknown,1,0,193
0042400304,276,PT04M17.00S,2,1610612752,NYK,1626157,Towns,K. Towns,-10,16,2,Made,1,56,56,112,v,Towns 2' Putback Layup (14 PTS),Made Shot,Putback Layup Shot,1,2,194
0042400304,277,PT04M04.00S,2,1610612754,IND,1630169,Haliburton,T. Haliburton,18,37,4,Missed,1,,,0,h,MISS Haliburton 4' Driving Layup,Missed Shot,Driving Layup Shot,1,2,195
0042400304,278,PT04M02.00S,2,1610612752,NYK,1628404,Hart,J. Hart,0,0,0,,0,,,0,v,Hart REBOUND (Off:1 Def:5),Rebound,Unknown,1,0,196
0042400304,279,PT03M57.00S,2,1610612752,NYK,1628973,Brunson,J. Brunson,-23,16,3,Missed,1,,,0,v,MISS Brunson 3' Cutting Layup Shot,Missed Shot,Cutting Layup Shot,1,2,197
0042400304,280,PT03M55.00S,2,1610612754,IND,1629614,Nembhard,A. Nembhard,0,0,0,,0,,,0,h,Nembhard REBOUND (Off:0 Def:1),Rebound,Unknown,1,0,198
0042400304,281,PT03M48.00S,2,1610612752,NYK,1628384,Anunoby,O. Anunoby,0,0,0,,0,,,0,v,Anunoby P.FOUL (P2.T3) (J.Goble),Foul,Personal,1,0,199
0042400304,283,PT03M39.00S,2,1610612754,IND,1626167,Turner,M. Turner,-13,21,2,Made,1,58,56,114,h,Turner 2' Driving Layup (5 PTS),Made Shot,Driving Layup Shot,1,2,200
0042400304,284,PT03M25.00S,2,1610612752,NYK,1628404,Hart,J. Hart,0,0,0,,0,,,0,v,Hart Bad Pass Turnover (P4.T8),Turnover,Bad Pass,1,0,201
0042400304,284,PT03M25.00S,2,1610612754,IND,1629614,Nembhard,A. Nembhard,0,0,0,,0,,,0,h,Nembhard STEAL (1 STL),,,1,0,202
0042400304,286,PT03M18.00S,2,1610612754,IND,1627783,Siakam,P. Siakam,27,20,3,Made,1,60,56,116,h,Siakam 3' Running Layup (13 PTS) (Haliburton 7 AST),Made Shot,Running Layup Shot,1,2,203
0042400304,288,PT03M01.00S,2,1610612752,NYK,1628969,Bridges,M. Bridges,0,0,0,,0,,,0,v,Bridges Lost Ball Turnover (P1.T9),Turnover,Lost Ball,1,0,204
0042400304,288,PT03M01.00S,2,1610612754,IND,1630174,Nesmith,A. Nesmith,0,0,0,,0,,,0,h,Nesmith STEAL (2 STL),,,1,0,205
0042400304,290,PT02M57.00S,2,1610612754,IND,1630169,Haliburton,T. Haliburton,114,275,30,Missed,1,,,0,h,MISS Haliburton 30' 3PT Running Pull-Up Jump Shot,Missed Shot,Running Pull-Up Jump Shot,1,3,206
0042400304,291,PT02M52.00S,2,1610612752,NYK,1628969,Bridges,M. Bridges,0,0,0,,0,,,0,v,Bridges REBOUND (Off:0 Def:2),Rebound,Unknown,1,0,207
0042400304,292,PT02M47.00S,2,1610612752,NYK,1628973,Brunson,J. Brunson,21,17,3,Missed,1,,,0,v,MISS Brunson 3' Running Layup,Missed Shot,Running Layup Shot,1,2,208
0042400304,293,PT02M44.00S,2,1610612752,NYK,1628404,Hart,J. Hart,0,0,0,,0,,,0,v,Hart REBOUND (Off:2 Def:5),Rebound,Unknown,1,0,209
0042400304,294,PT02M44.00S,2,1610612752,NYK,1628404,Hart,J. Hart,0,0,0,Made,1,60,58,118,v,Hart Putback Layup (7 PTS),Made Shot,Putback Layup Shot,1,2,210
0042400304,295,PT02M22.00S,2,1610612754,IND,1630169,Haliburton,T. Haliburton,-43,268,27,Missed,1,,,0,h,MISS Haliburton 27' 3PT Pullup Jump Shot,Missed Shot,Pullup Jump shot,1,3,211
0042400304,296,PT02M19.00S,2,1610612752,NYK,1628384,Anunoby,O. Anunoby,0,0,0,,0,,,0,v,Anunoby REBOUND (Off:0 Def:2),Rebound,Unknown,1,0,212
0042400304,297,PT02M12.00S,2,1610612752,NYK,1628384,Anunoby,O. Anunoby,38,30,5,Made,1,60,60,120,v,Anunoby 5' Driving Layup (12 PTS) (Brunson 4 AST),Made Shot,Driving Layup Shot,1,2,213
0042400304,299,PT02M12.00S,2,1610612754,IND,1629614,Nembhard,A. Nembhard,0,0,0,,0,,,0,h,Nembhard S.FOUL (P2.PN) (J.Goble),Foul,Shooting,1,0,214
0042400304,301,PT02M12.00S,2,1610612752,NYK,1626157,Towns,K. Towns,0,0,0,,0,,,0,v,SUB: Robinson FOR Towns,Substitution,,0,0,215
0042400304,303,PT02M12.00S,2,1610612754,IND,1626167,Turner,M. Turner,0,0,0,,0,,,0,h,SUB: Bradley FOR Turner,Substitution,,0,0,216
0042400304,305,PT02M12.00S,2,1610612752,NYK,1628384,Anunoby,O. Anunoby,0,0,0,,0,60,61,121,v,Anunoby Free Throw 1 of 1 (13 PTS),Free Throw,Free Throw 1 of 1,1,0,217
0042400304,306,PT02M03.00S,2,1610612754,IND,1629614,Nembhard,A. Nembhard,-234,117,26,Made,1,63,61,124,h,Nembhard 26' 3PT Jump Shot (3 PTS) (Haliburton 8 AST),Made Shot,Jump Shot,1,3,218
0042400304,308,PT01M45.00S,2,1610612752,NYK,1628973,Brunson,J. Brunson,-47,41,6,Made,1,63,63,126,v,Brunson 6' Driving Layup (15 PTS),Made Shot,Driving Layup Shot,1,2,219
0042400304,309,PT01M45.00S,2,1610612754,IND,1630174,Nesmith,A. Nesmith,0,0,0,,0,,,0,h,Nesmith S.FOUL (P2.PN) (C.Kirkland),Foul,Shooting,1,0,220
0042400304,311,PT01M45.00S,2,1610612752,NYK,1628973,Brunson,J. Brunson,0,0,0,,0,63,64,127,v,Brunson Free Throw 1 of 1 (16 PTS),Free Throw,Free Throw 1 of 1,1,0,221
0042400304,312,PT01M34.00S,2,1610612754,IND,1630169,Haliburton,T. Haliburton,152,149,21,Missed,1,,,0,h,MISS Haliburton 21' Step Back Jump Shot,Missed Shot,Step Back Jump shot,1,2,222
0042400304,313,PT01M32.00S,2,1610612752,NYK,1628973,Brunson,J. Brunson,0,0,0,,0,,,0,v,Brunson REBOUND (Off:0 Def:1),Rebound,Unknown,1,0,223
0042400304,314,PT01M26.00S,2,1610612752,NYK,1628969,Bridges,M. Bridges,100,46,11,Missed,1,,,0,v,MISS Bridges 11' Turnaround Fadeaway Shot,Missed Shot,Turnaround Fadeaway shot,1,2,224
0042400304,315,PT01M23.00S,2,1610612754,IND,1627783,Siakam,P. Siakam,0,0,0,,0,,,0,h,Siakam REBOUND (Off:0 Def:1),Rebound,Unknown,1,0,225
0042400304,316,PT01M11.00S,2,1610612752,NYK,1629011,Robinson,M. Robinson,0,0,0,,0,,,0,v,Robinson S.FOUL (P2.T4) (C.Kirkland),Foul,Shooting,1,0,226
0042400304,318,PT01M11.00S,2,1610612754,IND,1630174,Nesmith,A. Nesmith,0,0,0,,0,64,64,128,h,Nesmith Free Throw 1 of 2 (9 PTS),Free Throw,Free Throw 1 of 2,1,0,227
0042400304,319,PT01M11.00S,2,1610612754,IND,1630174,Nesmith,A. Nesmith,0,0,0,,0,65,64,129,h,Nesmith Free Throw 2 of 2 (10 PTS),Free Throw,Free Throw 2 of 2,1,0,228
0042400304,320,PT01M02.00S,2,1610612752,NYK,1628384,Anunoby,O. Anunoby,225,45,0,Missed,1,,,0,v,MISS Anunoby 3PT Jump Shot,Missed Shot,Jump Shot,1,3,229
0042400304,321,PT00M59.20S,2,1610612754,IND,1630174,Nesmith,A. Nesmith,0,0,0,,0,,,0,h,Nesmith REBOUND (Off:0 Def:2),Rebound,Unknown,1,0,230
0042400304,322,PT00M45.40S,2,1610612754,IND,1630174,Nesmith,A. Nesmith,-7,76,8,Made,1,67,64,131,h,Nesmith 8' Driving Floating Bank Jump Shot (12 PTS) (Haliburton 9 AST),Made Shot,Driving Floating Bank Jump Shot,1,2,231
0042400304,324,PT00M32.30S,2,1610612752,NYK,1628973,Brunson,J. Brunson,5,251,25,Missed,1,,,0,v,MISS Brunson 25' 3PT Pullup Jump Shot,Missed Shot,Pullup Jump shot,1,3,232
0042400304,325,PT00M28.70S,2,1610612754,IND,1630169,Haliburton,T. Haliburton,0,0,0,,0,,,0,h,Haliburton REBOUND (Off:0 Def:8),Rebound,Unknown,1,0,233
0042400304,326,PT00M24.20S,2,1610612754,IND,1630174,Nesmith,A. Nesmith,183,176,25,Missed,1,,,0,h,MISS Nesmith 25' 3PT Running Jump Shot,Missed Shot,Running Jump Shot,1,3,234
0042400304,327,PT00M20.50S,2,1610612754,IND,1627783,Siakam,P. Siakam,0,0,0,,0,,,0,h,Siakam REBOUND (Off:1 Def:1),Rebound,Unknown,1,0,235
0042400304,328,PT00M17.40S,2,1610612754,IND,1628396,Bradley,T. Bradley,21,6,2,Made,1,69,64,133,h,Bradley 2' Reverse Layup (2 PTS) (Haliburton 10 AST),Made Shot,Reverse Layup Shot,1,2,236
0042400304,330,PT00M00.00S,2,0,,0,,,0,0,0,,0,69,64,133,,End of 2nd Period (9:09 PM EST),period,end,1,0,237
0042400304,335,PT12M00.00S,3,0,,0,,,0,0,0,,0,69,64,133,,Start of 3rd Period (9:26 PM EST),period,start,0,0,238
0042400304,336,PT11M46.00S,3,1610612754,IND,1627783,Siakam,P. Siakam,100,119,16,Made,1,71,64,135,h,Siakam 16' Step Back Jump Shot (15 PTS) (Nembhard 2 AST),Made Shot,Step Back Jump shot,1,2,239
0042400304,338,PT11M26.00S,3,1610612752,NYK,1628973,Brunson,J. Brunson,0,0,0,,0,,,0,v,Brunson Bad Pass Turnover (P2.T10),Turnover,Bad Pass,1,0,240
0042400304,338,PT11M26.00S,3,1610612754,IND,1630169,Haliburton,T. Haliburton,0,0,0,,0,,,0,h,Haliburton STEAL (1 STL),,,1,0,241
0042400304,340,PT11M23.00S,3,1610612754,IND,1627783,Siakam,P. Siakam,12,16,2,Made,1,73,64,137,h,Siakam 2' Running Dunk (17 PTS) (Haliburton 11 AST),Made Shot,Running Dunk Shot,1,2,242
0042400304,342,PT11M03.00S,3,1610612752,NYK,1628969,Bridges,M. Bridges,0,0,0,,0,,,0,v,Bridges Bad Pass Turnover (P2.T11),Turnover,Bad Pass,1,0,243
0042400304,342,PT11M03.00S,3,1610612754,IND,1630169,Haliburton,T. Haliburton,0,0,0,,0,,,0,h,Haliburton STEAL (2 STL),,,1,0,244
0042400304,344,PT10M58.00S,3,1610612754,IND,1629614,Nembhard,A. Nembhard,17,32,4,Missed,1,,,0,h,MISS Nembhard 4' Running Layup,Missed Shot,Running Layup Shot,1,2,245
0042400304,345,PT10M55.00S,3,0,,1610612754,,,0,0,0,,0,,,0,h,PACERS Rebound,Rebound,Unknown,0,0,246
0042400304,347,PT10M49.00S,3,1610612754,IND,1627783,Siakam,P. Siakam,-216,148,26,Missed,1,,,0,h,MISS Siakam 26' 3PT Jump Shot,Missed Shot,Jump Shot,1,3,247
0042400304,348,PT10M45.00S,3,1610612752,NYK,1629011,Robinson,M. Robinson,0,0,0,,0,,,0,v,Robinson REBOUND (Off:0 Def:2),Rebound,Unknown,1,0,248
0042400304,349,PT10M29.00S,3,1610612752,NYK,1626157,Towns,K. Towns,26,13,3,Missed,1,,,0,v,MISS Towns 3' Driving Layup,Missed Shot,Driving Layup Shot,1,2,249
0042400304,350,PT10M27.00S,3,1610612754,IND,1626167,Turner,M. Turner,0,0,0,,0,,,0,h,Turner REBOUND (Off:0 Def:1),Rebound,Unknown,1,0,250
0042400304,351,PT10M23.00S,3,1610612754,IND,1629614,Nembhard,A. Nembhard,-72,274,28,Missed,1,,,0,h,MISS Nembhard 28' 3PT Running Jump Shot,Missed Shot,Running Jump Shot,0,3,251
0042400304,352,PT10M20.00S,3,1610612752,NYK,1626157,Towns,K. Towns,0,0,0,,0,,,0,v,Towns REBOUND (Off:1 Def:4),Rebound,Unknown,0,0,252
0042400304,353,PT10M11.00S,3,1610612752,NYK,1628969,Bridges,M. Bridges,-2,107,11,Missed,1,,,0,v,MISS Bridges 11' Fadeaway Jumper,Missed Shot,Fadeaway Jump Shot,1,2,253
0042400304,354,PT10M07.00S,3,1610612752,NYK,1629011,Robinson,M. Robinson,0,0,0,,0,,,0,v,Robinson REBOUND (Off:1 Def:2),Rebound,Unknown,1,0,254
0042400304,355,PT10M07.00S,3,1610612752,NYK,1629011,Robinson,M. Robinson,0,0,0,Missed,1,,,0,v,MISS Robinson Tip Layup Shot,Missed Shot,Tip Layup Shot,1,2,255
0042400304,356,PT10M07.00S,3,1610612754,IND,1627783,Siakam,P. Siakam,0,0,0,,0,,,0,h,Siakam REBOUND (Off:1 Def:2),Rebound,Unknown,1,0,256
0042400304,357,PT09M57.00S,3,1610612754,IND,1630169,Haliburton,T. Haliburton,234,101,25,Missed,1,,,0,h,MISS Haliburton 25' 3PT Step Back Jump Shot,Missed Shot,Step Back Jump shot,1,3,257
0042400304,358,PT09M53.00S,3,1610612752,NYK,1628973,Brunson,J. Brunson,0,0,0,,0,,,0,v,Brunson REBOUND (Off:0 Def:2),Rebound,Unknown,1,0,258
0042400304,359,PT09M40.00S,3,1610612752,NYK,1628973,Brunson,J. Brunson,-36,90,10,Missed,1,,,0,v,MISS Brunson 10' Driving Floating Jump Shot,Missed Shot,Driving Floating Jump Shot,1,2,259
0042400304,360,PT09M37.00S,3,1610612754,IND,1629614,Nembhard,A. Nembhard,0,0,0,,0,,,0,h,Nembhard REBOUND (Off:0 Def:2),Rebound,Unknown,1,0,260
0042400304,361,PT09M27.00S,3,1610612754,IND,1626167,Turner,M. Turner,235,16,24,Made,1,76,64,140,h,Turner 24' 3PT Jump Shot (8 PTS) (Siakam 2 AST),Made Shot,Jump Shot,1,3,261
0042400304,363,PT09M26.00S,3,0,,1610612752,,,0,0,0,,0,,,0,v,Knicks Timeout: Regular (Reg.3 Short 0),Timeout,Regular,0,0,262
0042400304,364,PT09M09.00S,3,1610612752,NYK,1628969,Bridges,M. Bridges,21,28,4,Made,1,76,66,142,v,Bridges 4' Driving Layup (8 PTS) (Robinson 1 AST),Made Shot,Driving Layup Shot,1,2,263
0042400304,366,PT09M01.00S,3,1610612752,NYK,1629011,Robinson,M. Robinson,0,0,0,,0,,,0,v,Robinson S.FOUL (P3.T1) (C.Kirkland),Foul,Shooting,1,0,264
0042400304,368,PT09M01.00S,3,1610612754,IND,1630174,Nesmith,A. Nesmith,0,0,0,,0,77,66,143,h,Nesmith Free Throw 1 of 2 (13 PTS),Free Throw,Free Throw 1 of 2,1,0,265
0042400304,369,PT09M01.00S,3,1610612754,IND,1630174,Nesmith,A. Nesmith,0,0,0,,0,78,66,144,h,Nesmith Free Throw 2 of 2 (14 PTS),Free Throw,Free Throw 2 of 2,1,0,266
0042400304,370,PT08M42.00S,3,1610612752,NYK,1626157,Towns,K. Towns,-4,16,2,Made,1,78,68,146,v,Towns 2' Driving Dunk (16 PTS) (Bridges 2 AST),Made Shot,Driving Dunk Shot,1,2,267
0042400304,372,PT08M27.00S,3,1610612754,IND,1626167,Turner,M. Turner,0,0,0,,0,,,0,h,Turner Step Out of Bounds Turnover (P3.T6),Turnover,Step Out of Bounds Turnover,1,0,268
0042400304,373,PT08M10.00S,3,1610612752,NYK,1628384,Anunoby,O. Anunoby,125,238,27,Missed,1,,,0,v,MISS Anunoby 27' 3PT Step Back Jump Shot,Missed Shot,Step Back Jump shot,1,3,269
0042400304,374,PT08M06.00S,3,1610612752,NYK,1629011,Robinson,M. Robinson,0,0,0,,0,,,0,v,Robinson REBOUND (Off:2 Def:2),Rebound,Unknown,1,0,270
0042400304,375,PT08M06.00S,3,1610612754,IND,1626167,Turner,M. Turner,0,0,0,,0,,,0,h,Turner S.FOUL (P3.T1) (D.Guthrie),Foul,Shooting,1,0,271
0042400304,377,PT08M06.00S,3,1610612752,NYK,1629011,Robinson,M. Robinson,0,0,0,,0,78,69,147,v,Robinson Free Throw 1 of 2 (3 PTS),Free Throw,Free Throw 1 of 2,1,0,272
0042400304,378,PT08M06.00S,3,1610612754,IND,1626167,Turner,M. Turner,0,0,0,,0,,,0,h,SUB: Bradley FOR Turner,Substitution,,0,0,273
0042400304,380,PT08M06.00S,3,1610612752,NYK,1629011,Robinson,M. Robinson,0,0,0,,0,78,70,148,v,Robinson Free Throw 2 of 2 (4 PTS),Free Throw,Free Throw 2 of 2,1,0,274
0042400304,382,PT07M56.00S,3,1610612754,IND,1630174,Nesmith,A. Nesmith,18,22,3,Made,1,80,70,150,h,Nesmith 3' Driving Dunk (16 PTS) (Haliburton 12 AST),Made Shot,Driving Dunk Shot,1,2,275
0042400304,384,PT07M39.00S,3,1610612752,NYK,1628384,Anunoby,O. Anunoby,-5,68,7,Missed,1,,,0,v,MISS Anunoby 7' Driving Floating Jump Shot,Missed Shot,Driving Floating Jump Shot,1,2,276
0042400304,385,PT07M38.00S,3,1610612752,NYK,1629011,Robinson,M. Robinson,0,0,0,,0,,,0,v,Robinson REBOUND (Off:3 Def:2),Rebound,Unknown,1,0,277
0042400304,386,PT07M29.00S,3,1610612752,NYK,1626157,Towns,K. Towns,-89,55,10,Missed,1,,,0,v,MISS Towns 10' Driving Hook Shot,Missed Shot,Driving Hook Shot,1,2,278
0042400304,387,PT07M25.00S,3,1610612752,NYK,1629011,Robinson,M. Robinson,0,0,0,,0,,,0,v,Robinson REBOUND (Off:4 Def:2),Rebound,Unknown,1,0,279
0042400304,388,PT07M24.00S,3,1610612752,NYK,1629011,Robinson,M. Robinson,-12,33,4,Made,1,80,72,152,v,Robinson 4' Putback Dunk (6 PTS),Made Shot,Putback Dunk Shot,1,2,280
0042400304,389,PT07M12.00S,3,1610612754,IND,1627783,Siakam,P. Siakam,-112,16,11,Made,1,82,72,154,h,Siakam 11' Step Back Jump Shot (19 PTS),Made Shot,Step Back Jump shot,1,2,281
0042400304,390,PT06M48.00S,3,1610612752,NYK,1626157,Towns,K. Towns,-4,59,6,Missed,1,,,0,v,MISS Towns 6' Driving Floating Jump Shot,Missed Shot,Driving Floating Jump Shot,1,2,282
0042400304,391,PT06M46.00S,3,1610612752,NYK,1629011,Robinson,M. Robinson,0,0,0,,0,,,0,v,Robinson REBOUND (Off:5 Def:2),Rebound,Unknown,1,0,283
0042400304,392,PT06M44.00S,3,1610612752,NYK,1626157,Towns,K. Towns,-141,217,26,Missed,1,,,0,v,MISS Towns 26' 3PT Jump Shot,Missed Shot,Jump Shot,1,3,284
0042400304,393,PT06M42.00S,3,0,,1610612754,,,0,0,0,,0,,,0,h,PACERS Rebound,Rebound,Unknown,0,0,285
0042400304,395,PT06M36.00S,3,1610612754,IND,1627783,Siakam,P. Siakam,-28,9,3,Missed,1,,,0,h,MISS Siakam 3' Turnaround Fadeaway Shot,Missed Shot,Turnaround Fadeaway shot,1,2,286
0042400304,396,PT06M30.00S,3,1610612754,IND,1627783,Siakam,P. Siakam,0,0,0,,0,,,0,h,Siakam REBOUND (Off:2 Def:2),Rebound,Unknown,1,0,287
0042400304,397,PT06M29.00S,3,1610612754,IND,1630169,Haliburton,T. Haliburton,-148,211,26,Missed,1,,,0,h,MISS Haliburton 26' 3PT Jump Shot,Missed Shot,Jump Shot,1,3,288
0042400304,398,PT06M25.00S,3,1610612752,NYK,1626157,Towns,K. Towns,0,0,0,,0,,,0,v,Towns REBOUND (Off:1 Def:5),Rebound,Unknown,1,0,289
0042400304,399,PT06M14.00S,3,1610612752,NYK,1626157,Towns,K. Towns,64,21,7,Made,1,82,74,156,v,Towns 7' Driving Floating Bank Jump Shot (18 PTS),Made Shot,Driving Floating Bank Jump Shot,1,2,290
0042400304,400,PT06M14.00S,3,1610612754,IND,1630174,Nesmith,A. Nesmith,0,0,0,,0,,,0,h,Nesmith S.FOUL (P3.T2) (J.Goble),Foul,Shooting,1,0,291
0042400304,402,PT06M14.00S,3,1610612754,IND,1630174,Nesmith,A. Nesmith,0,0,0,,0,,,0,h,SUB: Sheppard FOR Nesmith,Substitution,,0,0,292
0042400304,404,PT06M14.00S,3,1610612752,NYK,1626157,Towns,K. Towns,0,0,0,,0,82,75,157,v,Towns Free Throw 1 of 1 (19 PTS),Free Throw,Free Throw 1 of 1,1,0,293
0042400304,405,PT06M01.00S,3,1610612754,IND,1627783,Siakam,P. Siakam,-132,135,19,Missed,1,,,0,h,MISS Siakam 19' Jump Shot,Missed Shot,Jump Shot,1,2,294
0042400304,406,PT05M58.00S,3,1610612754,IND,1628396,Bradley,T. Bradley,0,0,0,,0,,,0,h,Bradley REBOUND (Off:1 Def:0),Rebound,Unknown,1,0,295
0042400304,407,PT05M55.00S,3,1610612752,NYK,1629011,Robinson,M. Robinson,0,0,0,,0,,,0,v,Robinson S.FOUL (P4.T2) (D.Guthrie),Foul,Shooting,1,0,296
0042400304,409,PT05M55.00S,3,1610612754,IND,1630169,Haliburton,T. Haliburton,0,0,0,,0,83,75,158,h,Haliburton Free Throw 1 of 2 (21 PTS),Free Throw,Free Throw 1 of 2,1,0,297
0042400304,410,PT05M55.00S,3,1610612754,IND,1627783,Siakam,P. Siakam,0,0,0,,0,,,0,h,SUB: Toppin FOR Siakam,Substitution,,0,0,298
0042400304,412,PT05M55.00S,3,1610612752,NYK,1629011,Robinson,M. Robinson,0,0,0,,0,,,0,v,SUB: Hart FOR Robinson,Substitution,,0,0,299
0042400304,414,PT05M55.00S,3,1610612754,IND,1630169,Haliburton,T. Haliburton,0,0,0,,0,,,0,h,MISS Haliburton Free Throw 2 of 2,Free Throw,Free Throw 2 of 2,1,0,300
0042400304,415,PT05M54.00S,3,1610612752,NYK,1626157,Towns,K. Towns,0,0,0,,0,,,0,v,Towns REBOUND (Off:1 Def:6),Rebound,Unknown,1,0,301
0042400304,416,PT05M40.00S,3,1610612754,IND,1641767,Sheppard,B. Sheppard,0,0,0,,0,,,0,h,Sheppard S.FOUL (P1.T3) (C.Kirkland),Foul,Shooting,1,0,302
0042400304,418,PT05M40.00S,3,1610612752,NYK,1628973,Brunson,J. Brunson,0,0,0,,0,83,76,159,v,Brunson Free Throw 1 of 2 (17 PTS),Free Throw,Free Throw 1 of 2,1,0,303
0042400304,419,PT05M40.00S,3,1610612754,IND,1628396,Bradley,T. Bradley,0,0,0,,0,,,0,h,SUB: Turner FOR Bradley,Substitution,,0,0,304
0042400304,421,PT05M40.00S,3,1610612752,NYK,1628973,Brunson,J. Brunson,0,0,0,,0,83,77,160,v,Brunson Free Throw 2 of 2 (18 PTS),Free Throw,Free Throw 2 of 2,1,0,305
0042400304,422,PT05M31.00S,3,1610612754,IND,1626167,Turner,M. Turner,11,21,2,Made,1,85,77,162,h,Turner 2' Alley Oop Layup (10 PTS) (Haliburton 13 AST),Made Shot,Alley Oop Layup shot,1,2,306
0042400304,430,PT05M19.00S,3,1610612754,IND,1630169,Haliburton,T. Haliburton,0,0,0,,0,,,0,h,Haliburton S.FOUL (P2.T4) (J.Goble),Foul,Shooting,1,0,307
0042400304,428,PT05M19.00S,3,0,,1610612752,,,0,0,0,,0,,,0,v,Knicks Timeout: Regular (Reg.4 Short 0),Timeout,Regular,0,0,308
0042400304,429,PT05M19.00S,3,0,,427,,,0,0,0,,0,85,77,162,,Instant Replay3rd Period (9:43 PM EST),Instant Replay,Coach Challenge Overturn Ruling,1,0,309
0042400304,432,PT05M19.00S,3,1610612752,NYK,1628384,Anunoby,O. Anunoby,0,0,0,,0,,,0,v,SUB: McBride FOR Anunoby,Substitution,,0,0,310
0042400304,434,PT05M19.00S,3,1610612752,NYK,1628973,Brunson,J. Brunson,0,0,0,,0,85,78,163,v,Brunson Free Throw 1 of 2 (19 PTS),Free Throw,Free Throw 1 of 2,1,0,311
0042400304,435,PT05M19.00S,3,1610612752,NYK,1628973,Brunson,J. Brunson,0,0,0,,0,,,0,v,MISS Brunson Free Throw 2 of 2,Free Throw,Free Throw 2 of 2,1,0,312
0042400304,436,PT05M17.00S,3,1610612754,IND,1641767,Sheppard,B. Sheppard,0,0,0,,0,,,0,h,Sheppard REBOUND (Off:0 Def:1),Rebound,Unknown,1,0,313
0042400304,437,PT05M08.00S,3,1610612754,IND,1641767,Sheppard,B. Sheppard,-170,203,26,Missed,1,,,0,h,MISS Sheppard 26' 3PT Jump Shot,Missed Shot,Jump Shot,1,3,314
0042400304,438,PT05M04.00S,3,1610612752,NYK,1628969,Bridges,M. Bridges,0,0,0,,0,,,0,v,Bridges REBOUND (Off:0 Def:3),Rebound,Unknown,1,0,315
0042400304,439,PT04M57.00S,3,1610612752,NYK,1628973,Brunson,J. Brunson,31,96,10,Made,1,85,80,165,v,Brunson 10' Turnaround Jump Shot (21 PTS),Made Shot,Turnaround Jump Shot,1,2,316
0042400304,440,PT04M42.00S,3,1610612754,IND,1630169,Haliburton,T. Haliburton,78,156,17,Made,1,87,80,167,h,Haliburton 17' Pullup Jump Shot (23 PTS),Made Shot,Pullup Jump shot,1,2,317
0042400304,441,PT04M30.00S,3,1610612754,IND,1629614,Nembhard,A. Nembhard,0,0,0,,0,,,0,h,Nembhard P.FOUL (P3.PN) (C.Kirkland),Foul,Personal,1,0,318
0042400304,443,PT04M30.00S,3,1610612752,NYK,1628973,Brunson,J. Brunson,0,0,0,,0,87,81,168,v,Brunson Free Throw 1 of 2 (22 PTS),Free Throw,Free Throw 1 of 2,1,0,319
0042400304,445,PT04M30.00S,3,1610612754,IND,1641767,Sheppard,B. Sheppard,0,0,0,,0,,,0,h,SUB: McConnell FOR Sheppard,Substitution,,0,0,320
0042400304,448,PT04M30.00S,3,1610612754,IND,1629614,Nembhard,A. Nembhard,0,0,0,,0,,,0,h,SUB: Nesmith FOR Nembhard,Substitution,,0,0,321
0042400304,449,PT04M30.00S,3,1610612752,NYK,1628973,Brunson,J. Brunson,0,0,0,,0,87,82,169,v,Brunson Free Throw 2 of 2 (23 PTS),Free Throw,Free Throw 2 of 2,1,0,322
0042400304,450,PT04M08.00S,3,1610612754,IND,1626167,Turner,M. Turner,-38,1,4,Made,1,89,82,171,h,Turner 4' Driving Finger Roll Layup (12 PTS),Made Shot,Driving Finger Roll Layup Shot,1,2,323
0042400304,451,PT03M59.00S,3,1610612754,IND,1630169,Haliburton,T. Haliburton,0,0,0,,0,,,0,h,Haliburton S.FOUL (P3.PN) (J.Goble),Foul,Shooting,1,0,324
0042400304,453,PT03M59.00S,3,1610612752,NYK,1628973,Brunson,J. Brunson,0,0,0,,0,89,83,172,v,Brunson Free Throw 1 of 2 (24 PTS),Free Throw,Free Throw 1 of 2,1,0,325
0042400304,454,PT03M59.00S,3,1610612752,NYK,1628973,Brunson,J. Brunson,0,0,0,,0,89,84,173,v,Brunson Free Throw 2 of 2 (25 PTS),Free Throw,Free Throw 2 of 2,1,0,326
0042400304,455,PT03M41.00S,3,1610612754,IND,1630169,Haliburton,T. Haliburton,81,187,20,Missed,1,,,0,h,MISS Haliburton 20' Step Back Jump Shot,Missed Shot,Step Back Jump shot,1,2,327
0042400304,456,PT03M38.00S,3,1610612752,NYK,1626157,Towns,K. Towns,0,0,0,,0,,,0,v,Towns REBOUND (Off:1 Def:7),Rebound,Unknown,1,0,328
0042400304,457,PT03M25.00S,3,1610612752,NYK,1628404,Hart,J. Hart,0,0,0,,0,,,0,v,Hart Step Out of Bounds Turnover (P5.T12),Turnover,Step Out of Bounds Turnover,1,0,329
0042400304,458,PT03M15.00S,3,1610612754,IND,1630169,Haliburton,T. Haliburton,-13,15,2,Made,1,91,84,175,h,Haliburton 2' Driving Layup (25 PTS),Made Shot,Driving Layup Shot,1,2,330
0042400304,459,PT03M04.00S,3,1610612752,NYK,1628973,Brunson,J. Brunson,0,0,0,,0,,,0,v,Brunson Lost Ball Turnover (P3.T13),Turnover,Lost Ball,1,0,331
0042400304,459,PT03M04.00S,3,1610612754,IND,1630169,Haliburton,T. Haliburton,0,0,0,,0,,,0,h,Haliburton STEAL (3 STL),,,1,0,332
0042400304,461,PT03M04.00S,3,0,,1610612754,,,0,0,0,,0,,,0,h,PACERS Timeout: Regular (Full 3 Short 0),Timeout,Regular,0,0,333
0042400304,462,PT02M57.00S,3,1610612754,IND,204456,McConnell,T. McConnell,-118,161,20,Made,1,93,84,177,h,McConnell 20' Pullup Jump Shot (4 PTS),Made Shot,Pullup Jump shot,1,2,334
0042400304,463,PT02M27.00S,3,1610612754,IND,1630167,Toppin,O. Toppin,0,0,0,,0,,,0,h,Toppin S.FOUL (P3.PN) (C.Kirkland),Foul,Shooting,1,0,335
0042400304,465,PT02M27.00S,3,0,,463,,,0,0,0,,0,93,84,177,,Instant Replay3rd Period (9:55 PM EST),Instant Replay,Ruling Stands,0,0,336
0042400304,466,PT02M27.00S,3,1610612752,NYK,1626157,Towns,K. Towns,0,0,0,,0,,,0,v,MISS Towns Free Throw 1 of 2,Free Throw,Free Throw 1 of 2,1,0,337
0042400304,467,PT02M27.00S,3,0,,1610612752,,,0,0,0,,0,,,0,v,Knicks Rebound,Rebound,Normal Rebound,0,0,338
0042400304,468,PT02M27.00S,3,1610612752,NYK,1626157,Towns,K. Towns,0,0,0,,0,93,85,178,v,Towns Free Throw 2 of 2 (20 PTS),Free Throw,Free Throw 2 of 2,1,0,339
0042400304,469,PT02M11.00S,3,1610612754,IND,1630174,Nesmith,A. Nesmith,-211,159,26,Missed,1,,,0,h,MISS Nesmith 26' 3PT Jump Shot,Missed Shot,Jump Shot,1,3,340
0042400304,470,PT02M06.00S,3,1610612752,NYK,1628404,Hart,J. Hart,0,0,0,,0,,,0,v,Hart REBOUND (Off:2 Def:6),Rebound,Unknown,1,0,341
0042400304,471,PT01M57.00S,3,1610612752,NYK,1626157,Towns,K. Towns,-28,27,4,Made,1,93,87,180,v,Towns 4' Driving Layup (22 PTS),Made Shot,Driving Layup Shot,1,2,342
0042400304,472,PT01M47.00S,3,1610612754,IND,1630174,Nesmith,A. Nesmith,0,0,0,,0,,,0,h,Nesmith Bad Pass Turnover (P2.T7),Turnover,Bad Pass,1,0,343
0042400304,472,PT01M47.00S,3,1610612752,NYK,1628973,Brunson,J. Brunson,0,0,0,,0,,,0,v,Brunson STEAL (2 STL),,,1,0,344
0042400304,474,PT01M36.00S,3,1610612752,NYK,1630540,McBride,M. McBride,0,0,0,,0,,,0,v,McBride Bad Pass Turnover (P1.T14),Turnover,Bad Pass,1,0,345
0042400304,474,PT01M36.00S,3,1610612754,IND,1630167,Toppin,O. Toppin,0,0,0,,0,,,0,h,Toppin STEAL (2 STL),,,1,0,346
0042400304,476,PT01M25.00S,3,1610612754,IND,1626167,Turner,M. Turner,179,179,25,Missed,1,,,0,h,MISS Turner 25' 3PT Jump Shot,Missed Shot,Jump Shot,1,3,347
0042400304,477,PT01M24.00S,3,0,,1610612754,,,0,0,0,,0,,,0,h,PACERS Rebound,Rebound,Unknown,0,0,348
0042400304,478,PT01M24.00S,3,1610612752,NYK,1628969,Bridges,M. Bridges,0,0,0,,0,,,0,v,Bridges L.B.FOUL (P2.T3) (J.Goble),Foul,Loose Ball,1,0,349
0042400304,480,PT01M24.00S,3,1610612754,IND,1630174,Nesmith,A. Nesmith,0,0,0,,0,,,0,h,SUB: Mathurin FOR Nesmith,Substitution,,0,0,350
0042400304,482,PT01M23.00S,3,1610612754,IND,1631097,Mathurin,B. Mathurin,32,21,4,Made,1,95,87,182,h,Mathurin 4' Driving Reverse Layup (10 PTS) (Haliburton 14 AST),Made Shot,Driving Reverse Layup Shot,1,2,351
0042400304,484,PT01M23.00S,3,1610612752,NYK,1628973,Brunson,J. Brunson,0,0,0,,0,,,0,v,Brunson S.FOUL (P1.PN) (C.Kirkland),Foul,Shooting,1,0,352
0042400304,486,PT01M23.00S,3,1610612754,IND,1631097,Mathurin,B. Mathurin,0,0,0,,0,96,87,183,h,Mathurin Free Throw 1 of 1 (11 PTS),Free Throw,Free Throw 1 of 1,1,0,353
0042400304,487,PT01M16.00S,3,1610612754,IND,1631097,Mathurin,B. Mathurin,0,0,0,,0,,,0,h,Mathurin P.FOUL (P1.PN) (J.Goble),Foul,Personal,1,0,354
0042400304,489,PT01M16.00S,3,1610612752,NYK,1628973,Brunson,J. Brunson,0,0,0,,0,96,88,184,v,Brunson Free Throw 1 of 2 (26 PTS),Free Throw,Free Throw 1 of 2,1,0,355
0042400304,490,PT01M16.00S,3,1610612752,NYK,1626157,Towns,K. Towns,0,0,0,,0,,,0,v,SUB: Robinson FOR Towns,Substitution,,0,0,356
0042400304,492,PT01M16.00S,3,1610612754,IND,1626167,Turner,M. Turner,0,0,0,,0,,,0,h,SUB: Bradley FOR Turner,Substitution,,0,0,357
0042400304,494,PT01M16.00S,3,1610612752,NYK,1628973,Brunson,J. Brunson,0,0,0,,0,96,89,185,v,Brunson Free Throw 2 of 2 (27 PTS),Free Throw,Free Throw 2 of 2,1,0,358
0042400304,495,PT00M55.60S,3,1610612754,IND,1630169,Haliburton,T. Haliburton,34,295,30,Made,1,99,89,188,h,Haliburton 30' 3PT Pullup Jump Shot (28 PTS) (Toppin 2 AST),Made Shot,Pullup Jump shot,1,3,359
0042400304,497,PT00M37.40S,3,1610612752,NYK,1628973,Brunson,J. Brunson,-7,63,6,Made,1,99,91,190,v,Brunson 6' Driving Floating Jump Shot (29 PTS),Made Shot,Driving Floating Jump Shot,1,2,360
0042400304,498,PT00M21.70S,3,1610612754,IND,1630169,Haliburton,T. Haliburton,-227,15,0,Missed,1,,,0,h,MISS Haliburton 3PT Step Back Jump Shot,Missed Shot,Step Back Jump shot,1,3,361
0042400304,499,PT00M19.90S,3,0,,1610612754,,,0,0,0,,0,,,0,h,PACERS Rebound,Rebound,Unknown,1,0,362
0042400304,500,PT00M19.90S,3,1610612752,NYK,1628973,Brunson,J. Brunson,0,0,0,,0,,,0,v,Brunson L.B.FOUL (P2.PN) (C.Kirkland),Foul,Loose Ball,1,0,363
0042400304,502,PT00M19.90S,3,1610612754,IND,1631097,Mathurin,B. Mathurin,0,0,0,,0,100,91,191,h,Mathurin Free Throw 1 of 2 (12 PTS),Free Throw,Free Throw 1 of 2,1,0,364
0042400304,503,PT00M19.90S,3,1610612754,IND,1630169,Haliburton,T. Haliburton,0,0,0,,0,,,0,h,SUB: Nembhard FOR Haliburton,Substitution,,0,0,365
0042400304,504,PT00M19.90S,3,1610612754,IND,1630167,Toppin,O. Toppin,0,0,0,,0,,,0,h,SUB: Siakam FOR Toppin,Substitution,,0,0,366
0042400304,505,PT00M19.90S,3,1610612754,IND,204456,McConnell,T. McConnell,0,0,0,,0,,,0,h,SUB: Sheppard FOR McConnell,Substitution,,0,0,367
0042400304,506,PT00M19.90S,3,1610612752,NYK,1629011,Robinson,M. Robinson,0,0,0,,0,,,0,v,SUB: Towns FOR Robinson,Substitution,,0,0,368
0042400304,511,PT00M19.90S,3,1610612754,IND,1631097,Mathurin,B. Mathurin,0,0,0,,0,101,91,192,h,Mathurin Free Throw 2 of 2 (13 PTS),Free Throw,Free Throw 2 of 2,1,0,369
0042400304,512,PT00M03.60S,3,1610612752,NYK,1630540,McBride,M. McBride,-186,188,26,Missed,1,,,0,v,MISS McBride 26' 3PT Pullup Jump Shot,Missed Shot,Pullup Jump shot,1,3,370
0042400304,513,PT00M01.10S,3,0,,1610612754,,,0,0,0,,0,,,0,h,PACERS Rebound,Rebound,Unknown,0,0,371
0042400304,514,PT00M01.10S,3,1610612752,NYK,1628404,Hart,J. Hart,0,0,0,,0,,,0,v,Hart L.B.FOUL (P2.PN) (J.Goble),Foul,Loose Ball,1,0,372
0042400304,516,PT00M01.10S,3,1610612754,IND,1628396,Bradley,T. Bradley,0,0,0,,0,,,0,h,MISS Bradley Free Throw 1 of 2,Free Throw,Free Throw 1 of 2,1,0,373
0042400304,517,PT00M01.10S,3,0,,1610612754,,,0,0,0,,0,,,0,h,PACERS Rebound,Rebound,Normal Rebound,0,0,374
0042400304,518,PT00M01.10S,3,1610612754,IND,1629614,Nembhard,A. Nembhard,0,0,0,,0,,,0,h,SUB: Toppin FOR Nembhard,Substitution,,0,0,375
0042400304,520,PT00M01.10S,3,1610612754,IND,1628396,Bradley,T. Bradley,0,0,0,,0,102,91,193,h,Bradley Free Throw 2 of 2 (3 PTS),Free Throw,Free Throw 2 of 2,1,0,376
0042400304,523,PT00M00.00S,3,0,,0,,,0,0,0,,0,102,91,193,,End of 3rd Period (10:05 PM EST),period,end,1,0,377
0042400304,532,PT12M00.00S,4,0,,0,,,0,0,0,,0,102,91,193,,Start of 4th Period (10:08 PM EST),period,start,0,0,378
0042400304,533,PT11M46.00S,4,1610612752,NYK,1628384,Anunoby,O. Anunoby,33,152,16,Made,1,102,93,195,v,Anunoby 16' Step Back Jump Shot (15 PTS) (Shamet 2 AST),Made Shot,Step Back Jump shot,1,2,379
0042400304,535,PT11M35.00S,4,1610612754,IND,204456,McConnell,T. McConnell,17,68,7,Made,1,104,93,197,h,McConnell 7' Turnaround Fadeaway (6 PTS),Made Shot,Turnaround Fadeaway shot,1,2,380
0042400304,536,PT11M08.00S,4,1610612752,NYK,1628384,Anunoby,O. Anunoby,31,67,7,Missed,1,,,0,v,MISS Anunoby 7' Fadeaway Jumper,Missed Shot,Fadeaway Jump Shot,1,2,381
0042400304,537,PT11M07.00S,4,0,,1610612754,,,0,0,0,,0,,,0,h,PACERS Rebound,Rebound,Unknown,0,0,382
0042400304,539,PT10M52.00S,4,1610612754,IND,1627783,Siakam,P. Siakam,-26,115,12,Missed,1,,,0,h,MISS Siakam 12' Turnaround Fadeaway Shot,Missed Shot,Turnaround Fadeaway shot,1,2,383
0042400304,540,PT10M49.00S,4,0,,1610612754,,,0,0,0,,0,,,0,h,PACERS Rebound,Rebound,Unknown,0,0,384
0042400304,541,PT10M49.00S,4,1610612752,NYK,1628404,Hart,J. Hart,0,0,0,,0,,,0,v,Hart L.B.FOUL (P3.T1) (C.Kirkland),Foul,Loose Ball,1,0,385
0042400304,543,PT10M46.00S,4,1610612754,IND,1631097,Mathurin,B. Mathurin,-2,8,1,Made,1,106,93,199,h,Mathurin 1' Cutting Dunk Shot (15 PTS) (McConnell 3 AST),Made Shot,Cutting Dunk Shot,0,2,386
0042400304,545,PT10M32.00S,4,1610612752,NYK,1629013,Shamet,L. Shamet,172,193,26,Made,1,106,96,202,v,Shamet 26' 3PT Pullup Jump Shot (3 PTS) (Towns 1 AST),Made Shot,Pullup Jump shot,1,3,387
0042400304,547,PT10M16.00S,4,1610612754,IND,1627783,Siakam,P. Siakam,-32,17,4,Made,1,108,96,204,h,Siakam 4' Driving Reverse Layup (21 PTS) (Mathurin 1 AST),Made Shot,Driving Reverse Layup Shot,1,2,388
0042400304,549,PT09M59.00S,4,1610612752,NYK,1629013,Shamet,L. Shamet,17,17,2,Missed,1,,,0,v,MISS Shamet 2' Driving Layup,Missed Shot,Driving Layup Shot,1,2,389
0042400304,550,PT09M57.00S,4,1610612754,IND,1641767,Sheppard,B. Sheppard,0,0,0,,0,,,0,h,Sheppard REBOUND (Off:0 Def:2),Rebound,Unknown,1,0,390
0042400304,551,PT09M53.00S,4,1610612754,IND,1627783,Siakam,P. Siakam,-241,0,24,Made,1,111,96,207,h,Siakam 24' 3PT Running Jump Shot (24 PTS) (Mathurin 2 AST),Made Shot,Running Jump Shot,1,3,391
0042400304,553,PT09M52.00S,4,0,,1610612752,,,0,0,0,,0,,,0,v,Knicks Timeout: Regular (Reg.5 Short 0),Timeout,Regular,0,0,392
0042400304,554,PT09M52.00S,4,1610612752,NYK,1630540,McBride,M. McBride,0,0,0,,0,,,0,v,SUB: Wright FOR McBride,Substitution,,0,0,393
0042400304,556,PT09M42.00S,4,1610612754,IND,1626167,Turner,M. Turner,0,0,0,,0,,,0,h,Turner P.FOUL (P4.T1) (J.Goble),Foul,Personal,1,0,394
0042400304,558,PT09M37.00S,4,1610612752,NYK,1626157,Towns,K. Towns,31,23,4,Missed,1,,,0,v,MISS Towns 4' Driving Layup,Missed Shot,Driving Layup Shot,1,2,395
0042400304,558,PT09M37.00S,4,1610612754,IND,1626167,Turner,M. Turner,0,0,0,,0,,,0,h,Turner BLOCK (2 BLK),,,1,2,396
0042400304,560,PT09M34.00S,4,1610612752,NYK,1628404,Hart,J. Hart,0,0,0,,0,,,0,v,Hart REBOUND (Off:3 Def:6),Rebound,Unknown,1,0,397
0042400304,562,PT09M29.00S,4,1610612752,NYK,1628384,Anunoby,O. Anunoby,-211,163,27,Made,1,111,99,210,v,Anunoby 27' 3PT Step Back Jump Shot (18 PTS),Made Shot,Step Back Jump shot,1,3,398
0042400304,563,PT09M06.00S,4,1610612754,IND,204456,McConnell,T. McConnell,0,0,0,,0,,,0,h,McConnell Traveling Turnover (P1.T8),Turnover,Traveling,1,0,399
0042400304,564,PT08M49.00S,4,1610612752,NYK,1626157,Towns,K. Towns,0,0,0,,0,,,0,v,Towns OFF.Foul (P3) (C.Kirkland),Foul,Offensive,1,0,400
0042400304,566,PT08M49.00S,4,1610612752,NYK,1626157,Towns,K. Towns,0,0,0,,0,,,0,v,Towns Offensive Foul Turnover (P2.T15),Turnover,Offensive Foul Turnover,1,0,401
0042400304,567,PT08M33.00S,4,1610612754,IND,204456,McConnell,T. McConnell,0,0,0,,0,,,0,h,McConnell Bad Pass Turnover (P2.T9),Turnover,Bad Pass,1,0,402
0042400304,567,PT08M33.00S,4,1610612752,NYK,1628384,Anunoby,O. Anunoby,0,0,0,,0,,,0,v,Anunoby STEAL (2 STL),,,1,0,403
0042400304,569,PT08M17.00S,4,1610612752,NYK,1629013,Shamet,L. Shamet,224,22,0,Missed,1,,,0,v,MISS Shamet 3PT Jump Shot,Missed Shot,Jump Shot,1,3,404
0042400304,570,PT08M14.00S,4,1610612752,NYK,1628384,Anunoby,O. Anunoby,0,0,0,,0,,,0,v,Anunoby REBOUND (Off:1 Def:2),Rebound,Unknown,1,0,405
0042400304,571,PT08M13.00S,4,1610612752,NYK,1628384,Anunoby,O. Anunoby,-10,28,3,Missed,1,,,0,v,MISS Anunoby 3' Putback Layup,Missed Shot,Putback Layup Shot,1,2,406
0042400304,571,PT08M13.00S,4,1610612754,IND,1627783,Siakam,P. Siakam,0,0,0,,0,,,0,h,Siakam BLOCK (1 BLK),,,1,2,407
0042400304,573,PT08M11.00S,4,1610612752,NYK,1626157,Towns,K. Towns,0,0,0,,0,,,0,v,Towns REBOUND (Off:2 Def:7),Rebound,Unknown,1,0,408
0042400304,574,PT08M09.00S,4,1610612752,NYK,1626157,Towns,K. Towns,4,31,3,Missed,1,,,0,v,MISS Towns 3' Putback Layup,Missed Shot,Putback Layup Shot,1,2,409
0042400304,575,PT08M09.00S,4,1610612754,IND,1641767,Sheppard,B. Sheppard,0,0,0,,0,,,0,h,Sheppard REBOUND (Off:0 Def:3),Rebound,Unknown,1,0,410
0042400304,576,PT08M04.00S,4,1610612752,NYK,1628384,Anunoby,O. Anunoby,0,0,0,,0,,,0,v,Anunoby L.B.FOUL (P3.T2) (C.Kirkland),Foul,Loose Ball,1,0,411
0042400304,578,PT07M57.00S,4,1610612752,NYK,1628404,Hart,J. Hart,0,0,0,,0,,,0,v,Hart P.FOUL (P4.T3) (D.Guthrie),Foul,Personal,1,0,412
0042400304,580,PT07M57.00S,4,1610612754,IND,204456,McConnell,T. McConnell,0,0,0,,0,,,0,h,SUB: Haliburton FOR McConnell,Substitution,,0,0,413
0042400304,582,PT07M55.00S,4,1610612752,NYK,1626157,Towns,K. Towns,0,0,0,,0,,,0,v,Towns P.FOUL (P4.T4) (J.Goble),Foul,Personal,1,0,414
0042400304,584,PT07M55.00S,4,1610612754,IND,1641767,Sheppard,B. Sheppard,0,0,0,,0,,,0,h,SUB: Nesmith FOR Sheppard,Substitution,,0,0,415
0042400304,585,PT07M55.00S,4,1610612752,NYK,1626153,Wright,D. Wright,0,0,0,,0,,,0,v,SUB: Brunson FOR Wright,Substitution,,0,0,416
0042400304,586,PT07M55.00S,4,1610612752,NYK,1629013,Shamet,L. Shamet,0,0,0,,0,,,0,v,SUB: Bridges FOR Shamet,Substitution,,0,0,417
0042400304,590,PT07M52.00S,4,1610612752,NYK,1628404,Hart,J. Hart,0,0,0,,0,,,0,v,Hart S.FOUL (P5.PN) (D.Guthrie),Foul,Shooting,1,0,418
0042400304,592,PT07M52.00S,4,1610612754,IND,1631097,Mathurin,B. Mathurin,0,0,0,,0,112,99,211,h,Mathurin Free Throw 1 of 2 (16 PTS),Free Throw,Free Throw 1 of 2,1,0,419
0042400304,593,PT07M52.00S,4,1610612754,IND,1631097,Mathurin,B. Mathurin,0,0,0,,0,113,99,212,h,Mathurin Free Throw 2 of 2 (17 PTS),Free Throw,Free Throw 2 of 2,1,0,420
0042400304,594,PT07M39.00S,4,1610612752,NYK,1628969,Bridges,M. Bridges,0,0,0,,0,,,0,v,Bridges Bad Pass Turnover (P3.T16),Turnover,Bad Pass,1,0,421
0042400304,594,PT07M39.00S,4,1610612754,IND,1630169,Haliburton,T. Haliburton,0,0,0,,0,,,0,h,Haliburton STEAL (4 STL),,,1,0,422
0042400304,596,PT07M34.00S,4,1610612754,IND,1630174,Nesmith,A. Nesmith,0,0,0,,0,,,0,h,Nesmith Bad Pass Turnover (P3.T10),Turnover,Bad Pass,1,0,423
0042400304,596,PT07M34.00S,4,1610612752,NYK,1628384,Anunoby,O. Anunoby,0,0,0,,0,,,0,v,Anunoby STEAL (3 STL),,,1,0,424
0042400304,598,PT07M25.00S,4,1610612752,NYK,1628384,Anunoby,O. Anunoby,-237,11,24,Missed,1,,,0,v,MISS Anunoby 24' 3PT Jump Shot,Missed Shot,Jump Shot,1,3,425
0042400304,599,PT07M21.00S,4,1610612754,IND,1626167,Turner,M. Turner,0,0,0,,0,,,0,h,Turner REBOUND (Off:0 Def:2),Rebound,Unknown,1,0,426
0042400304,600,PT07M14.00S,4,1610612754,IND,1631097,Mathurin,B. Mathurin,233,8,0,Missed,1,,,0,h,MISS Mathurin 3PT Jump Shot,Missed Shot,Jump Shot,1,3,427
0042400304,601,PT07M13.00S,4,0,,1610612752,,,0,0,0,,0,,,0,v,Knicks Rebound,Rebound,Unknown,0,0,428
0042400304,603,PT07M01.00S,4,1610612754,IND,1627783,Siakam,P. Siakam,0,0,0,,0,,,0,h,Siakam S.FOUL (P3.T2) (D.Guthrie),Foul,Shooting,1,0,429
0042400304,605,PT07M01.00S,4,1610612752,NYK,1628404,Hart,J. Hart,0,0,0,,0,113,100,213,v,Hart Free Throw 1 of 2 (8 PTS),Free Throw,Free Throw 1 of 2,1,0,430
0042400304,606,PT07M01.00S,4,1610612754,IND,1631097,Mathurin,B. Mathurin,0,0,0,,0,,,0,h,SUB: Nembhard FOR Mathurin,Substitution,,0,0,431
0042400304,608,PT07M01.00S,4,1610612752,NYK,1628404,Hart,J. Hart,0,0,0,,0,,,0,v,MISS Hart Free Throw 2 of 2,Free Throw,Free Throw 2 of 2,1,0,432
0042400304,609,PT07M00.00S,4,1610612754,IND,1630174,Nesmith,A. Nesmith,0,0,0,,0,,,0,h,Nesmith REBOUND (Off:0 Def:3),Rebound,Unknown,1,0,433
0042400304,610,PT06M45.00S,4,1610612754,IND,1630174,Nesmith,A. Nesmith,89,251,27,Missed,1,,,0,h,MISS Nesmith 27' 3PT Jump Shot,Missed Shot,Jump Shot,1,3,434
0042400304,611,PT06M40.00S,4,1610612752,NYK,1628404,Hart,J. Hart,0,0,0,,0,,,0,v,Hart REBOUND (Off:3 Def:7),Rebound,Unknown,1,0,435
0042400304,612,PT06M31.00S,4,1610612754,IND,1627783,Siakam,P. Siakam,0,0,0,,0,,,0,h,Siakam S.FOUL (P4.T3) (J.Goble),Foul,Shooting,1,0,436
0042400304,614,PT06M31.00S,4,1610612752,NYK,1628404,Hart,J. Hart,0,0,0,,0,113,101,214,v,Hart Free Throw 1 of 2 (9 PTS),Free Throw,Free Throw 1 of 2,1,0,437
0042400304,615,PT06M31.00S,4,1610612754,IND,1627783,Siakam,P. Siakam,0,0,0,,0,,,0,h,SUB: Toppin FOR Siakam,Substitution,,0,0,438
0042400304,617,PT06M31.00S,4,0,,1610612754,,,0,0,0,,0,,,0,h,PACERS Timeout: Regular (Full 4 Short 0),Timeout,Regular,0,0,439
0042400304,618,PT06M31.00S,4,1610612752,NYK,1628404,Hart,J. Hart,0,0,0,,0,113,102,215,v,Hart Free Throw 2 of 2 (10 PTS),Free Throw,Free Throw 2 of 2,1,0,440
0042400304,619,PT06M24.00S,4,1610612754,IND,1630169,Haliburton,T. Haliburton,39,40,6,Made,1,115,102,217,h,Haliburton 6' Driving Finger Roll Layup (30 PTS),Made Shot,Driving Finger Roll Layup Shot,1,2,441
0042400304,620,PT06M04.00S,4,1610612754,IND,1629614,Nembhard,A. Nembhard,0,0,0,,0,,,0,h,Nembhard S.FOUL (P4.T4) (C.Kirkland),Foul,Shooting,1,0,442
0042400304,622,PT06M04.00S,4,1610612752,NYK,1628384,Anunoby,O. Anunoby,0,0,0,,0,,,0,v,MISS Anunoby Free Throw 1 of 2,Free Throw,Free Throw 1 of 2,1,0,443
0042400304,623,PT06M04.00S,4,0,,1610612752,,,0,0,0,,0,,,0,v,Knicks Rebound,Rebound,Normal Rebound,0,0,444
0042400304,624,PT06M04.00S,4,1610612752,NYK,1628384,Anunoby,O. Anunoby,0,0,0,,0,,,0,v,MISS Anunoby Free Throw 2 of 2,Free Throw,Free Throw 2 of 2,1,0,445
0042400304,625,PT06M02.00S,4,1610612754,IND,1630169,Haliburton,T. Haliburton,0,0,0,,0,,,0,h,Haliburton REBOUND (Off:0 Def:9),Rebound,Unknown,1,0,446
0042400304,626,PT05M54.00S,4,1610612754,IND,1630169,Haliburton,T. Haliburton,96,266,28,Missed,1,,,0,h,MISS Haliburton 28' 3PT Pullup Jump Shot,Missed Shot,Pullup Jump shot,1,3,447
0042400304,627,PT05M51.00S,4,1610612752,NYK,1628384,Anunoby,O. Anunoby,0,0,0,,0,,,0,v,Anunoby REBOUND (Off:1 Def:3),Rebound,Unknown,1,0,448
0042400304,632,PT05M37.00S,4,1610612752,NYK,1628969,Bridges,M. Bridges,-67,259,27,Made,1,115,105,220,v,Bridges 27' 3PT Jump Shot (11 PTS) (Towns 2 AST),Made Shot,Jump Shot,1,3,449
0042400304,634,PT05M20.00S,4,1610612754,IND,1630169,Haliburton,T. Haliburton,55,130,14,Missed,1,,,0,h,MISS Haliburton 14' Pullup Jump Shot,Missed Shot,Pullup Jump shot,1,2,450
0042400304,635,PT05M18.00S,4,1610612752,NYK,1626157,Towns,K. Towns,0,0,0,,0,,,0,v,Towns REBOUND (Off:2 Def:8),Rebound,Unknown,1,0,451
0042400304,636,PT05M10.00S,4,1610612754,IND,1630169,Haliburton,T. Haliburton,0,0,0,,0,,,0,h,Haliburton S.FOUL (P4.PN) (D.Guthrie),Foul,Shooting,1,0,452
0042400304,638,PT05M10.00S,4,1610612752,NYK,1628384,Anunoby,O. Anunoby,0,0,0,,0,115,106,221,v,Anunoby Free Throw 1 of 2 (19 PTS),Free Throw,Free Throw 1 of 2,1,0,453
0042400304,639,PT05M10.00S,4,1610612754,IND,1630167,Toppin,O. Toppin,0,0,0,,0,,,0,h,SUB: Siakam FOR Toppin,Substitution,,0,0,454
0042400304,641,PT05M10.00S,4,1610612752,NYK,1628384,Anunoby,O. Anunoby,0,0,0,,0,115,107,222,v,Anunoby Free Throw 2 of 2 (20 PTS),Free Throw,Free Throw 2 of 2,1,0,455
0042400304,642,PT04M49.00S,4,1610612754,IND,1629614,Nembhard,A. Nembhard,151,84,17,Missed,1,,,0,h,MISS Nembhard 17' Pullup Jump Shot,Missed Shot,Pullup Jump shot,1,2,456
0042400304,643,PT04M47.00S,4,0,,1610612752,,,0,0,0,,0,,,0,v,Knicks Rebound,Rebound,Unknown,0,0,457
0042400304,645,PT04M27.00S,4,1610612752,NYK,1628973,Brunson,J. Brunson,-93,63,11,Missed,1,,,0,v,MISS Brunson 11' Driving Floating Jump Shot,Missed Shot,Driving Floating Jump Shot,1,2,458
0042400304,646,PT04M24.00S,4,1610612752,NYK,1626157,Towns,K. Towns,0,0,0,,0,,,0,v,Towns REBOUND (Off:3 Def:8),Rebound,Unknown,1,0,459
0042400304,647,PT04M24.00S,4,1610612752,NYK,1626157,Towns,K. Towns,-36,6,4,Made,1,115,109,224,v,Towns 4' Putback Layup (24 PTS),Made Shot,Putback Layup Shot,1,2,460
0042400304,648,PT04M11.00S,4,1610612754,IND,1627783,Siakam,P. Siakam,234,67,24,Made,1,118,109,227,h,Siakam 24' 3PT Jump Shot (27 PTS) (Nembhard 3 AST),Made Shot,Jump Shot,1,3,461
0042400304,650,PT03M51.00S,4,1610612752,NYK,1628969,Bridges,M. Bridges,118,243,27,Made,1,118,112,230,v,Bridges 27' 3PT Jump Shot (14 PTS) (Brunson 5 AST),Made Shot,Jump Shot,1,3,462
0042400304,652,PT03M40.00S,4,1610612754,IND,1630169,Haliburton,T. Haliburton,28,15,3,Made,1,120,112,232,h,Haliburton 3' Driving Finger Roll Layup (32 PTS),Made Shot,Driving Finger Roll Layup Shot,1,2,463
0042400304,653,PT03M21.00S,4,1610612752,NYK,1628404,Hart,J. Hart,-29,-1,3,Missed,1,,,0,v,MISS Hart 3' Cutting Dunk Shot,Missed Shot,Cutting Dunk Shot,1,2,464
0042400304,653,PT03M21.00S,4,1610612754,IND,1626167,Turner,M. Turner,0,0,0,,0,,,0,h,Turner BLOCK (3 BLK),,,1,2,465
0042400304,655,PT03M17.00S,4,1610612752,NYK,1628404,Hart,J. Hart,0,0,0,,0,,,0,v,Hart REBOUND (Off:4 Def:7),Rebound,Unknown,1,0,466
0042400304,656,PT03M17.00S,4,1610612752,NYK,1628404,Hart,J. Hart,-27,32,4,Made,1,120,114,234,v,Hart 4' Putback Layup (12 PTS),Made Shot,Putback Layup Shot,1,2,467
0042400304,657,PT03M06.00S,4,0,,1610612754,,,0,0,0,,0,,,0,h,PACERS Timeout: Regular (Full 5 Short 0),Timeout,Regular,0,0,468
0042400304,658,PT02M55.00S,4,1610612754,IND,1629614,Nembhard,A. Nembhard,161,9,16,Missed,1,,,0,h,MISS Nembhard 16' Pullup Jump Shot,Missed Shot,Pullup Jump shot,1,2,469
0042400304,659,PT02M52.00S,4,1610612754,IND,1627783,Siakam,P. Siakam,0,0,0,,0,,,0,h,Siakam REBOUND (Off:3 Def:2),Rebound,Unknown,1,0,470
0042400304,660,PT02M52.00S,4,1610612754,IND,1627783,Siakam,P. Siakam,0,0,0,Missed,1,,,0,h,MISS Siakam Tip Layup Shot,Missed Shot,Tip Layup Shot,1,2,471
0042400304,661,PT02M52.00S,4,1610612754,IND,1626167,Turner,M. Turner,0,0,0,,0,,,0,h,Turner REBOUND (Off:1 Def:2),Rebound,Unknown,1,0,472
0042400304,662,PT02M52.00S,4,1610612752,NYK,1628969,Bridges,M. Bridges,0,0,0,,0,,,0,v,Bridges S.FOUL (P3.PN) (J.Goble),Foul,Shooting,1,0,473
0042400304,664,PT02M52.00S,4,1610612754,IND,1626167,Turner,M. Turner,0,0,0,,0,,,0,h,MISS Turner Free Throw 1 of 2,Free Throw,Free Throw 1 of 2,1,0,474
0042400304,665,PT02M52.00S,4,0,,1610612754,,,0,0,0,,0,,,0,h,PACERS Rebound,Rebound,Normal Rebound,0,0,475
0042400304,666,PT02M52.00S,4,1610612754,IND,1626167,Turner,M. Turner,0,0,0,,0,121,114,235,h,Turner Free Throw 2 of 2 (13 PTS),Free Throw,Free Throw 2 of 2,1,0,476
0042400304,667,PT02M30.00S,4,1610612752,NYK,1628384,Anunoby,O. Anunoby,0,0,0,,0,,,0,v,Anunoby Offensive Charge Foul (P4) (D.Guthrie),Foul,Offensive Charge,1,0,477
0042400304,669,PT02M30.00S,4,1610612752,NYK,1628384,Anunoby,O. Anunoby,0,0,0,,0,,,0,v,Anunoby Offensive Foul Turnover (P2.T17),Turnover,Offensive Foul Turnover,1,0,478
0042400304,670,PT02M11.00S,4,1610612754,IND,1626167,Turner,M. Turner,0,0,0,,0,,,0,h,Turner OFF.Foul (P5) (C.Kirkland),Foul,Offensive,1,0,479
0042400304,674,PT02M11.00S,4,1610612754,IND,1626167,Turner,M. Turner,0,0,0,,0,,,0,h,Turner Offensive Foul Turnover (P4.T11),Turnover,Offensive Foul Turnover,1,0,480
0042400304,672,PT02M11.00S,4,0,,1610612752,,,0,0,0,,0,,,0,v,Knicks Timeout: Coach Challenge (Reg.5 Short 0),Timeout,Coach Challenge,0,0,481
0042400304,673,PT02M11.00S,4,0,,670,,,0,0,0,,0,121,114,235,,Instant Replay4th Period (10:37 PM EST),Instant Replay,Coach Challenge Overturn Ruling,1,0,482
0042400304,675,PT01M56.00S,4,1610612752,NYK,1628969,Bridges,M. Bridges,200,20,20,Missed,1,,,0,v,MISS Bridges 20' Jump Shot,Missed Shot,Jump Shot,1,2,483
0042400304,676,PT01M55.00S,4,0,,1610612752,,,0,0,0,,0,,,0,v,Knicks Rebound,Rebound,Unknown,0,0,484
0042400304,678,PT01M52.00S,4,1610612752,NYK,1628969,Bridges,M. Bridges,-183,22,18,Missed,1,,,0,v,MISS Bridges 18' Jump Shot,Missed Shot,Jump Shot,1,2,485
0042400304,679,PT01M48.00S,4,1610612754,IND,1630169,Haliburton,T. Haliburton,0,0,0,,0,,,0,h,Haliburton REBOUND (Off:0 Def:10),Rebound,Unknown,1,0,486
0042400304,680,PT01M44.00S,4,1610612754,IND,1627783,Siakam,P. Siakam,21,26,3,Missed,1,,,0,h,MISS Siakam 3' Running Layup,Missed Shot,Running Layup Shot,1,2,487
0042400304,680,PT01M44.00S,4,1610612752,NYK,1628384,Anunoby,O. Anunoby,0,0,0,,0,,,0,v,Anunoby BLOCK (2 BLK),,,1,2,488
0042400304,682,PT01M44.00S,4,0,,1610612754,,,0,0,0,,0,,,0,h,PACERS Rebound,Rebound,Unknown,0,0,489
0042400304,684,PT01M44.00S,4,1610612752,NYK,1628404,Hart,J. Hart,0,0,0,,0,,,0,v,Hart P.FOUL (P6.PN) (D.Guthrie),Foul,Personal,1,0,490
0042400304,686,PT01M44.00S,4,1610612754,IND,1627783,Siakam,P. Siakam,0,0,0,,0,122,114,236,h,Siakam Free Throw 1 of 2 (28 PTS),Free Throw,Free Throw 1 of 2,1,0,491
0042400304,706,PT01M44.00S,4,1610612752,NYK,1628404,Hart,J. Hart,0,0,0,,0,,,0,v,SUB: Shamet FOR Hart,Substitution,,0,0,492
0042400304,687,PT01M44.00S,4,1610612754,IND,1627783,Siakam,P. Siakam,0,0,0,,0,123,114,237,h,Siakam Free Throw 2 of 2 (29 PTS),Free Throw,Free Throw 2 of 2,1,0,493
0042400304,690,PT01M33.00S,4,1610612752,NYK,1628969,Bridges,M. Bridges,-225,31,0,Missed,1,,,0,v,MISS Bridges 3PT Jump Shot,Missed Shot,Jump Shot,1,3,494
0042400304,691,PT01M29.00S,4,1610612754,IND,1630169,Haliburton,T. Haliburton,0,0,0,,0,,,0,h,Haliburton REBOUND (Off:0 Def:11),Rebound,Unknown,1,0,495
0042400304,692,PT01M15.00S,4,1610612754,IND,1627783,Siakam,P. Siakam,-152,83,17,Missed,1,,,0,h,MISS Siakam 17' Turnaround Fadeaway Shot,Missed Shot,Turnaround Fadeaway shot,1,2,496
0042400304,693,PT01M12.00S,4,1610612752,NYK,1629013,Shamet,L. Shamet,0,0,0,,0,,,0,v,Shamet REBOUND (Off:0 Def:1),Rebound,Unknown,1,0,497
0042400304,694,PT01M09.00S,4,1610612754,IND,1626167,Turner,M. Turner,0,0,0,,0,,,0,h,Turner S.FOUL (P6.PN) (J.Goble),Foul,Shooting,1,0,498
0042400304,696,PT01M09.00S,4,1610612754,IND,1626167,Turner,M. Turner,0,0,0,,0,,,0,h,SUB: Toppin FOR Turner,Substitution,,0,0,499
0042400304,698,PT01M09.00S,4,1610612752,NYK,1628384,Anunoby,O. Anunoby,0,0,0,,0,123,115,238,v,Anunoby Free Throw 1 of 2 (21 PTS),Free Throw,Free Throw 1 of 2,1,0,500
0042400304,699,PT01M09.00S,4,1610612752,NYK,1628384,Anunoby,O. Anunoby,0,0,0,,0,123,116,239,v,Anunoby Free Throw 2 of 2 (22 PTS),Free Throw,Free Throw 2 of 2,1,0,501
0042400304,700,PT00M47.70S,4,1610612754,IND,1629614,Nembhard,A. Nembhard,-142,16,14,Missed,1,,,0,h,MISS Nembhard 14' Pullup Jump Shot,Missed Shot,Pullup Jump shot,1,2,502
0042400304,700,PT00M47.70S,4,1610612752,NYK,1628973,Brunson,J. Brunson,0,0,0,,0,,,0,v,Brunson BLOCK (1 BLK),,,1,2,503
0042400304,702,PT00M47.70S,4,0,,1610612754,,,0,0,0,,0,,,0,h,PACERS Rebound,Rebound,Unknown,0,0,504
0042400304,704,PT00M46.30S,4,1610612754,IND,1630167,Toppin,O. Toppin,-164,209,27,Made,1,126,116,242,h,Toppin 27' 3PT Jump Shot (5 PTS) (Haliburton 15 AST),Made Shot,Jump Shot,1,3,505
0042400304,708,PT00M37.10S,4,1610612752,NYK,1628973,Brunson,J. Brunson,-16,67,7,Missed,1,,,0,v,MISS Brunson 7' Driving Hook Shot,Missed Shot,Driving Hook Shot,1,2,506
0042400304,709,PT00M33.90S,4,1610612754,IND,1630169,Haliburton,T. Haliburton,0,0,0,,0,,,0,h,Haliburton REBOUND (Off:0 Def:12),Rebound,Unknown,1,0,507
0042400304,710,PT00M21.50S,4,1610612752,NYK,1628973,Brunson,J. Brunson,0,0,0,,0,,,0,v,Brunson Personal Take Foul (P3.PN) (D.Guthrie),Foul,Personal Take,1,0,508
0042400304,712,PT00M21.50S,4,1610612754,IND,1627783,Siakam,P. Siakam,0,0,0,,0,127,116,243,h,Siakam Free Throw 1 of 2 (30 PTS),Free Throw,Free Throw 1 of 2,1,0,509
0042400304,713,PT00M21.50S,4,1610612754,IND,1630169,Haliburton,T. Haliburton,0,0,0,,0,,,0,h,SUB: Mathurin FOR Haliburton,Substitution,,0,0,510
0042400304,714,PT00M21.50S,4,1610612754,IND,1630174,Nesmith,A. Nesmith,0,0,0,,0,,,0,h,SUB: McConnell FOR Nesmith,Substitution,,0,0,511
0042400304,717,PT00M21.50S,4,1610612754,IND,1627783,Siakam,P. Siakam,0,0,0,,0,,,0,h,MISS Siakam Free Throw 2 of 2,Free Throw,Free Throw 2 of 2,1,0,512
0042400304,718,PT00M20.70S,4,1610612752,NYK,1629013,Shamet,L. Shamet,0,0,0,,0,,,0,v,Shamet REBOUND (Off:0 Def:2),Rebound,Unknown,1,0,513
0042400304,719,PT00M16.20S,4,1610612752,NYK,1628973,Brunson,J. Brunson,20,5,2,Made,1,127,118,245,v,Brunson 2' Running Finger Roll Layup (31 PTS) (Shamet 3 AST),Made Shot,Running Finger Roll Layup Shot,1,2,514
0042400304,721,PT00M14.10S,4,1610612752,NYK,1628384,Anunoby,O. Anunoby,0,0,0,,0,,,0,v,Anunoby P.FOUL (P5.PN) (J.Goble),Foul,Personal,1,0,515
0042400304,723,PT00M14.10S,4,1610612754,IND,1631097,Mathurin,B. Mathurin,0,0,0,,0,128,118,246,h,Mathurin Free Throw 1 of 2 (18 PTS),Free Throw,Free Throw 1 of 2,1,0,516
0042400304,724,PT00M14.10S,4,1610612754,IND,1631097,Mathurin,B. Mathurin,0,0,0,,0,,,0,h,MISS Mathurin Free Throw 2 of 2,Free Throw,Free Throw 2 of 2,1,0,517
0042400304,725,PT00M12.60S,4,1610612752,NYK,1626157,Towns,K. Towns,0,0,0,,0,,,0,v,Towns REBOUND (Off:3 Def:9),Rebound,Unknown,1,0,518
0042400304,726,PT00M08.60S,4,1610612752,NYK,1628969,Bridges,M. Bridges,-172,222,28,Made,1,128,121,249,v,Bridges 28' 3PT Running Pull-Up Jump Shot (17 PTS) (Towns 3 AST),Made Shot,Running Pull-Up Jump Shot,1,3,519
0042400304,728,PT00M06.40S,4,1610612752,NYK,1628969,Bridges,M. Bridges,0,0,0,,0,,,0,v,Bridges Personal Take Foul (P4.PN) (D.Guthrie),Foul,Personal Take,1,0,520
0042400304,730,PT00M06.40S,4,1610612754,IND,1631097,Mathurin,B. Mathurin,0,0,0,,0,129,121,250,h,Mathurin Free Throw 1 of 2 (19 PTS),Free Throw,Free Throw 1 of 2,1,0,521
0042400304,731,PT00M06.40S,4,1610612754,IND,1631097,Mathurin,B. Mathurin,0,0,0,,0,130,121,251,h,Mathurin Free Throw 2 of 2 (20 PTS),Free Throw,Free Throw 2 of 2,1,0,522
0042400304,732,PT00M03.20S,4,1610612752,NYK,1629013,Shamet,L. Shamet,205,96,23,Missed,1,,,0,v,MISS Shamet 23' Jump Shot,Missed Shot,Jump Shot,1,2,523
0042400304,733,PT00M03.20S,4,1610612754,IND,1631097,Mathurin,B. Mathurin,0,0,0,,0,,,0,h,Mathurin REBOUND (Off:0 Def:2),Rebound,Unknown,1,0,524
0042400304,734,PT00M00.00S,4,0,,0,,,0,0,0,,0,130,121,251,,End of 4th Period (10:49 PM EST),period,end,1,0,525
0042400305,2,PT12M00.00S,1,0,,0,,,0,0,0,,0,0,0,0,,Start of 1st Period (8:06 PM EST),period,start,0,0,1
0042400305,4,PT12M00.00S,1,1610612752,NYK,1629011,Robinson,M. Robinson,0,0,0,,0,,,0,h,Jump Ball Robinson vs. Turner: Tip to Brunson,Jump Ball,,1,0,2
0042400305,7,PT11M42.00S,1,1610612752,NYK,1628973,Brunson,J. Brunson,11,78,8,Made,1,2,0,2,h,Brunson 8' Driving Floating Jump Shot (2 PTS) (Bridges 1 AST),Made Shot,Driving Floating Jump Shot,1,2,3
0042400305,9,PT11M28.00S,1,1610612754,IND,1626167,Turner,M. Turner,0,0,0,,0,,,0,v,Turner Traveling Turnover (P1.T1),Turnover,Traveling,1,0,4
0042400305,10,PT11M06.00S,1,1610612752,NYK,1628973,Brunson,J. Brunson,107,-1,11,Made,1,4,0,4,h,Brunson 11' Step Back Jump Shot (4 PTS),Made Shot,Step Back Jump shot,1,2,5
0042400305,11,PT10M51.00S,1,1610612754,IND,1627783,Siakam,P. Siakam,0,0,0,,0,,,0,v,Siakam Bad Pass Turnover (P1.T2),Turnover,Bad Pass,1,0,6
0042400305,11,PT10M51.00S,1,1610612752,NYK,1628384,Anunoby,O. Anunoby,0,0,0,,0,,,0,h,Anunoby STEAL (1 STL),,,1,0,7
0042400305,13,PT10M43.00S,1,1610612752,NYK,1626157,Towns,K. Towns,34,271,27,Missed,1,,,0,h,MISS Towns 27' 3PT Jump Shot,Missed Shot,Jump Shot,1,3,8
0042400305,14,PT10M41.00S,1,0,,1610612752,,,0,0,0,,0,,,0,h,KNICKS Rebound,Rebound,Unknown,0,0,9
0042400305,16,PT10M31.00S,1,1610612752,NYK,1628973,Brunson,J. Brunson,-39,32,5,Made,1,6,0,6,h,Brunson 5' Floating Jump Shot (6 PTS),Made Shot,Floating Jump shot,1,2,10
0042400305,17,PT10M18.00S,1,1610612754,IND,1626167,Turner,M. Turner,-108,243,27,Made,1,6,3,9,v,Turner 27' 3PT Jump Shot (3 PTS) (Haliburton 1 AST),Made Shot,Jump Shot,1,3,11
0042400305,19,PT09M53.00S,1,1610612752,NYK,1629011,Robinson,M. Robinson,-15,11,2,Made,1,8,3,11,h,Robinson 2' Alley Oop Dunk (2 PTS) (Brunson 1 AST),Made Shot,Alley Oop Dunk Shot,1,2,12
0042400305,21,PT09M32.00S,1,1610612754,IND,1627783,Siakam,P. Siakam,-9,256,26,Missed,1,,,0,v,MISS Siakam 26' 3PT Jump Shot,Missed Shot,Jump Shot,1,3,13
0042400305,22,PT09M30.00S,1,1610612752,NYK,1626157,Towns,K. Towns,0,0,0,,0,,,0,h,Towns REBOUND (Off:0 Def:1),Rebound,Unknown,1,0,14
0042400305,23,PT09M22.00S,1,1610612754,IND,1629614,Nembhard,A. Nembhard,0,0,0,,0,,,0,v,Nembhard S.FOUL (P1.T1) (J.Tiven),Foul,Shooting,1,0,15
0042400305,25,PT09M22.00S,1,1610612752,NYK,1628384,Anunoby,O. Anunoby,0,0,0,,0,9,3,12,h,Anunoby Free Throw 1 of 2 (1 PTS),Free Throw,Free Throw 1 of 2,1,0,16
0042400305,26,PT09M22.00S,1,0,,1610612754,,,0,0,0,,0,,,0,v,Pacers Timeout: Regular (Reg.1 Short 0),Timeout,Regular,0,0,17
0042400305,27,PT09M22.00S,1,1610612752,NYK,1628384,Anunoby,O. Anunoby,0,0,0,,0,10,3,13,h,Anunoby Free Throw 2 of 2 (2 PTS),Free Throw,Free Throw 2 of 2,1,0,18
0042400305,28,PT09M14.00S,1,1610612754,IND,1627783,Siakam,P. Siakam,59,54,8,Made,1,10,5,15,v,Siakam 8' Turnaround Fadeaway (2 PTS),Made Shot,Turnaround Fadeaway shot,1,2,19
0042400305,29,PT08M53.00S,1,1610612752,NYK,1626157,Towns,K. Towns,-39,27,5,Missed,1,,,0,h,MISS Towns 5' Driving Floating Bank Jump Shot,Missed Shot,Driving Floating Bank Jump Shot,1,2,20
0042400305,30,PT08M50.00S,1,1610612754,IND,1627783,Siakam,P. Siakam,0,0,0,,0,,,0,v,Siakam REBOUND (Off:0 Def:1),Rebound,Unknown,1,0,21
0042400305,31,PT08M43.00S,1,1610612754,IND,1630174,Nesmith,A. Nesmith,224,63,0,Missed,1,,,0,v,MISS Nesmith 3PT Jump Shot,Missed Shot,Jump Shot,1,3,22
0042400305,32,PT08M41.00S,1,1610612752,NYK,1628973,Brunson,J. Brunson,0,0,0,,0,,,0,h,Brunson REBOUND (Off:0 Def:1),Rebound,Unknown,1,0,23
0042400305,33,PT08M32.00S,1,1610612754,IND,1630174,Nesmith,A. Nesmith,0,0,0,,0,,,0,v,Nesmith P.FOUL (P1.T2) (Z.Zarba),Foul,Personal,1,0,24
0042400305,35,PT08M32.00S,1,1610612754,IND,1630174,Nesmith,A. Nesmith,0,0,0,,0,,,0,v,SUB: Sheppard FOR Nesmith,Substitution,,0,0,25
0042400305,37,PT08M23.00S,1,1610612752,NYK,1626157,Towns,K. Towns,0,0,0,,0,,,0,h,Towns Bad Pass Turnover (P1.T1),Turnover,Bad Pass,1,0,26
0042400305,37,PT08M23.00S,1,1610612754,IND,1629614,Nembhard,A. Nembhard,0,0,0,,0,,,0,v,Nembhard STEAL (1 STL),,,1,0,27
0042400305,39,PT08M07.00S,1,1610612754,IND,1641767,Sheppard,B. Sheppard,136,215,25,Made,1,10,8,18,v,Sheppard 25' 3PT Jump Shot (3 PTS) (Nembhard 1 AST),Made Shot,Jump Shot,1,3,28
0042400305,41,PT07M49.00S,1,1610612752,NYK,1628973,Brunson,J. Brunson,9,58,6,Missed,1,,,0,h,MISS Brunson 6' Driving Floating Jump Shot,Missed Shot,Driving Floating Jump Shot,1,2,29
0042400305,42,PT07M47.00S,1,1610612754,IND,1641767,Sheppard,B. Sheppard,0,0,0,,0,,,0,v,Sheppard REBOUND (Off:0 Def:1),Rebound,Unknown,1,0,30
0042400305,43,PT07M39.00S,1,1610612752,NYK,1626157,Towns,K. Towns,0,0,0,,0,,,0,h,Towns S.FOUL (P1.T1) (J.Williams),Foul,Shooting,1,0,31
0042400305,45,PT07M39.00S,1,1610612754,IND,1627783,Siakam,P. Siakam,0,0,0,,0,,,0,v,MISS Siakam Free Throw 1 of 2,Free Throw,Free Throw 1 of 2,1,0,32
0042400305,46,PT07M39.00S,1,0,,1610612754,,,0,0,0,,0,,,0,v,Pacers Rebound,Rebound,Normal Rebound,0,0,33
0042400305,47,PT07M39.00S,1,1610612754,IND,1627783,Siakam,P. Siakam,0,0,0,,0,10,9,19,v,Siakam Free Throw 2 of 2 (3 PTS),Free Throw,Free Throw 2 of 2,1,0,34
0042400305,48,PT07M18.00S,1,1610612752,NYK,1628969,Bridges,M. Bridges,34,105,11,Made,1,12,9,21,h,Bridges 11' Fadeaway Jumper (2 PTS),Made Shot,Fadeaway Jump Shot,1,2,35
0042400305,49,PT07M05.00S,1,1610612754,IND,1627783,Siakam,P. Siakam,9,67,7,Missed,1,,,0,v,MISS Siakam 7' Turnaround Jump Shot,Missed Shot,Turnaround Jump Shot,1,2,36
0042400305,50,PT07M02.00S,1,1610612754,IND,1629614,Nembhard,A. Nembhard,0,0,0,,0,,,0,v,Nembhard REBOUND (Off:1 Def:0),Rebound,Unknown,1,0,37
0042400305,51,PT07M02.00S,1,1610612754,IND,1629614,Nembhard,A. Nembhard,0,0,0,Missed,1,,,0,v,MISS Nembhard Tip Layup Shot,Missed Shot,Tip Layup Shot,1,2,38
0042400305,52,PT07M02.00S,1,0,,1610612752,,,0,0,0,,0,,,0,h,KNICKS Rebound,Rebound,Unknown,0,0,39
0042400305,54,PT06M46.00S,1,1610612752,NYK,1628969,Bridges,M. Bridges,-10,17,2,Missed,1,,,0,h,MISS Bridges 2' Driving Finger Roll Layup,Missed Shot,Driving Finger Roll Layup Shot,1,2,40
0042400305,54,PT06M46.00S,1,1610612754,IND,1626167,Turner,M. Turner,0,0,0,,0,,,0,v,Turner BLOCK (1 BLK),,,1,2,41
0042400305,56,PT06M45.00S,1,1610612754,IND,1630169,Haliburton,T. Haliburton,0,0,0,,0,,,0,v,Haliburton REBOUND (Off:0 Def:1),Rebound,Unknown,1,0,42
0042400305,57,PT06M32.00S,1,1610612754,IND,1630169,Haliburton,T. Haliburton,59,78,10,Missed,1,,,0,v,MISS Haliburton 10' Driving Floating Bank Jump Shot,Missed Shot,Driving Floating Bank Jump Shot,1,2,43
0042400305,58,PT06M29.00S,1,1610612752,NYK,1626157,Towns,K. Towns,0,0,0,,0,,,0,h,Towns REBOUND (Off:0 Def:2),Rebound,Unknown,1,0,44
0042400305,59,PT06M21.00S,1,1610612752,NYK,1628384,Anunoby,O. Anunoby,16,26,3,Missed,1,,,0,h,MISS Anunoby 3' Driving Layup,Missed Shot,Driving Layup Shot,1,2,45
0042400305,60,PT06M20.00S,1,0,,1610612752,,,0,0,0,,0,,,0,h,KNICKS Rebound,Rebound,Unknown,1,0,46
0042400305,61,PT06M20.00S,1,1610612754,IND,1626167,Turner,M. Turner,0,0,0,,0,,,0,v,Turner L.B.FOUL (P1.T3) (Z.Zarba),Foul,Loose Ball,1,0,47
0042400305,63,PT06M13.00S,1,1610612752,NYK,1628384,Anunoby,O. Anunoby,-138,206,25,Missed,1,,,0,h,MISS Anunoby 25' 3PT Step Back Jump Shot,Missed Shot,Step Back Jump shot,1,3,48
0042400305,64,PT06M11.00S,1,1610612754,IND,1626167,Turner,M. Turner,0,0,0,,0,,,0,v,Turner REBOUND (Off:0 Def:1),Rebound,Unknown,1,0,49
0042400305,65,PT06M05.00S,1,1610612752,NYK,1628384,Anunoby,O. Anunoby,0,0,0,,0,,,0,h,Anunoby S.FOUL (P1.T2) (J.Williams),Foul,Shooting,1,0,50
0042400305,67,PT06M05.00S,1,1610612754,IND,1630169,Haliburton,T. Haliburton,0,0,0,,0,12,10,22,v,Haliburton Free Throw 1 of 3 (1 PTS),Free Throw,Free Throw 1 of 3,1,0,51
0042400305,68,PT06M05.00S,1,1610612754,IND,1630169,Haliburton,T. Haliburton,0,0,0,,0,12,11,23,v,Haliburton Free Throw 2 of 3 (2 PTS),Free Throw,Free Throw 2 of 3,1,0,52
0042400305,69,PT06M05.00S,1,1610612754,IND,1627783,Siakam,P. Siakam,0,0,0,,0,,,0,v,SUB: Toppin FOR Siakam,Substitution,,0,0,53
0042400305,71,PT06M05.00S,1,1610612754,IND,1630169,Haliburton,T. Haliburton,0,0,0,,0,,,0,v,MISS Haliburton Free Throw 3 of 3,Free Throw,Free Throw 3 of 3,1,0,54
0042400305,72,PT06M03.00S,1,1610612752,NYK,1626157,Towns,K. Towns,0,0,0,,0,,,0,h,Towns REBOUND (Off:0 Def:3),Rebound,Unknown,1,0,55
0042400305,73,PT05M47.00S,1,1610612752,NYK,1626157,Towns,K. Towns,229,52,0,Made,1,15,11,26,h,Towns 3PT Jump Shot (3 PTS) (Bridges 2 AST),Made Shot,Jump Shot,1,3,56
0042400305,75,PT05M37.00S,1,1610612754,IND,1629614,Nembhard,A. Nembhard,-18,-6,2,Missed,1,,,0,v,MISS Nembhard 2' Driving Reverse Layup,Missed Shot,Driving Reverse Layup Shot,1,2,57
0042400305,76,PT05M35.00S,1,1610612752,NYK,1628973,Brunson,J. Brunson,0,0,0,,0,,,0,h,Brunson REBOUND (Off:0 Def:2),Rebound,Unknown,1,0,58
0042400305,77,PT05M26.00S,1,1610612752,NYK,1626157,Towns,K. Towns,-4,1,0,Made,1,17,11,28,h,Towns Driving Layup (5 PTS) (Brunson 2 AST),Made Shot,Driving Layup Shot,1,2,59
0042400305,79,PT05M16.00S,1,1610612754,IND,1629614,Nembhard,A. Nembhard,-26,113,12,Made,1,17,13,30,v,Nembhard 12' Fadeaway Jumper (2 PTS),Made Shot,Fadeaway Jump Shot,1,2,60
0042400305,80,PT05M00.00S,1,1610612752,NYK,1628973,Brunson,J. Brunson,39,269,27,Made,1,20,13,33,h,Brunson 27' 3PT Pullup Jump Shot (9 PTS),Made Shot,Pullup Jump shot,1,3,61
0042400305,81,PT04M33.00S,1,1610612754,IND,1630169,Haliburton,T. Haliburton,-195,175,26,Missed,1,,,0,v,MISS Haliburton 26' 3PT Pullup Jump Shot,Missed Shot,Pullup Jump shot,1,3,62
0042400305,82,PT04M30.00S,1,1610612752,NYK,1629011,Robinson,M. Robinson,0,0,0,,0,,,0,h,Robinson REBOUND (Off:0 Def:1),Rebound,Unknown,1,0,63
0042400305,83,PT04M26.00S,1,1610612752,NYK,1628973,Brunson,J. Brunson,-114,221,25,Made,1,23,13,36,h,Brunson 25' 3PT Running Pull-Up Jump Shot (12 PTS),Made Shot,Running Pull-Up Jump Shot,1,3,64
0042400305,84,PT04M23.00S,1,0,,1610612754,,,0,0,0,,0,,,0,v,Pacers Timeout: Regular (Reg.2 Short 0),Timeout,Regular,0,0,65
0042400305,85,PT04M23.00S,1,1610612752,NYK,1628384,Anunoby,O. Anunoby,0,0,0,,0,,,0,h,SUB: McBride FOR Anunoby,Substitution,,0,0,66
0042400305,86,PT04M23.00S,1,1610612752,NYK,1626157,Towns,K. Towns,0,0,0,,0,,,0,h,SUB: Hart FOR Towns,Substitution,,0,0,67
0042400305,87,PT04M23.00S,1,1610612754,IND,1629614,Nembhard,A. Nembhard,0,0,0,,0,,,0,v,SUB: McConnell FOR Nembhard,Substitution,,0,0,68
0042400305,95,PT04M23.00S,1,1610612754,IND,1626167,Turner,M. Turner,0,0,0,,0,,,0,v,SUB: Bradley FOR Turner,Substitution,,0,0,69
0042400305,91,PT04M05.00S,1,1610612754,IND,204456,McConnell,T. McConnell,13,0,1,Missed,1,,,0,v,MISS McConnell 1' Driving Finger Roll Layup,Missed Shot,Driving Finger Roll Layup Shot,1,2,70
0042400305,92,PT04M04.00S,1,1610612754,IND,1628396,Bradley,T. Bradley,0,0,0,,0,,,0,v,Bradley REBOUND (Off:1 Def:0),Rebound,Unknown,1,0,71
0042400305,93,PT04M03.00S,1,1610612754,IND,1628396,Bradley,T. Bradley,-1,15,2,Missed,1,,,0,v,MISS Bradley 2' Putback Layup,Missed Shot,Putback Layup Shot,1,2,72
0042400305,94,PT04M03.00S,1,1610612754,IND,1628396,Bradley,T. Bradley,0,0,0,,0,,,0,v,Bradley REBOUND (Off:2 Def:0),Rebound,Unknown,0,0,73
0042400305,98,PT04M02.00S,1,1610612752,NYK,1630540,McBride,M. McBride,0,0,0,,0,,,0,h,McBride S.FOUL (P1.T3) (J.Tiven),Foul,Shooting,1,0,74
0042400305,100,PT04M02.00S,1,1610612754,IND,1630167,Toppin,O. Toppin,0,0,0,,0,23,14,37,v,Toppin Free Throw 1 of 2 (1 PTS),Free Throw,Free Throw 1 of 2,1,0,75
0042400305,101,PT04M02.00S,1,1610612754,IND,1630167,Toppin,O. Toppin,0,0,0,,0,23,15,38,v,Toppin Free Throw 2 of 2 (2 PTS),Free Throw,Free Throw 2 of 2,1,0,76
0042400305,102,PT03M38.00S,1,1610612752,NYK,1628973,Brunson,J. Brunson,-34,145,15,Made,1,25,15,40,h,Brunson 15' Turnaround Fadeaway (14 PTS),Made Shot,Turnaround Fadeaway shot,1,2,77
0042400305,103,PT03M14.00S,1,1610612754,IND,204456,McConnell,T. McConnell,-113,223,25,Made,1,25,18,43,v,McConnell 25' 3PT Jump Shot (3 PTS) (Sheppard 1 AST),Made Shot,Jump Shot,1,3,78
0042400305,105,PT02M46.00S,1,1610612752,NYK,1630540,McBride,M. McBride,51,113,12,Missed,1,,,0,h,MISS McBride 12' Pullup Jump Shot,Missed Shot,Pullup Jump shot,1,2,79
0042400305,105,PT02M46.00S,1,1610612754,IND,204456,McConnell,T. McConnell,0,0,0,,0,,,0,v,McConnell BLOCK (1 BLK),,,1,2,80
0042400305,107,PT02M44.00S,1,1610612754,IND,1630167,Toppin,O. Toppin,0,0,0,,0,,,0,v,Toppin REBOUND (Off:0 Def:1),Rebound,Unknown,1,0,81
0042400305,108,PT02M24.00S,1,1610612754,IND,1641767,Sheppard,B. Sheppard,13,47,5,Missed,1,,,0,v,MISS Sheppard 5' Driving Floating Jump Shot,Missed Shot,Driving Floating Jump Shot,1,2,82
0042400305,109,PT02M21.00S,1,1610612752,NYK,1629011,Robinson,M. Robinson,0,0,0,,0,,,0,h,Robinson REBOUND (Off:0 Def:2),Rebound,Unknown,1,0,83
0042400305,110,PT02M13.00S,1,1610612752,NYK,1629011,Robinson,M. Robinson,-6,5,1,Made,1,27,18,45,h,Robinson 1' Cutting Dunk Shot (4 PTS) (Hart 1 AST),Made Shot,Cutting Dunk Shot,1,2,84
0042400305,112,PT02M01.00S,1,1610612754,IND,1630167,Toppin,O. Toppin,83,236,25,Missed,1,,,0,v,MISS Toppin 25' 3PT Jump Shot,Missed Shot,Jump Shot,1,3,85
0042400305,113,PT01M58.00S,1,1610612752,NYK,1629011,Robinson,M. Robinson,0,0,0,,0,,,0,h,Robinson REBOUND (Off:0 Def:3),Rebound,Unknown,1,0,86
0042400305,114,PT01M52.00S,1,1610612752,NYK,1628973,Brunson,J. Brunson,87,243,26,Missed,1,,,0,h,MISS Brunson 26' 3PT Running Pull-Up Jump Shot,Missed Shot,Running Pull-Up Jump Shot,1,3,87
0042400305,115,PT01M50.00S,1,1610612754,IND,204456,McConnell,T. McConnell,0,0,0,,0,,,0,v,McConnell REBOUND (Off:0 Def:1),Rebound,Unknown,1,0,88
0042400305,122,PT01M50.00S,1,1610612754,IND,1630167,Toppin,O. Toppin,0,0,0,,0,,,0,v,Toppin Out of Bounds Lost Ball Turnover (P1.T3),Turnover,Out of Bounds Lost Ball Turnover,1,0,89
0042400305,117,PT01M46.00S,1,1610612754,IND,1630169,Haliburton,T. Haliburton,0,0,0,,0,,,0,v,SUB: Mathurin FOR Haliburton,Substitution,,0,0,90
0042400305,118,PT01M46.00S,1,1610612754,IND,1630167,Toppin,O. Toppin,0,0,0,,0,,,0,v,SUB: Siakam FOR Toppin,Substitution,,0,0,91
0042400305,123,PT01M28.00S,1,1610612752,NYK,1628969,Bridges,M. Bridges,181,179,25,Missed,1,,,0,h,MISS Bridges 25' 3PT Jump Shot,Missed Shot,Jump Shot,1,3,92
0042400305,124,PT01M26.00S,1,1610612754,IND,204456,McConnell,T. McConnell,0,0,0,,0,,,0,v,McConnell REBOUND (Off:0 Def:2),Rebound,Unknown,1,0,93
0042400305,125,PT01M21.00S,1,1610612754,IND,1627783,Siakam,P. Siakam,17,12,2,Made,1,27,20,47,v,Siakam 2' Running Layup (5 PTS) (McConnell 1 AST),Made Shot,Running Layup Shot,1,2,94
0042400305,127,PT01M03.00S,1,1610612752,NYK,1628973,Brunson,J. Brunson,6,16,2,Missed,1,,,0,h,MISS Brunson 2' Finger Roll Layup,Missed Shot,Finger Roll Layup Shot,1,2,95
0042400305,128,PT01M00.00S,1,1610612754,IND,1627783,Siakam,P. Siakam,0,0,0,,0,,,0,v,Siakam REBOUND (Off:0 Def:2),Rebound,Unknown,1,0,96
0042400305,129,PT00M45.30S,1,1610612754,IND,1631097,Mathurin,B. Mathurin,29,251,25,Made,1,27,23,50,v,Mathurin 25' 3PT Pullup Jump Shot (3 PTS) (Siakam 1 AST),Made Shot,Pullup Jump shot,1,3,97
0042400305,131,PT00M28.70S,1,1610612752,NYK,1628404,Hart,J. Hart,-88,236,25,Missed,1,,,0,h,MISS Hart 25' 3PT Jump Shot,Missed Shot,Jump Shot,1,3,98
0042400305,132,PT00M25.90S,1,1610612754,IND,204456,McConnell,T. McConnell,0,0,0,,0,,,0,v,McConnell REBOUND (Off:0 Def:3),Rebound,Unknown,1,0,99
0042400305,133,PT00M03.30S,1,1610612754,IND,1631097,Mathurin,B. Mathurin,233,69,24,Missed,1,,,0,v,MISS Mathurin 24' 3PT Jump Shot,Missed Shot,Jump Shot,1,3,100
0042400305,134,PT00M00.40S,1,1610612752,NYK,1628969,Bridges,M. Bridges,0,0,0,,0,,,0,h,Bridges REBOUND (Off:0 Def:1),Rebound,Unknown,1,0,101
0042400305,135,PT00M00.00S,1,1610612752,NYK,1628969,Bridges,M. Bridges,-67,449,45,Missed,1,,,0,h,MISS Bridges 45' 3PT Pullup Jump Shot,Missed Shot,Pullup Jump shot,1,3,102
0042400305,136,PT00M00.00S,1,0,,1610612752,,,0,0,0,,0,,,0,h,KNICKS Rebound,Rebound,Unknown,0,0,103
0042400305,137,PT00M00.00S,1,0,,0,,,0,0,0,,0,27,23,50,,End of 1st Period (8:32 PM EST),period,end,1,0,104
0042400305,146,PT12M00.00S,2,0,,0,,,0,0,0,,0,27,23,50,,Start of 2nd Period (8:36 PM EST),period,start,0,0,105
0042400305,147,PT11M51.00S,2,1610612754,IND,1627783,Siakam,P. Siakam,86,8,9,Missed,1,,,0,v,MISS Siakam 9' Turnaround Fadeaway Shot,Missed Shot,Turnaround Fadeaway shot,0,2,106
0042400305,148,PT11M48.00S,2,1610612752,NYK,1626157,Towns,K. Towns,0,0,0,,0,,,0,h,Towns REBOUND (Off:0 Def:4),Rebound,Unknown,0,0,107
0042400305,149,PT11M24.00S,2,1610612752,NYK,1626157,Towns,K. Towns,-27,27,4,Made,1,29,23,52,h,Towns 4' Driving Floating Jump Shot (7 PTS),Made Shot,Driving Floating Jump Shot,1,2,108
0042400305,150,PT11M11.00S,2,1610612754,IND,204456,McConnell,T. McConnell,-131,218,25,Missed,1,,,0,v,MISS McConnell 25' 3PT Pullup Jump Shot,Missed Shot,Pullup Jump shot,1,3,109
0042400305,151,PT11M08.00S,2,1610612754,IND,1627783,Siakam,P. Siakam,0,0,0,,0,,,0,v,Siakam REBOUND (Off:1 Def:2),Rebound,Unknown,1,0,110
0042400305,152,PT10M56.00S,2,1610612754,IND,204456,McConnell,T. McConnell,25,20,3,Made,1,29,25,54,v,McConnell 3' Driving Finger Roll Layup (5 PTS) (Siakam 2 AST),Made Shot,Driving Finger Roll Layup Shot,1,2,111
0042400305,154,PT10M33.00S,2,1610612752,NYK,1626153,Wright,D. Wright,-132,215,25,Missed,1,,,0,h,MISS Wright 25' 3PT Jump Shot,Missed Shot,Jump Shot,1,3,112
0042400305,155,PT10M31.00S,2,1610612754,IND,1631097,Mathurin,B. Mathurin,0,0,0,,0,,,0,v,Mathurin REBOUND (Off:0 Def:1),Rebound,Unknown,1,0,113
0042400305,156,PT10M22.00S,2,1610612754,IND,1630167,Toppin,O. Toppin,206,146,25,Missed,1,,,0,v,MISS Toppin 25' 3PT Jump Shot,Missed Shot,Jump Shot,1,3,114
0042400305,157,PT10M19.00S,2,1610612752,NYK,1626157,Towns,K. Towns,0,0,0,,0,,,0,h,Towns REBOUND (Off:0 Def:5),Rebound,Unknown,1,0,115
0042400305,158,PT10M05.00S,2,1610612752,NYK,1626157,Towns,K. Towns,9,6,1,Made,1,31,25,56,h,Towns 1' Driving Layup (9 PTS),Made Shot,Driving Layup Shot,1,2,116
0042400305,160,PT10M05.00S,2,1610612754,IND,1627783,Siakam,P. Siakam,0,0,0,,0,,,0,v,Siakam S.FOUL (P1.T1) (J.Tiven),Foul,Shooting,1,0,117
0042400305,162,PT10M05.00S,2,1610612752,NYK,1626157,Towns,K. Towns,0,0,0,,0,32,25,57,h,Towns Free Throw 1 of 1 (10 PTS),Free Throw,Free Throw 1 of 1,1,0,118
0042400305,163,PT09M48.00S,2,1610612754,IND,1630167,Toppin,O. Toppin,-6,-3,1,Made,1,32,27,59,v,Toppin 1' Driving Layup (4 PTS) (McConnell 2 AST),Made Shot,Driving Layup Shot,1,2,119
0042400305,165,PT09M39.00S,2,1610612752,NYK,1630540,McBride,M. McBride,0,0,0,,0,,,0,h,McBride Out of Bounds - Bad Pass Turnover Turnover (P1.T2),Turnover,Out of Bounds - Bad Pass Turnover,1,0,120
0042400305,166,PT09M27.00S,2,1610612754,IND,1630167,Toppin,O. Toppin,11,6,1,Made,1,32,29,61,v,Toppin 1' Driving Finger Roll Layup (6 PTS) (McConnell 3 AST),Made Shot,Driving Finger Roll Layup Shot,1,2,121
0042400305,168,PT09M02.00S,2,1610612752,NYK,1626153,Wright,D. Wright,-109,229,25,Missed,1,,,0,h,MISS Wright 25' 3PT Jump Shot,Missed Shot,Jump Shot,1,3,122
0042400305,169,PT08M59.00S,2,1610612752,NYK,1626157,Towns,K. Towns,0,0,0,,0,,,0,h,Towns REBOUND (Off:1 Def:5),Rebound,Unknown,1,0,123
0042400305,170,PT08M57.00S,2,1610612752,NYK,1626157,Towns,K. Towns,-1,-4,0,Made,1,34,29,63,h,Towns Putback Layup (12 PTS),Made Shot,Putback Layup Shot,1,2,124
0042400305,171,PT08M45.00S,2,1610612754,IND,1627783,Siakam,P. Siakam,153,200,25,Made,1,34,32,66,v,Siakam 25' 3PT Jump Shot (8 PTS) (McConnell 4 AST),Made Shot,Jump Shot,1,3,125
0042400305,173,PT08M17.00S,2,1610612752,NYK,1630540,McBride,M. McBride,-230,67,24,Made,1,37,32,69,h,McBride 24' 3PT Jump Shot (3 PTS) (Towns 1 AST),Made Shot,Jump Shot,1,3,126
0042400305,175,PT07M59.00S,2,1610612754,IND,1630167,Toppin,O. Toppin,4,69,7,Missed,1,,,0,v,MISS Toppin 7' Fadeaway Bank Shot,Missed Shot,Fadeaway Bank shot,1,2,127
0042400305,176,PT07M56.00S,2,1610612752,NYK,1628404,Hart,J. Hart,0,0,0,,0,,,0,h,Hart REBOUND (Off:0 Def:1),Rebound,Unknown,1,0,128
0042400305,177,PT07M54.00S,2,1610612752,NYK,1628404,Hart,J. Hart,21,9,2,Made,1,39,32,71,h,Hart 2' Running Layup (2 PTS),Made Shot,Running Layup Shot,1,2,129
0042400305,178,PT07M54.00S,2,1610612754,IND,1631097,Mathurin,B. Mathurin,0,0,0,,0,,,0,v,Mathurin S.FOUL (P1.T2) (J.Williams),Foul,Shooting,1,0,130
0042400305,180,PT07M54.00S,2,1610612752,NYK,1630540,McBride,M. McBride,0,0,0,,0,,,0,h,SUB: Anunoby FOR McBride,Substitution,,0,0,131
0042400305,181,PT07M54.00S,2,1610612754,IND,1641767,Sheppard,B. Sheppard,0,0,0,,0,,,0,v,SUB: Nesmith FOR Sheppard,Substitution,,0,0,132
0042400305,184,PT07M54.00S,2,1610612754,IND,1630167,Toppin,O. Toppin,0,0,0,,0,,,0,v,SUB: Turner FOR Toppin,Substitution,,0,0,133
0042400305,186,PT07M54.00S,2,1610612752,NYK,1628404,Hart,J. Hart,0,0,0,,0,40,32,72,h,Hart Free Throw 1 of 1 (3 PTS),Free Throw,Free Throw 1 of 1,1,0,134
0042400305,187,PT07M37.00S,2,1610612752,NYK,1628384,Anunoby,O. Anunoby,0,0,0,,0,,,0,h,Anunoby P.FOUL (P2.T1) (J.Tiven),Foul,Personal,1,0,135
0042400305,189,PT07M30.00S,2,1610612754,IND,1631097,Mathurin,B. Mathurin,4,25,3,Missed,1,,,0,v,MISS Mathurin 3' Driving Floating Jump Shot,Missed Shot,Driving Floating Jump Shot,1,2,136
0042400305,190,PT07M29.00S,2,1610612754,IND,1631097,Mathurin,B. Mathurin,0,0,0,,0,,,0,v,Mathurin REBOUND (Off:1 Def:1),Rebound,Unknown,1,0,137
0042400305,224,PT07M28.00S,2,1610612754,IND,1631097,Mathurin,B. Mathurin,0,0,0,,0,,,0,v,Mathurin Lost Ball Turnover (P1.T4),Turnover,Lost Ball,1,0,138
0042400305,224,PT07M28.00S,2,1610612752,NYK,1628404,Hart,J. Hart,0,0,0,,0,,,0,h,Hart STEAL (1 STL),,,1,0,139
0042400305,191,PT07M19.00S,2,1610612752,NYK,1626157,Towns,K. Towns,-15,16,2,Missed,1,,,0,h,MISS Towns 2' Driving Floating Bank Jump Shot,Missed Shot,Driving Floating Bank Jump Shot,1,2,140
0042400305,192,PT07M16.00S,2,1610612754,IND,1627783,Siakam,P. Siakam,0,0,0,,0,,,0,v,Siakam REBOUND (Off:1 Def:3),Rebound,Unknown,1,0,141
0042400305,193,PT07M09.00S,2,1610612754,IND,1627783,Siakam,P. Siakam,11,254,25,Missed,1,,,0,v,MISS Siakam 25' 3PT Pullup Jump Shot,Missed Shot,Pullup Jump shot,1,3,142
0042400305,194,PT07M06.00S,2,1610612752,NYK,1626157,Towns,K. Towns,0,0,0,,0,,,0,h,Towns REBOUND (Off:1 Def:6),Rebound,Unknown,1,0,143
0042400305,195,PT06M57.00S,2,1610612752,NYK,1626157,Towns,K. Towns,12,16,2,Missed,1,,,0,h,MISS Towns 2' Driving Layup,Missed Shot,Driving Layup Shot,1,2,144
0042400305,195,PT06M57.00S,2,1610612754,IND,1626167,Turner,M. Turner,0,0,0,,0,,,0,v,Turner BLOCK (2 BLK),,,1,2,145
0042400305,197,PT06M56.00S,2,0,,1610612754,,,0,0,0,,0,,,0,v,Pacers Rebound,Rebound,Unknown,0,0,146
0042400305,199,PT06M56.00S,2,0,,1610612752,,,0,0,0,,0,,,0,h,KNICKS Timeout: Regular (Full 1 Short 0),Timeout,Regular,0,0,147
0042400305,203,PT06M56.00S,2,1610612754,IND,1631097,Mathurin,B. Mathurin,0,0,0,,0,,,0,v,SUB: Toppin FOR Mathurin,Substitution,,0,0,148
0042400305,204,PT06M56.00S,2,1610612754,IND,204456,McConnell,T. McConnell,0,0,0,,0,,,0,v,SUB: Nembhard FOR McConnell,Substitution,,0,0,149
0042400305,205,PT06M56.00S,2,1610612754,IND,1627783,Siakam,P. Siakam,0,0,0,,0,,,0,v,SUB: Haliburton FOR Siakam,Substitution,,0,0,150
0042400305,209,PT06M44.00S,2,1610612754,IND,1629614,Nembhard,A. Nembhard,15,180,18,Made,1,40,34,74,v,Nembhard 18' Pullup Jump Shot (4 PTS),Made Shot,Pullup Jump shot,1,2,151
0042400305,210,PT06M20.00S,2,1610612752,NYK,1628384,Anunoby,O. Anunoby,15,16,2,Missed,1,,,0,h,MISS Anunoby 2' Driving Layup,Missed Shot,Driving Layup Shot,1,2,152
0042400305,210,PT06M20.00S,2,1610612754,IND,1630174,Nesmith,A. Nesmith,0,0,0,,0,,,0,v,Nesmith BLOCK (1 BLK),,,1,2,153
0042400305,212,PT06M17.00S,2,1610612752,NYK,1626153,Wright,D. Wright,0,0,0,,0,,,0,h,Wright REBOUND (Off:1 Def:0),Rebound,Unknown,1,0,154
0042400305,213,PT06M16.00S,2,1610612752,NYK,1629013,Shamet,L. Shamet,82,246,26,Made,1,43,34,77,h,Shamet 26' 3PT Jump Shot (3 PTS) (Wright 1 AST),Made Shot,Jump Shot,1,3,155
0042400305,215,PT05M52.00S,2,1610612754,IND,1629614,Nembhard,A. Nembhard,69,85,11,Missed,1,,,0,v,MISS Nembhard 11' Driving Floating Bank Jump Shot,Missed Shot,Driving Floating Bank Jump Shot,1,2,156
0042400305,216,PT05M49.00S,2,1610612752,NYK,1626157,Towns,K. Towns,0,0,0,,0,,,0,h,Towns REBOUND (Off:1 Def:7),Rebound,Unknown,1,0,157
0042400305,217,PT05M42.00S,2,1610612752,NYK,1626157,Towns,K. Towns,12,6,1,Made,1,45,34,79,h,Towns 1' Driving Layup (14 PTS) (Wright 2 AST),Made Shot,Driving Layup Shot,1,2,158
0042400305,219,PT05M42.00S,2,1610612754,IND,1626167,Turner,M. Turner,0,0,0,,0,,,0,v,Turner S.FOUL (P2.T3) (J.Tiven),Foul,Shooting,1,0,159
0042400305,221,PT05M42.00S,2,1610612752,NYK,1626153,Wright,D. Wright,0,0,0,,0,,,0,h,SUB: Brunson FOR Wright,Substitution,,0,0,160
0042400305,223,PT05M42.00S,2,1610612752,NYK,1626157,Towns,K. Towns,0,0,0,,0,46,34,80,h,Towns Free Throw 1 of 1 (15 PTS),Free Throw,Free Throw 1 of 1,1,0,161
0042400305,226,PT05M26.00S,2,1610612754,IND,1630174,Nesmith,A. Nesmith,-210,-6,21,Missed,1,,,0,v,MISS Nesmith 21' Jump Shot,Missed Shot,Jump Shot,1,2,162
0042400305,227,PT05M24.00S,2,1610612752,NYK,1628973,Brunson,J. Brunson,0,0,0,,0,,,0,h,Brunson REBOUND (Off:0 Def:3),Rebound,Unknown,1,0,163
0042400305,228,PT05M10.00S,2,1610612752,NYK,1628384,Anunoby,O. Anunoby,25,-1,3,Missed,1,,,0,h,MISS Anunoby 3' Driving Layup,Missed Shot,Driving Layup Shot,1,2,164
0042400305,228,PT05M10.00S,2,1610612754,IND,1630169,Haliburton,T. Haliburton,0,0,0,,0,,,0,v,Haliburton BLOCK (1 BLK),,,1,2,165
0042400305,229,PT05M08.00S,2,1610612752,NYK,1628384,Anunoby,O. Anunoby,0,0,0,,0,,,0,h,Anunoby REBOUND (Off:1 Def:0),Rebound,Unknown,1,0,166
0042400305,230,PT05M07.00S,2,1610612752,NYK,1628384,Anunoby,O. Anunoby,2,15,2,Made,1,48,34,82,h,Anunoby 2' Putback Layup (4 PTS),Made Shot,Putback Layup Shot,1,2,167
0042400305,232,PT04M55.00S,2,1610612754,IND,1630174,Nesmith,A. Nesmith,-112,54,12,Missed,1,,,0,v,MISS Nesmith 12' Step Back Jump Shot,Missed Shot,Step Back Jump shot,1,2,168
0042400305,233,PT04M53.00S,2,1610612752,NYK,1628404,Hart,J. Hart,0,0,0,,0,,,0,h,Hart REBOUND (Off:0 Def:2),Rebound,Unknown,1,0,169
0042400305,234,PT04M50.00S,2,1610612752,NYK,1629013,Shamet,L. Shamet,0,0,0,,0,,,0,h,Shamet OFF.Foul (P1) (J.Tiven),Foul,Offensive,1,0,170
0042400305,236,PT04M50.00S,2,1610612752,NYK,1629013,Shamet,L. Shamet,0,0,0,,0,,,0,h,Shamet Offensive Foul Turnover (P1.T3),Turnover,Offensive Foul Turnover,1,0,171
0042400305,237,PT04M28.00S,2,1610612754,IND,1626167,Turner,M. Turner,-22,63,7,Made,1,48,36,84,v,Turner 7' Driving Floating Jump Shot (5 PTS),Made Shot,Driving Floating Jump Shot,1,2,172
0042400305,238,PT04M00.00S,2,1610612752,NYK,1628404,Hart,J. Hart,12,11,2,Made,1,50,36,86,h,Hart 2' Driving Layup (5 PTS) (Brunson 3 AST),Made Shot,Driving Layup Shot,1,2,173
0042400305,240,PT03M47.00S,2,1610612754,IND,1626167,Turner,M. Turner,0,0,0,,0,,,0,v,Turner OFF.Foul (P3) (J.Williams),Foul,Offensive,1,0,174
0042400305,242,PT03M47.00S,2,1610612754,IND,1626167,Turner,M. Turner,0,0,0,,0,,,0,v,Turner Offensive Foul Turnover (P2.T5),Turnover,Offensive Foul Turnover,1,0,175
0042400305,243,PT03M47.00S,2,1610612754,IND,1626167,Turner,M. Turner,0,0,0,,0,,,0,v,SUB: Siakam FOR Turner,Substitution,,0,0,176
0042400305,245,PT03M30.00S,2,1610612752,NYK,1626157,Towns,K. Towns,0,0,0,,0,,,0,h,Towns Out of Bounds - Bad Pass Turnover Turnover (P2.T4),Turnover,Out of Bounds - Bad Pass Turnover,1,0,177
0042400305,246,PT03M19.00S,2,1610612754,IND,1630167,Toppin,O. Toppin,-108,246,27,Missed,1,,,0,v,MISS Toppin 27' 3PT Jump Shot,Missed Shot,Jump Shot,1,3,178
0042400305,247,PT03M18.00S,2,1610612752,NYK,1629013,Shamet,L. Shamet,0,0,0,,0,,,0,h,Shamet REBOUND (Off:0 Def:1),Rebound,Unknown,1,0,179
0042400305,248,PT03M10.00S,2,1610612754,IND,1630167,Toppin,O. Toppin,0,0,0,,0,,,0,v,Toppin P.FOUL (P1.T4) (Z.Zarba),Foul,Personal,1,0,180
0042400305,250,PT03M10.00S,2,1610612752,NYK,1629013,Shamet,L. Shamet,0,0,0,,0,,,0,h,SUB: Bridges FOR Shamet,Substitution,,0,0,181
0042400305,252,PT03M10.00S,2,1610612754,IND,1630167,Toppin,O. Toppin,0,0,0,,0,,,0,v,SUB: Mathurin FOR Toppin,Substitution,,0,0,182
0042400305,259,PT03M02.00S,2,1610612752,NYK,1628969,Bridges,M. Bridges,0,0,0,,0,,,0,h,Bridges Bad Pass Turnover (P1.T5),Turnover,Bad Pass,1,0,183
0042400305,259,PT03M02.00S,2,1610612754,IND,1630169,Haliburton,T. Haliburton,0,0,0,,0,,,0,v,Haliburton STEAL (1 STL),,,1,0,184
0042400305,256,PT02M56.00S,2,1610612752,NYK,1628973,Brunson,J. Brunson,0,0,0,,0,,,0,h,Brunson S.FOUL (P1.T2) (J.Tiven),Foul,Shooting,1,0,185
0042400305,258,PT02M56.00S,2,0,,1610612754,,,0,0,0,,0,,,0,v,Pacers Timeout: Regular (Reg.3 Short 0),Timeout,Regular,0,0,186
0042400305,261,PT02M56.00S,2,1610612754,IND,1630174,Nesmith,A. Nesmith,0,0,0,,0,,,0,v,SUB: Walker FOR Nesmith,Substitution,,0,0,187
0042400305,263,PT02M56.00S,2,1610612754,IND,1630169,Haliburton,T. Haliburton,0,0,0,,0,50,37,87,v,Haliburton Free Throw 1 of 2 (3 PTS),Free Throw,Free Throw 1 of 2,1,0,188
0042400305,264,PT02M56.00S,2,1610612754,IND,1630169,Haliburton,T. Haliburton,0,0,0,,0,50,38,88,v,Haliburton Free Throw 2 of 2 (4 PTS),Free Throw,Free Throw 2 of 2,1,0,189
0042400305,265,PT02M41.00S,2,1610612752,NYK,1628973,Brunson,J. Brunson,-10,14,2,Missed,1,,,0,h,MISS Brunson 2' Driving Layup,Missed Shot,Driving Layup Shot,1,2,190
0042400305,266,PT02M40.00S,2,1610612752,NYK,1628404,Hart,J. Hart,0,0,0,,0,,,0,h,Hart REBOUND (Off:1 Def:2),Rebound,Unknown,1,0,191
0042400305,267,PT02M37.00S,2,1610612752,NYK,1628969,Bridges,M. Bridges,36,87,9,Missed,1,,,0,h,MISS Bridges 9' Turnaround Fadeaway Shot,Missed Shot,Turnaround Fadeaway shot,1,2,192
0042400305,268,PT02M35.00S,2,1610612754,IND,1629614,Nembhard,A. Nembhard,0,0,0,,0,,,0,v,Nembhard REBOUND (Off:1 Def:1),Rebound,Unknown,1,0,193
0042400305,269,PT02M28.00S,2,1610612752,NYK,1628404,Hart,J. Hart,0,0,0,,0,,,0,h,Hart S.FOUL (P1.T3) (J.Williams),Foul,Shooting,1,0,194
0042400305,271,PT02M28.00S,2,1610612754,IND,1627783,Siakam,P. Siakam,0,0,0,,0,50,39,89,v,Siakam Free Throw 1 of 2 (9 PTS),Free Throw,Free Throw 1 of 2,1,0,195
0042400305,272,PT02M28.00S,2,1610612754,IND,1627783,Siakam,P. Siakam,0,0,0,,0,,,0,v,MISS Siakam Free Throw 2 of 2,Free Throw,Free Throw 2 of 2,1,0,196
0042400305,273,PT02M26.00S,2,1610612752,NYK,1626157,Towns,K. Towns,0,0,0,,0,,,0,h,Towns REBOUND (Off:1 Def:8),Rebound,Unknown,1,0,197
0042400305,274,PT02M16.00S,2,1610612752,NYK,1628384,Anunoby,O. Anunoby,1,19,2,Missed,1,,,0,h,MISS Anunoby 2' Driving Layup,Missed Shot,Driving Layup Shot,1,2,198
0042400305,275,PT02M13.00S,2,1610612752,NYK,1628384,Anunoby,O. Anunoby,0,0,0,,0,,,0,h,Anunoby REBOUND (Off:2 Def:0),Rebound,Unknown,1,0,199
0042400305,276,PT02M13.00S,2,1610612752,NYK,1628384,Anunoby,O. Anunoby,0,0,0,Made,1,52,39,91,h,Anunoby Tip Layup Shot (6 PTS),Made Shot,Tip Layup Shot,1,2,200
0042400305,277,PT01M56.00S,2,1610612754,IND,1641716,Walker,J. Walker,-237,31,24,Made,1,52,42,94,v,Walker 24' 3PT Jump Shot (3 PTS) (Haliburton 2 AST),Made Shot,Jump Shot,1,3,201
0042400305,279,PT01M41.00S,2,1610612752,NYK,1628384,Anunoby,O. Anunoby,-229,3,0,Missed,1,,,0,h,MISS Anunoby 3PT Jump Shot,Missed Shot,Jump Shot,1,3,202
0042400305,280,PT01M38.00S,2,1610612754,IND,1631097,Mathurin,B. Mathurin,0,0,0,,0,,,0,v,Mathurin REBOUND (Off:1 Def:2),Rebound,Unknown,1,0,203
0042400305,281,PT01M34.00S,2,1610612754,IND,1629614,Nembhard,A. Nembhard,0,0,0,,0,,,0,v,Nembhard Lost Ball Turnover (P1.T6),Turnover,Lost Ball,1,0,204
0042400305,281,PT01M34.00S,2,1610612752,NYK,1628384,Anunoby,O. Anunoby,0,0,0,,0,,,0,h,Anunoby STEAL (2 STL),,,1,0,205
0042400305,283,PT01M30.00S,2,1610612752,NYK,1628384,Anunoby,O. Anunoby,0,0,0,,0,,,0,h,Anunoby Lost Ball Turnover (P1.T6),Turnover,Lost Ball,1,0,206
0042400305,283,PT01M30.00S,2,1610612754,IND,1627783,Siakam,P. Siakam,0,0,0,,0,,,0,v,Siakam STEAL (1 STL),,,1,0,207
0042400305,285,PT01M24.00S,2,1610612754,IND,1631097,Mathurin,B. Mathurin,-230,11,0,Made,1,52,45,97,v,Mathurin 3PT Running Pull-Up Jump Shot (6 PTS) (Haliburton 3 AST),Made Shot,Running Pull-Up Jump Shot,1,3,208
0042400305,287,PT01M01.00S,2,1610612752,NYK,1626157,Towns,K. Towns,-6,15,2,Made,1,54,45,99,h,Towns 2' Layup (17 PTS) (Hart 2 AST),Made Shot,Layup Shot,1,2,209
0042400305,289,PT00M52.60S,2,1610612754,IND,1627783,Siakam,P. Siakam,-17,71,7,Missed,1,,,0,v,MISS Siakam 7' Turnaround Hook Shot,Missed Shot,Turnaround Hook Shot,1,2,210
0042400305,290,PT00M50.30S,2,1610612752,NYK,1626157,Towns,K. Towns,0,0,0,,0,,,0,h,Towns REBOUND (Off:1 Def:9),Rebound,Unknown,1,0,211
0042400305,291,PT00M36.50S,2,1610612752,NYK,1628969,Bridges,M. Bridges,10,75,8,Made,1,56,45,101,h,Bridges 8' Fadeaway Jumper (4 PTS),Made Shot,Fadeaway Jump Shot,1,2,212
0042400305,292,PT00M23.00S,2,1610612754,IND,1641716,Walker,J. Walker,1,256,26,Missed,1,,,0,v,MISS Walker 26' 3PT Step Back Jump Shot,Missed Shot,Step Back Jump shot,1,3,213
0042400305,293,PT00M20.80S,2,1610612752,NYK,1628404,Hart,J. Hart,0,0,0,,0,,,0,h,Hart REBOUND (Off:1 Def:3),Rebound,Unknown,1,0,214
0042400305,294,PT00M02.40S,2,1610612752,NYK,1628973,Brunson,J. Brunson,0,0,0,,0,,,0,h,Brunson Bad Pass Turnover (P1.T7),Turnover,Bad Pass,1,0,215
0042400305,294,PT00M02.40S,2,1610612754,IND,1629614,Nembhard,A. Nembhard,0,0,0,,0,,,0,v,Nembhard STEAL (2 STL),,,1,0,216
0042400305,296,PT00M00.00S,2,1610612754,IND,1630169,Haliburton,T. Haliburton,-168,315,36,Missed,1,,,0,v,MISS Haliburton 36' 3PT Pullup Jump Shot,Missed Shot,Pullup Jump shot,1,3,217
0042400305,297,PT00M00.00S,2,0,,1610612754,,,0,0,0,,0,,,0,v,Pacers Rebound,Rebound,Unknown,0,0,218
0042400305,298,PT00M00.00S,2,0,,0,,,0,0,0,,0,56,45,101,,End of 2nd Period (9:02 PM EST),period,end,1,0,219
0042400305,305,PT12M00.00S,3,0,,0,,,0,0,0,,0,56,45,101,,Start of 3rd Period (9:19 PM EST),period,start,0,0,220
0042400305,306,PT11M41.00S,3,1610612754,IND,1630174,Nesmith,A. Nesmith,0,0,0,,0,,,0,v,Nesmith Traveling Turnover (P1.T7),Turnover,Traveling,1,0,221
0042400305,307,PT11M23.00S,3,1610612752,NYK,1626157,Towns,K. Towns,0,0,0,,0,,,0,h,Towns Offensive Charge Foul (P2) (Z.Zarba),Foul,Offensive Charge,1,0,222
0042400305,309,PT11M23.00S,3,1610612752,NYK,1626157,Towns,K. Towns,0,0,0,,0,,,0,h,Towns Offensive Foul Turnover (P3.T8),Turnover,Offensive Foul Turnover,1,0,223
0042400305,310,PT11M11.00S,3,1610612754,IND,1629614,Nembhard,A. Nembhard,4,13,1,Missed,1,,,0,v,MISS Nembhard 1' Driving Finger Roll Layup,Missed Shot,Driving Finger Roll Layup Shot,1,2,224
0042400305,311,PT11M09.00S,3,1610612752,NYK,1629011,Robinson,M. Robinson,0,0,0,,0,,,0,h,Robinson REBOUND (Off:0 Def:4),Rebound,Unknown,1,0,225
0042400305,313,PT10M48.00S,3,1610612752,NYK,1628973,Brunson,J. Brunson,-9,6,1,Made,1,58,45,103,h,Brunson 1' Driving Layup (16 PTS),Made Shot,Driving Layup Shot,1,2,226
0042400305,314,PT10M41.00S,3,1610612754,IND,1630174,Nesmith,A. Nesmith,-233,-12,0,Made,1,58,48,106,v,Nesmith 3PT Jump Shot (3 PTS) (Turner 1 AST),Made Shot,Jump Shot,1,3,227
0042400305,316,PT10M25.00S,3,1610612752,NYK,1628973,Brunson,J. Brunson,-12,11,2,Made,1,60,48,108,h,Brunson 2' Driving Layup (18 PTS),Made Shot,Driving Layup Shot,1,2,228
0042400305,317,PT10M25.00S,3,1610612754,IND,1630174,Nesmith,A. Nesmith,0,0,0,,0,,,0,v,Nesmith S.FOUL (P2.T1) (J.Tiven),Foul,Shooting,1,0,229
0042400305,319,PT10M25.00S,3,1610612752,NYK,1628973,Brunson,J. Brunson,0,0,0,,0,61,48,109,h,Brunson Free Throw 1 of 1 (19 PTS),Free Throw,Free Throw 1 of 1,1,0,230
0042400305,320,PT10M12.00S,3,1610612754,IND,1627783,Siakam,P. Siakam,-74,87,11,Missed,1,,,0,v,MISS Siakam 11' Jump Shot,Missed Shot,Jump Shot,1,2,231
0042400305,321,PT10M09.00S,3,1610612752,NYK,1629011,Robinson,M. Robinson,0,0,0,,0,,,0,h,Robinson REBOUND (Off:0 Def:5),Rebound,Unknown,1,0,232
0042400305,322,PT09M50.00S,3,1610612752,NYK,1628973,Brunson,J. Brunson,199,179,27,Made,1,64,48,112,h,Brunson 27' 3PT Jump Shot (22 PTS) (Towns 2 AST),Made Shot,Jump Shot,1,3,233
0042400305,324,PT09M40.00S,3,1610612754,IND,1630169,Haliburton,T. Haliburton,0,6,1,Made,1,64,50,114,v,Haliburton 1' Driving Finger Roll Layup (6 PTS),Made Shot,Driving Finger Roll Layup Shot,1,2,234
0042400305,325,PT09M33.00S,3,1610612752,NYK,1629011,Robinson,M. Robinson,0,0,0,,0,,,0,h,Robinson Bad Pass Turnover (P1.T9),Turnover,Bad Pass,1,0,235
0042400305,325,PT09M33.00S,3,1610612754,IND,1630174,Nesmith,A. Nesmith,0,0,0,,0,,,0,v,Nesmith STEAL (1 STL),,,1,0,236
0042400305,327,PT09M24.00S,3,1610612754,IND,1630169,Haliburton,T. Haliburton,15,24,3,Missed,1,,,0,v,MISS Haliburton 3' Driving Finger Roll Layup,Missed Shot,Driving Finger Roll Layup Shot,1,2,237
0042400305,327,PT09M24.00S,3,1610612752,NYK,1629011,Robinson,M. Robinson,0,0,0,,0,,,0,h,Robinson BLOCK (1 BLK),,,1,2,238
0042400305,329,PT09M23.00S,3,0,,1610612754,,,0,0,0,,0,,,0,v,Pacers Rebound,Rebound,Unknown,0,0,239
0042400305,331,PT09M14.00S,3,1610612754,IND,1626167,Turner,M. Turner,0,0,0,,0,,,0,v,Turner Out of Bounds Lost Ball Turnover (P3.T8),Turnover,Out of Bounds Lost Ball Turnover,1,0,240
0042400305,332,PT08M52.00S,3,1610612752,NYK,1628973,Brunson,J. Brunson,-159,201,26,Missed,1,,,0,h,MISS Brunson 26' 3PT Step Back Jump Shot,Missed Shot,Step Back Jump shot,1,3,241
0042400305,333,PT08M49.00S,3,1610612752,NYK,1629011,Robinson,M. Robinson,0,0,0,,0,,,0,h,Robinson REBOUND (Off:1 Def:5),Rebound,Unknown,1,0,242
0042400305,334,PT08M49.00S,3,1610612752,NYK,1629011,Robinson,M. Robinson,0,0,0,Made,1,66,50,116,h,Robinson Tip Layup Shot (6 PTS),Made Shot,Tip Layup Shot,1,2,243
0042400305,335,PT08M49.00S,3,0,,1610612754,,,0,0,0,,0,,,0,v,Pacers Timeout: Regular (Reg.4 Short 0),Timeout,Regular,0,0,244
0042400305,336,PT08M27.00S,3,1610612754,IND,1630174,Nesmith,A. Nesmith,-29,258,26,Missed,1,,,0,v,MISS Nesmith 26' 3PT Pullup Jump Shot,Missed Shot,Pullup Jump shot,1,3,245
0042400305,337,PT08M24.00S,3,1610612754,IND,1626167,Turner,M. Turner,0,0,0,,0,,,0,v,Turner REBOUND (Off:1 Def:1),Rebound,Unknown,1,0,246
0042400305,338,PT08M20.00S,3,1610612754,IND,1626167,Turner,M. Turner,0,0,0,,0,,,0,v,Turner Bad Pass Turnover (P4.T9),Turnover,Bad Pass,1,0,247
0042400305,338,PT08M20.00S,3,1610612752,NYK,1628969,Bridges,M. Bridges,0,0,0,,0,,,0,h,Bridges STEAL (1 STL),,,1,0,248
0042400305,340,PT08M09.00S,3,1610612752,NYK,1626157,Towns,K. Towns,0,0,0,,0,,,0,h,Towns Lost Ball Turnover (P4.T10),Turnover,Lost Ball,1,0,249
0042400305,343,PT08M08.00S,3,1610612752,NYK,1626157,Towns,K. Towns,0,0,0,,0,,,0,h,Towns L.B.FOUL (P3.T1) (Z.Zarba),Foul,Loose Ball,1,0,250
0042400305,345,PT08M08.00S,3,1610612754,IND,1626167,Turner,M. Turner,0,0,0,,0,,,0,v,SUB: Bradley FOR Turner,Substitution,,0,0,251
0042400305,347,PT07M53.00S,3,1610612754,IND,1630174,Nesmith,A. Nesmith,13,21,2,Missed,1,,,0,v,MISS Nesmith 2' Pullup Jump Shot,Missed Shot,Pullup Jump shot,1,2,252
0042400305,347,PT07M53.00S,3,1610612752,NYK,1628973,Brunson,J. Brunson,0,0,0,,0,,,0,h,Brunson BLOCK (1 BLK),,,1,2,253
0042400305,349,PT07M52.00S,3,0,,1610612754,,,0,0,0,,0,,,0,v,Pacers Rebound,Rebound,Unknown,0,0,254
0042400305,351,PT07M44.00S,3,1610612754,IND,1630174,Nesmith,A. Nesmith,-4,248,25,Missed,1,,,0,v,MISS Nesmith 25' 3PT Pullup Jump Shot,Missed Shot,Pullup Jump shot,1,3,255
0042400305,352,PT07M41.00S,3,1610612752,NYK,1626157,Towns,K. Towns,0,0,0,,0,,,0,h,Towns REBOUND (Off:1 Def:10),Rebound,Unknown,1,0,256
0042400305,353,PT07M36.00S,3,1610612752,NYK,1628384,Anunoby,O. Anunoby,223,2,0,Missed,1,,,0,h,MISS Anunoby 3PT Running Jump Shot,Missed Shot,Running Jump Shot,1,3,257
0042400305,354,PT07M34.00S,3,0,,1610612752,,,0,0,0,,0,,,0,h,KNICKS Rebound,Rebound,Unknown,0,0,258
0042400305,356,PT07M29.00S,3,1610612752,NYK,1628973,Brunson,J. Brunson,0,0,0,,0,,,0,h,Brunson Bad Pass Turnover (P2.T11),Turnover,Bad Pass,1,0,259
0042400305,356,PT07M29.00S,3,1610612754,IND,1627783,Siakam,P. Siakam,0,0,0,,0,,,0,v,Siakam STEAL (2 STL),,,1,0,260
0042400305,358,PT07M27.00S,3,1610612752,NYK,1629011,Robinson,M. Robinson,0,0,0,,0,,,0,h,Robinson S.FOUL (P1.T2) (Z.Zarba),Foul,Shooting,1,0,261
0042400305,360,PT07M27.00S,3,1610612754,IND,1628396,Bradley,T. Bradley,0,0,0,,0,66,51,117,v,Bradley Free Throw 1 of 2 (1 PTS),Free Throw,Free Throw 1 of 2,1,0,262
0042400305,361,PT07M27.00S,3,1610612754,IND,1628396,Bradley,T. Bradley,0,0,0,,0,66,52,118,v,Bradley Free Throw 2 of 2 (2 PTS),Free Throw,Free Throw 2 of 2,1,0,263
0042400305,362,PT07M09.00S,3,1610612754,IND,1629614,Nembhard,A. Nembhard,0,0,0,,0,,,0,v,Nembhard S.FOUL (P2.T2) (J.Tiven),Foul,Shooting,1,0,264
0042400305,364,PT07M09.00S,3,1610612752,NYK,1628973,Brunson,J. Brunson,0,0,0,,0,67,52,119,h,Brunson Free Throw 1 of 2 (23 PTS),Free Throw,Free Throw 1 of 2,1,0,265
0042400305,365,PT07M09.00S,3,1610612754,IND,1630174,Nesmith,A. Nesmith,0,0,0,,0,,,0,v,SUB: Mathurin FOR Nesmith,Substitution,,0,0,266
0042400305,366,PT07M09.00S,3,1610612754,IND,1628396,Bradley,T. Bradley,0,0,0,,0,,,0,v,SUB: Bryant FOR Bradley,Substitution,,0,0,267
0042400305,369,PT07M09.00S,3,1610612752,NYK,1628973,Brunson,J. Brunson,0,0,0,,0,68,52,120,h,Brunson Free Throw 2 of 2 (24 PTS),Free Throw,Free Throw 2 of 2,1,0,268
0042400305,370,PT06M59.00S,3,1610612754,IND,1628418,Bryant,T. Bryant,11,13,2,Missed,1,,,0,v,MISS Bryant 2' Driving Dunk,Missed Shot,Driving Dunk Shot,1,2,269
0042400305,370,PT06M59.00S,3,1610612752,NYK,1629011,Robinson,M. Robinson,0,0,0,,0,,,0,h,Robinson BLOCK (2 BLK),,,1,2,270
0042400305,372,PT06M56.00S,3,1610612752,NYK,1628969,Bridges,M. Bridges,0,0,0,,0,,,0,h,Bridges REBOUND (Off:0 Def:2),Rebound,Unknown,1,0,271
0042400305,373,PT06M41.00S,3,1610612752,NYK,1626157,Towns,K. Towns,0,20,2,Made,1,70,52,122,h,Towns 2' Driving Layup (19 PTS),Made Shot,Driving Layup Shot,1,2,272
0042400305,374,PT06M35.00S,3,1610612754,IND,1629614,Nembhard,A. Nembhard,0,0,0,,0,,,0,v,Nembhard Bad Pass Turnover (P2.T10),Turnover,Bad Pass,1,0,273
0042400305,374,PT06M35.00S,3,1610612752,NYK,1629011,Robinson,M. Robinson,0,0,0,,0,,,0,h,Robinson STEAL (1 STL),,,1,0,274
0042400305,376,PT06M32.00S,3,1610612754,IND,1629614,Nembhard,A. Nembhard,0,0,0,,0,,,0,v,Nembhard S.FOUL (P3.T3) (J.Williams),Foul,Shooting,1,0,275
0042400305,378,PT06M32.00S,3,1610612752,NYK,1628384,Anunoby,O. Anunoby,0,0,0,,0,71,52,123,h,Anunoby Free Throw 1 of 2 (7 PTS),Free Throw,Free Throw 1 of 2,1,0,276
0042400305,379,PT06M32.00S,3,1610612754,IND,1629614,Nembhard,A. Nembhard,0,0,0,,0,,,0,v,SUB: Sheppard FOR Nembhard,Substitution,,0,0,277
0042400305,381,PT06M32.00S,3,1610612752,NYK,1628384,Anunoby,O. Anunoby,0,0,0,,0,72,52,124,h,Anunoby Free Throw 2 of 2 (8 PTS),Free Throw,Free Throw 2 of 2,1,0,278
0042400305,382,PT06M24.00S,3,1610612752,NYK,1626157,Towns,K. Towns,0,0,0,,0,,,0,h,Towns S.FOUL (P4.T3) (J.Williams),Foul,Shooting,1,0,279
0042400305,384,PT06M24.00S,3,1610612754,IND,1627783,Siakam,P. Siakam,0,0,0,,0,,,0,v,MISS Siakam Free Throw 1 of 2,Free Throw,Free Throw 1 of 2,1,0,280
0042400305,385,PT06M24.00S,3,0,,1610612754,,,0,0,0,,0,,,0,v,Pacers Rebound,Rebound,Normal Rebound,0,0,281
0042400305,386,PT06M24.00S,3,1610612752,NYK,1626157,Towns,K. Towns,0,0,0,,0,,,0,h,SUB: Hart FOR Towns,Substitution,,0,0,282
0042400305,388,PT06M24.00S,3,1610612754,IND,1627783,Siakam,P. Siakam,0,0,0,,0,72,53,125,v,Siakam Free Throw 2 of 2 (10 PTS),Free Throw,Free Throw 2 of 2,1,0,283
0042400305,389,PT06M17.00S,3,1610612754,IND,1627783,Siakam,P. Siakam,0,0,0,,0,,,0,v,Siakam Violation:Kicked Ball (Z.Zarba),Violation,Kicked Ball,0,0,284
0042400305,391,PT06M08.00S,3,1610612752,NYK,1628404,Hart,J. Hart,0,0,0,,0,,,0,h,Hart Bad Pass Turnover (P1.T12),Turnover,Bad Pass,1,0,285
0042400305,391,PT06M08.00S,3,1610612754,IND,1630169,Haliburton,T. Haliburton,0,0,0,,0,,,0,v,Haliburton STEAL (2 STL),,,1,0,286
0042400305,393,PT06M04.00S,3,1610612752,NYK,1629011,Robinson,M. Robinson,0,0,0,,0,,,0,h,Robinson S.FOUL (P2.T4) (Z.Zarba),Foul,Shooting,1,0,287
0042400305,395,PT06M04.00S,3,1610612754,IND,1631097,Mathurin,B. Mathurin,0,0,0,,0,72,54,126,v,Mathurin Free Throw 1 of 2 (7 PTS),Free Throw,Free Throw 1 of 2,1,0,288
0042400305,396,PT06M04.00S,3,1610612754,IND,1631097,Mathurin,B. Mathurin,0,0,0,,0,72,55,127,v,Mathurin Free Throw 2 of 2 (8 PTS),Free Throw,Free Throw 2 of 2,1,0,289
0042400305,397,PT05M48.00S,3,1610612752,NYK,1628404,Hart,J. Hart,230,-9,0,Missed,1,,,0,h,MISS Hart 3PT Jump Shot,Missed Shot,Jump Shot,1,3,290
0042400305,398,PT05M46.00S,3,1610612752,NYK,1628969,Bridges,M. Bridges,0,0,0,,0,,,0,h,Bridges REBOUND (Off:1 Def:2),Rebound,Unknown,1,0,291
0042400305,399,PT05M34.00S,3,1610612752,NYK,1628404,Hart,J. Hart,-75,47,9,Missed,1,,,0,h,MISS Hart 9' Turnaround Fadeaway Shot,Missed Shot,Turnaround Fadeaway shot,1,2,292
0042400305,400,PT05M31.00S,3,1610612754,IND,1627783,Siakam,P. Siakam,0,0,0,,0,,,0,v,Siakam REBOUND (Off:1 Def:4),Rebound,Unknown,1,0,293
0042400305,401,PT05M28.00S,3,1610612754,IND,1627783,Siakam,P. Siakam,0,0,0,,0,,,0,v,Siakam Bad Pass Turnover (P2.T11),Turnover,Bad Pass,1,0,294
0042400305,401,PT05M28.00S,3,1610612752,NYK,1628384,Anunoby,O. Anunoby,0,0,0,,0,,,0,h,Anunoby STEAL (3 STL),,,1,0,295
0042400305,403,PT05M23.00S,3,1610612752,NYK,1628384,Anunoby,O. Anunoby,228,7,0,Missed,1,,,0,h,MISS Anunoby 3PT Jump Shot,Missed Shot,Jump Shot,1,3,296
0042400305,404,PT05M22.00S,3,0,,1610612754,,,0,0,0,,0,,,0,v,Pacers Rebound,Rebound,Unknown,0,0,297
0042400305,406,PT05M22.00S,3,1610612752,NYK,1628404,Hart,J. Hart,0,0,0,,0,,,0,h,Hart L.B.FOUL (P2.PN) (J.Williams),Foul,Loose Ball,1,0,298
0042400305,408,PT05M22.00S,3,1610612754,IND,1631097,Mathurin,B. Mathurin,0,0,0,,0,72,56,128,v,Mathurin Free Throw 1 of 2 (9 PTS),Free Throw,Free Throw 1 of 2,1,0,299
0042400305,409,PT05M22.00S,3,1610612754,IND,1627783,Siakam,P. Siakam,0,0,0,,0,,,0,v,SUB: Toppin FOR Siakam,Substitution,,0,0,300
0042400305,411,PT05M22.00S,3,1610612754,IND,1631097,Mathurin,B. Mathurin,0,0,0,,0,72,57,129,v,Mathurin Free Throw 2 of 2 (10 PTS),Free Throw,Free Throw 2 of 2,1,0,301
0042400305,412,PT05M14.00S,3,1610612754,IND,1631097,Mathurin,B. Mathurin,0,0,0,,0,,,0,v,Mathurin P.FOUL (P2.T4) (J.Williams),Foul,Personal,1,0,302
0042400305,414,PT05M02.00S,3,1610612752,NYK,1628404,Hart,J. Hart,11,226,23,Missed,1,,,0,h,MISS Hart 23' Jump Shot,Missed Shot,Jump Shot,1,2,303
0042400305,415,PT04M59.00S,3,1610612754,IND,1631097,Mathurin,B. Mathurin,0,0,0,,0,,,0,v,Mathurin REBOUND (Off:1 Def:3),Rebound,Unknown,1,0,304
0042400305,416,PT04M50.00S,3,1610612754,IND,1630167,Toppin,O. Toppin,-12,11,2,Made,1,72,59,131,v,Toppin 2' Floating Jump Shot (8 PTS) (Haliburton 4 AST),Made Shot,Floating Jump shot,1,2,305
0042400305,418,PT04M50.00S,3,1610612752,NYK,1628973,Brunson,J. Brunson,0,0,0,,0,,,0,h,Brunson S.FOUL (P2.PN) (Z.Zarba),Foul,Shooting,1,0,306
0042400305,420,PT04M50.00S,3,1610612752,NYK,1628384,Anunoby,O. Anunoby,0,0,0,,0,,,0,h,SUB: McBride FOR Anunoby,Substitution,,0,0,307
0042400305,422,PT04M50.00S,3,1610612754,IND,1630167,Toppin,O. Toppin,0,0,0,,0,72,60,132,v,Toppin Free Throw 1 of 1 (9 PTS),Free Throw,Free Throw 1 of 1,1,0,308
0042400305,423,PT04M37.00S,3,1610612752,NYK,1628969,Bridges,M. Bridges,-11,-5,1,Made,1,74,60,134,h,Bridges 1' Cutting Layup Shot (6 PTS) (Brunson 4 AST),Made Shot,Cutting Layup Shot,1,2,309
0042400305,425,PT04M26.00S,3,1610612754,IND,1630167,Toppin,O. Toppin,2,9,1,Made,1,74,62,136,v,Toppin 1' Cutting Finger Roll Layup Shot (11 PTS) (Haliburton 5 AST),Made Shot,Cutting Finger Roll Layup Shot,1,2,310
0042400305,427,PT04M17.00S,3,1610612754,IND,1630169,Haliburton,T. Haliburton,0,0,0,,0,,,0,v,Haliburton Personal Take Foul (P1.PN) (Z.Zarba),Foul,Personal Take,1,0,311
0042400305,429,PT04M17.00S,3,1610612752,NYK,1629011,Robinson,M. Robinson,0,0,0,,0,,,0,h,MISS Robinson Free Throw 1 of 2,Free Throw,Free Throw 1 of 2,1,0,312
0042400305,430,PT04M17.00S,3,0,,1610612752,,,0,0,0,,0,,,0,h,KNICKS Rebound,Rebound,Normal Rebound,0,0,313
0042400305,431,PT04M17.00S,3,1610612752,NYK,1629011,Robinson,M. Robinson,0,0,0,,0,,,0,h,MISS Robinson Free Throw 2 of 2,Free Throw,Free Throw 2 of 2,1,0,314
0042400305,432,PT04M14.00S,3,1610612754,IND,1628418,Bryant,T. Bryant,0,0,0,,0,,,0,v,Bryant REBOUND (Off:0 Def:1),Rebound,Unknown,1,0,315
0042400305,433,PT04M09.00S,3,1610612752,NYK,1629011,Robinson,M. Robinson,0,0,0,,0,,,0,h,Robinson S.FOUL (P3.PN) (J.Tiven),Foul,Shooting,1,0,316
0042400305,435,PT04M09.00S,3,1610612754,IND,1631097,Mathurin,B. Mathurin,0,0,0,,0,74,63,137,v,Mathurin Free Throw 1 of 2 (11 PTS),Free Throw,Free Throw 1 of 2,1,0,317
0042400305,436,PT04M09.00S,3,1610612752,NYK,1629011,Robinson,M. Robinson,0,0,0,,0,,,0,h,SUB: Achiuwa FOR Robinson,Substitution,,0,0,318
0042400305,438,PT04M09.00S,3,1610612754,IND,1631097,Mathurin,B. Mathurin,0,0,0,,0,74,64,138,v,Mathurin Free Throw 2 of 2 (12 PTS),Free Throw,Free Throw 2 of 2,1,0,319
0042400305,439,PT03M55.00S,3,1610612752,NYK,1628973,Brunson,J. Brunson,-40,32,5,Made,1,76,64,140,h,Brunson 5' Driving Floating Bank Jump Shot (26 PTS),Made Shot,Driving Floating Bank Jump Shot,1,2,320
0042400305,440,PT03M40.00S,3,1610612754,IND,1641767,Sheppard,B. Sheppard,0,0,0,,0,,,0,v,Sheppard OFF.Foul (P1) (J.Tiven),Foul,Offensive,1,0,321
0042400305,442,PT03M40.00S,3,1610612754,IND,1641767,Sheppard,B. Sheppard,0,0,0,,0,,,0,v,Sheppard Offensive Foul Turnover (P1.T12),Turnover,Offensive Foul Turnover,1,0,322
0042400305,443,PT03M40.00S,3,1610612754,IND,1628418,Bryant,T. Bryant,0,0,0,,0,,,0,v,SUB: Siakam FOR Bryant,Substitution,,0,0,323
0042400305,445,PT03M18.00S,3,1610612752,NYK,1628969,Bridges,M. Bridges,109,5,11,Made,1,78,64,142,h,Bridges 11' Fadeaway Jumper (8 PTS) (Hart 3 AST),Made Shot,Fadeaway Jump Shot,1,2,324
0042400305,447,PT03M04.00S,3,1610612754,IND,1631097,Mathurin,B. Mathurin,-23,252,25,Missed,1,,,0,v,MISS Mathurin 25' 3PT Pullup Jump Shot,Missed Shot,Pullup Jump shot,1,3,325
0042400305,448,PT03M01.00S,3,1610612752,NYK,1628973,Brunson,J. Brunson,0,0,0,,0,,,0,h,Brunson REBOUND (Off:0 Def:4),Rebound,Unknown,1,0,326
0042400305,449,PT02M56.00S,3,1610612752,NYK,1628973,Brunson,J. Brunson,146,206,25,Made,1,81,64,145,h,Brunson 25' 3PT Running Pull-Up Jump Shot (29 PTS),Made Shot,Running Pull-Up Jump Shot,1,3,327
0042400305,450,PT02M56.00S,3,1610612754,IND,1630167,Toppin,O. Toppin,0,0,0,,0,,,0,v,Toppin S.FOUL (P2.PN) (J.Williams),Foul,Shooting,1,0,328
0042400305,452,PT02M56.00S,3,0,,1610612752,,,0,0,0,,0,,,0,h,KNICKS Timeout: Regular (Full 2 Short 0),Timeout,Regular,0,0,329
0042400305,453,PT02M56.00S,3,1610612754,IND,1630169,Haliburton,T. Haliburton,0,0,0,,0,,,0,v,SUB: McConnell FOR Haliburton,Substitution,,0,0,330
0042400305,455,PT02M56.00S,3,1610612752,NYK,1628973,Brunson,J. Brunson,0,0,0,,0,82,64,146,h,Brunson Free Throw 1 of 1 (30 PTS),Free Throw,Free Throw 1 of 1,1,0,331
0042400305,456,PT02M44.00S,3,1610612754,IND,1627783,Siakam,P. Siakam,53,48,7,Missed,1,,,0,v,MISS Siakam 7' Turnaround Bank Shot,Missed Shot,Turnaround Bank shot,1,2,332
0042400305,457,PT02M42.00S,3,1610612752,NYK,1628404,Hart,J. Hart,0,0,0,,0,,,0,h,Hart REBOUND (Off:1 Def:4),Rebound,Unknown,1,0,333
0042400305,458,PT02M38.00S,3,1610612752,NYK,1630173,Achiuwa,P. Achiuwa,2,29,3,Made,1,84,64,148,h,Achiuwa 3' Floating Jump Shot (2 PTS) (Bridges 3 AST),Made Shot,Floating Jump shot,1,2,334
0042400305,460,PT02M38.00S,3,1610612754,IND,204456,McConnell,T. McConnell,0,0,0,,0,,,0,v,McConnell S.FOUL (P1.PN) (Z.Zarba),Foul,Shooting,1,0,335
0042400305,462,PT02M38.00S,3,1610612752,NYK,1628973,Brunson,J. Brunson,0,0,0,,0,,,0,h,SUB: Wright FOR Brunson,Substitution,,0,0,336
0042400305,464,PT02M38.00S,3,1610612752,NYK,1630173,Achiuwa,P. Achiuwa,0,0,0,,0,,,0,h,MISS Achiuwa Free Throw 1 of 1,Free Throw,Free Throw 1 of 1,1,0,337
0042400305,465,PT02M36.00S,3,1610612754,IND,1630167,Toppin,O. Toppin,0,0,0,,0,,,0,v,Toppin REBOUND (Off:0 Def:2),Rebound,Unknown,1,0,338
0042400305,466,PT02M27.00S,3,1610612754,IND,1630167,Toppin,O. Toppin,-4,50,5,Missed,1,,,0,v,MISS Toppin 5' Driving Layup,Missed Shot,Driving Layup Shot,1,2,339
0042400305,467,PT02M25.00S,3,1610612752,NYK,1630173,Achiuwa,P. Achiuwa,0,0,0,,0,,,0,h,Achiuwa REBOUND (Off:0 Def:1),Rebound,Unknown,1,0,340
0042400305,468,PT02M12.00S,3,1610612752,NYK,1630540,McBride,M. McBride,-112,31,12,Made,1,86,64,150,h,McBride 12' Step Back Jump Shot (5 PTS),Made Shot,Step Back Jump shot,1,2,341
0042400305,469,PT02M02.00S,3,1610612754,IND,204456,McConnell,T. McConnell,0,0,0,,0,,,0,v,McConnell Bad Pass Turnover (P1.T13),Turnover,Bad Pass,1,0,342
0042400305,469,PT02M02.00S,3,1610612752,NYK,1630173,Achiuwa,P. Achiuwa,0,0,0,,0,,,0,h,Achiuwa STEAL (1 STL),,,1,0,343
0042400305,471,PT01M59.00S,3,1610612752,NYK,1626153,Wright,D. Wright,-17,8,2,Missed,1,,,0,h,MISS Wright 2' Running Reverse Layup,Missed Shot,Running Reverse Layup Shot,1,2,344
0042400305,472,PT01M57.00S,3,1610612754,IND,1631097,Mathurin,B. Mathurin,0,0,0,,0,,,0,v,Mathurin REBOUND (Off:1 Def:4),Rebound,Unknown,1,0,345
0042400305,473,PT01M52.00S,3,1610612752,NYK,1630540,McBride,M. McBride,0,0,0,,0,,,0,h,McBride S.FOUL (P2.PN) (Z.Zarba),Foul,Shooting,1,0,346
0042400305,476,PT01M52.00S,3,1610612754,IND,1630167,Toppin,O. Toppin,0,0,0,,0,,,0,v,SUB: Walker FOR Toppin,Substitution,,0,0,347
0042400305,475,PT01M52.00S,3,0,,473,,,0,0,0,,0,86,64,150,,Instant Replay3rd Period (9:53 PM EST),Instant Replay,Support Ruling,0,0,348
0042400305,478,PT01M52.00S,3,1610612754,IND,1627783,Siakam,P. Siakam,0,0,0,,0,86,65,151,v,Siakam Free Throw 1 of 2 (11 PTS),Free Throw,Free Throw 1 of 2,1,0,349
0042400305,479,PT01M52.00S,3,1610612754,IND,1627783,Siakam,P. Siakam,0,0,0,,0,,,0,v,MISS Siakam Free Throw 2 of 2,Free Throw,Free Throw 2 of 2,1,0,350
0042400305,480,PT01M49.00S,3,1610612754,IND,1641716,Walker,J. Walker,0,0,0,,0,,,0,v,Walker REBOUND (Off:1 Def:0),Rebound,Unknown,1,0,351
0042400305,481,PT01M43.00S,3,1610612754,IND,1631097,Mathurin,B. Mathurin,-11,8,1,Made,1,86,67,153,v,Mathurin 1' Driving Reverse Layup (14 PTS) (Siakam 3 AST),Made Shot,Driving Reverse Layup Shot,1,2,352
0042400305,483,PT01M43.00S,3,1610612752,NYK,1628404,Hart,J. Hart,0,0,0,,0,,,0,h,Hart S.FOUL (P3.PN) (J.Tiven),Foul,Shooting,1,0,353
0042400305,485,PT01M43.00S,3,1610612754,IND,1631097,Mathurin,B. Mathurin,0,0,0,,0,86,68,154,v,Mathurin Free Throw 1 of 1 (15 PTS),Free Throw,Free Throw 1 of 1,1,0,354
0042400305,486,PT01M19.00S,3,1610612752,NYK,1626153,Wright,D. Wright,-148,202,25,Missed,1,,,0,h,MISS Wright 25' 3PT Jump Shot,Missed Shot,Jump Shot,1,3,355
0042400305,487,PT01M17.00S,3,1610612752,NYK,1630540,McBride,M. McBride,0,0,0,,0,,,0,h,McBride REBOUND (Off:1 Def:0),Rebound,Unknown,1,0,356
0042400305,488,PT01M10.00S,3,1610612752,NYK,1630540,McBride,M. McBride,26,167,17,Missed,1,,,0,h,MISS McBride 17' Pullup Jump Shot,Missed Shot,Pullup Jump shot,1,2,357
0042400305,489,PT01M07.00S,3,1610612752,NYK,1628404,Hart,J. Hart,0,0,0,,0,,,0,h,Hart REBOUND (Off:2 Def:4),Rebound,Unknown,1,0,358
0042400305,491,PT00M58.60S,3,1610612752,NYK,1628969,Bridges,M. Bridges,-13,100,10,Missed,1,,,0,h,MISS Bridges 10' Fadeaway Jumper,Missed Shot,Fadeaway Jump Shot,1,2,359
0042400305,492,PT00M56.70S,3,1610612754,IND,204456,McConnell,T. McConnell,0,0,0,,0,,,0,v,McConnell REBOUND (Off:0 Def:4),Rebound,Unknown,1,0,360
0042400305,493,PT00M39.10S,3,1610612754,IND,1641767,Sheppard,B. Sheppard,-140,206,25,Made,1,86,71,157,v,Sheppard 25' 3PT Jump Shot (6 PTS) (Siakam 4 AST),Made Shot,Jump Shot,1,3,361
0042400305,495,PT00M35.50S,3,1610612754,IND,1641716,Walker,J. Walker,0,0,0,,0,,,0,v,Walker P.FOUL (P1.PN) (J.Williams),Foul,Personal,1,0,362
0042400305,497,PT00M35.50S,3,1610612752,NYK,1628404,Hart,J. Hart,0,0,0,,0,87,71,158,h,Hart Free Throw 1 of 2 (6 PTS),Free Throw,Free Throw 1 of 2,1,0,363
0042400305,498,PT00M35.50S,3,1610612752,NYK,1628404,Hart,J. Hart,0,0,0,,0,88,71,159,h,Hart Free Throw 2 of 2 (7 PTS),Free Throw,Free Throw 2 of 2,1,0,364
0042400305,499,PT00M24.30S,3,1610612754,IND,1631097,Mathurin,B. Mathurin,-112,6,11,Made,1,88,73,161,v,Mathurin 11' Pullup Jump Shot (17 PTS),Made Shot,Pullup Jump shot,1,2,365
0042400305,500,PT00M01.80S,3,1610612752,NYK,1628969,Bridges,M. Bridges,-38,117,12,Made,1,90,73,163,h,Bridges 12' Fadeaway Jumper (10 PTS),Made Shot,Fadeaway Jump Shot,1,2,366
0042400305,501,PT00M00.60S,3,1610612754,IND,1631097,Mathurin,B. Mathurin,0,0,0,,0,,,0,v,Mathurin Traveling Turnover (P2.T14),Turnover,Traveling,1,0,367
0042400305,502,PT00M00.60S,3,0,,501,,,0,0,0,,0,90,73,163,,Instant Replay3rd Period (9:59 PM EST),Instant Replay,Ruling Stands,0,0,368
0042400305,503,PT00M00.60S,3,0,,1610612752,,,0,0,0,,0,,,0,h,KNICKS Timeout: Regular (Full 3 Short 0),Timeout,Regular,0,0,369
0042400305,504,PT00M00.60S,3,1610612752,NYK,1630173,Achiuwa,P. Achiuwa,0,0,0,,0,,,0,h,SUB: Towns FOR Achiuwa,Substitution,,0,0,370
0042400305,505,PT00M00.60S,3,1610612752,NYK,1626153,Wright,D. Wright,0,0,0,,0,,,0,h,SUB: Brunson FOR Wright,Substitution,,0,0,371
0042400305,506,PT00M00.60S,3,1610612754,IND,204456,McConnell,T. McConnell,0,0,0,,0,,,0,v,SUB: Haliburton FOR McConnell,Substitution,,0,0,372
0042400305,507,PT00M00.60S,3,1610612754,IND,1641716,Walker,J. Walker,0,0,0,,0,,,0,v,SUB: Turner FOR Walker,Substitution,,0,0,373
0042400305,512,PT00M00.20S,3,1610612752,NYK,1626157,Towns,K. Towns,44,117,13,Missed,1,,,0,h,MISS Towns 13' Turnaround Fadeaway Shot,Missed Shot,Turnaround Fadeaway shot,1,2,374
0042400305,513,PT00M00.10S,3,0,,1610612752,,,0,0,0,,0,,,0,h,KNICKS Rebound,Rebound,Unknown,0,0,375
0042400305,514,PT00M00.00S,3,0,,0,,,0,0,0,,0,90,73,163,,End of 3rd Period (10:02 PM EST),period,end,1,0,376
0042400305,525,PT12M00.00S,4,0,,0,,,0,0,0,,0,90,73,163,,Start of 4th Period (10:05 PM EST),period,start,0,0,377
0042400305,526,PT11M42.00S,4,1610612752,NYK,1629013,Shamet,L. Shamet,-194,105,22,Made,1,92,73,165,h,Shamet 22' Step Back Jump Shot (5 PTS) (Wright 3 AST),Made Shot,Step Back Jump shot,1,2,378
0042400305,528,PT11M31.00S,4,1610612752,NYK,1629013,Shamet,L. Shamet,0,0,0,,0,,,0,h,Shamet S.FOUL (P2.T1) (J.Tiven),Foul,Shooting,1,0,379
0042400305,530,PT11M31.00S,4,1610612754,IND,1631097,Mathurin,B. Mathurin,0,0,0,,0,92,74,166,v,Mathurin Free Throw 1 of 2 (18 PTS),Free Throw,Free Throw 1 of 2,1,0,380
0042400305,531,PT11M31.00S,4,1610612752,NYK,1626153,Wright,D. Wright,0,0,0,,0,,,0,h,SUB: McBride FOR Wright,Substitution,,0,0,381
0042400305,533,PT11M31.00S,4,1610612754,IND,1631097,Mathurin,B. Mathurin,0,0,0,,0,92,75,167,v,Mathurin Free Throw 2 of 2 (19 PTS),Free Throw,Free Throw 2 of 2,1,0,382
0042400305,534,PT11M13.00S,4,1610612752,NYK,1628384,Anunoby,O. Anunoby,-229,10,0,Made,1,95,75,170,h,Anunoby 3PT Jump Shot (11 PTS) (McBride 1 AST),Made Shot,Jump Shot,1,3,383
0042400305,536,PT11M03.00S,4,1610612754,IND,204456,McConnell,T. McConnell,107,101,15,Made,1,95,77,172,v,McConnell 15' Pullup Jump Shot (7 PTS),Made Shot,Pullup Jump shot,1,2,384
0042400305,537,PT10M40.00S,4,1610612752,NYK,1626157,Towns,K. Towns,5,-11,1,Missed,1,,,0,h,MISS Towns 1' Driving Finger Roll Layup,Missed Shot,Driving Finger Roll Layup Shot,1,2,385
0042400305,538,PT10M38.00S,4,1610612754,IND,1627783,Siakam,P. Siakam,0,0,0,,0,,,0,v,Siakam REBOUND (Off:1 Def:5),Rebound,Unknown,1,0,386
0042400305,539,PT10M26.00S,4,1610612754,IND,1641716,Walker,J. Walker,0,0,0,,0,,,0,v,Walker Bad Pass Turnover (P1.T15),Turnover,Bad Pass,1,0,387
0042400305,539,PT10M26.00S,4,1610612752,NYK,1629013,Shamet,L. Shamet,0,0,0,,0,,,0,h,Shamet STEAL (1 STL),,,1,0,388
0042400305,541,PT10M20.00S,4,1610612752,NYK,1628404,Hart,J. Hart,0,0,0,,0,,,0,h,Hart Bad Pass Turnover (P2.T13),Turnover,Bad Pass,1,0,389
0042400305,541,PT10M20.00S,4,1610612754,IND,1627783,Siakam,P. Siakam,0,0,0,,0,,,0,v,Siakam STEAL (3 STL),,,1,0,390
0042400305,543,PT10M14.00S,4,1610612754,IND,1631097,Mathurin,B. Mathurin,-12,-1,1,Made,1,95,79,174,v,Mathurin 1' Running Layup (21 PTS) (Siakam 5 AST),Made Shot,Running Layup Shot,1,2,391
0042400305,544,PT09M52.00S,4,1610612754,IND,1641716,Walker,J. Walker,0,0,0,,0,,,0,v,Walker S.FOUL (P2.T1) (J.Tiven),Foul,Shooting,1,0,392
0042400305,546,PT09M52.00S,4,1610612752,NYK,1626157,Towns,K. Towns,0,0,0,,0,,,0,h,MISS Towns Free Throw 1 of 2,Free Throw,Free Throw 1 of 2,1,0,393
0042400305,547,PT09M52.00S,4,0,,1610612752,,,0,0,0,,0,,,0,h,KNICKS Rebound,Rebound,Normal Rebound,0,0,394
0042400305,549,PT09M52.00S,4,1610612752,NYK,1626157,Towns,K. Towns,0,0,0,,0,96,79,175,h,Towns Free Throw 2 of 2 (20 PTS),Free Throw,Free Throw 2 of 2,1,0,395
0042400305,550,PT09M38.00S,4,1610612754,IND,204456,McConnell,T. McConnell,0,0,0,,0,,,0,v,McConnell Out of Bounds Lost Ball Turnover (P2.T16),Turnover,Out of Bounds Lost Ball Turnover,1,0,396
0042400305,551,PT09M17.00S,4,1610612752,NYK,1628384,Anunoby,O. Anunoby,174,178,25,Missed,1,,,0,h,MISS Anunoby 25' 3PT Step Back Jump Shot,Missed Shot,Step Back Jump shot,1,3,397
0042400305,552,PT09M14.00S,4,1610612754,IND,204456,McConnell,T. McConnell,0,0,0,,0,,,0,v,McConnell REBOUND (Off:0 Def:5),Rebound,Unknown,1,0,398
0042400305,553,PT09M00.00S,4,1610612754,IND,1627783,Siakam,P. Siakam,-10,8,1,Made,1,96,81,177,v,Siakam 1' Driving Reverse Layup (13 PTS) (McConnell 5 AST),Made Shot,Driving Reverse Layup Shot,1,2,399
0042400305,555,PT08M39.00S,4,1610612752,NYK,1629013,Shamet,L. Shamet,-224,118,25,Missed,1,,,0,h,MISS Shamet 25' 3PT Jump Shot,Missed Shot,Jump Shot,1,3,400
0042400305,556,PT08M36.00S,4,1610612754,IND,1631097,Mathurin,B. Mathurin,0,0,0,,0,,,0,v,Mathurin REBOUND (Off:1 Def:5),Rebound,Unknown,1,0,401
0042400305,557,PT08M31.00S,4,1610612754,IND,204456,McConnell,T. McConnell,0,0,0,,0,,,0,v,McConnell Lost Ball Turnover (P3.T17),Turnover,Lost Ball,1,0,402
0042400305,557,PT08M31.00S,4,1610612752,NYK,1628404,Hart,J. Hart,0,0,0,,0,,,0,h,Hart STEAL (2 STL),,,1,0,403
0042400305,559,PT08M25.00S,4,1610612752,NYK,1626157,Towns,K. Towns,-32,63,7,Missed,1,,,0,h,MISS Towns 7' Running Layup,Missed Shot,Running Layup Shot,1,2,404
0042400305,559,PT08M25.00S,4,1610612754,IND,1641716,Walker,J. Walker,0,0,0,,0,,,0,v,Walker BLOCK (1 BLK),,,1,2,405
0042400305,561,PT08M23.00S,4,1610612754,IND,1631097,Mathurin,B. Mathurin,0,0,0,,0,,,0,v,Mathurin REBOUND (Off:1 Def:6),Rebound,Unknown,1,0,406
0042400305,562,PT08M15.00S,4,1610612754,IND,1641716,Walker,J. Walker,-151,205,25,Made,1,96,84,180,v,Walker 25' 3PT Jump Shot (6 PTS) (Turner 2 AST),Made Shot,Jump Shot,1,3,407
0042400305,612,PT08M04.00S,4,0,,1610612752,,,0,0,0,,0,,,0,h,KNICKS Timeout: Regular (Full 4 Short 0),Timeout,Regular,0,0,408
0042400305,623,PT08M04.00S,4,1610612752,NYK,1629013,Shamet,L. Shamet,0,0,0,,0,,,0,h,SUB: Bridges FOR Shamet,Substitution,,0,0,409
0042400305,624,PT08M04.00S,4,1610612752,NYK,1630540,McBride,M. McBride,0,0,0,,0,,,0,h,SUB: Brunson FOR McBride,Substitution,,0,0,410
0042400305,625,PT08M04.00S,4,1610612754,IND,1631097,Mathurin,B. Mathurin,0,0,0,,0,,,0,v,SUB: Haliburton FOR Mathurin,Substitution,,0,0,411
0042400305,626,PT08M04.00S,4,1610612754,IND,1627783,Siakam,P. Siakam,0,0,0,,0,,,0,v,SUB: Nesmith FOR Siakam,Substitution,,0,0,412
0042400305,627,PT08M04.00S,4,1610612754,IND,204456,McConnell,T. McConnell,0,0,0,,0,,,0,v,SUB: Nembhard FOR McConnell,Substitution,,0,0,413
0042400305,575,PT07M53.00S,4,1610612752,NYK,1628973,Brunson,J. Brunson,0,0,0,,0,,,0,h,Jump Ball Brunson vs. Walker: Tip to Haliburton,Jump Ball,,1,0,414
0042400305,583,PT07M53.00S,4,1610612752,NYK,1628973,Brunson,J. Brunson,0,0,0,,0,,,0,h,Brunson Lost Ball Turnover (P3.T14),Turnover,Lost Ball,1,0,415
0042400305,583,PT07M53.00S,4,1610612754,IND,1641716,Walker,J. Walker,0,0,0,,0,,,0,v,Walker STEAL (1 STL),,,1,0,416
0042400305,578,PT07M41.00S,4,1610612754,IND,1626167,Turner,M. Turner,-126,225,26,Missed,1,,,0,v,MISS Turner 26' 3PT Pullup Jump Shot,Missed Shot,Pullup Jump shot,1,3,417
0042400305,579,PT07M38.00S,4,1610612752,NYK,1628404,Hart,J. Hart,0,0,0,,0,,,0,h,Hart REBOUND (Off:2 Def:5),Rebound,Unknown,1,0,418
0042400305,580,PT07M31.00S,4,1610612752,NYK,1626157,Towns,K. Towns,17,259,26,Missed,1,,,0,h,MISS Towns 26' 3PT Jump Shot,Missed Shot,Jump Shot,1,3,419
0042400305,581,PT07M28.00S,4,1610612754,IND,1630174,Nesmith,A. Nesmith,0,0,0,,0,,,0,v,Nesmith REBOUND (Off:0 Def:1),Rebound,Unknown,1,0,420
0042400305,582,PT07M19.00S,4,1610612754,IND,1641716,Walker,J. Walker,0,0,0,,0,,,0,v,Walker Out of Bounds - Bad Pass Turnover Turnover (P2.T18),Turnover,Out of Bounds - Bad Pass Turnover,1,0,421
0042400305,585,PT07M06.00S,4,1610612752,NYK,1628404,Hart,J. Hart,-28,6,3,Made,1,98,84,182,h,Hart 3' Driving Floating Jump Shot (9 PTS),Made Shot,Driving Floating Jump Shot,1,2,422
0042400305,586,PT07M06.00S,4,1610612754,IND,1629614,Nembhard,A. Nembhard,0,0,0,,0,,,0,v,Nembhard S.FOUL (P4.T2) (Z.Zarba),Foul,Shooting,1,0,423
0042400305,588,PT07M06.00S,4,1610612752,NYK,1628404,Hart,J. Hart,0,0,0,,0,,,0,h,MISS Hart Free Throw 1 of 1,Free Throw,Free Throw 1 of 1,1,0,424
0042400305,589,PT07M04.00S,4,1610612754,IND,1630174,Nesmith,A. Nesmith,0,0,0,,0,,,0,v,Nesmith REBOUND (Off:0 Def:2),Rebound,Unknown,1,0,425
0042400305,590,PT06M41.00S,4,1610612754,IND,1630169,Haliburton,T. Haliburton,32,34,5,Missed,1,,,0,v,MISS Haliburton 5' Driving Layup,Missed Shot,Driving Layup Shot,1,2,426
0042400305,591,PT06M39.00S,4,1610612752,NYK,1626157,Towns,K. Towns,0,0,0,,0,,,0,h,Towns REBOUND (Off:1 Def:11),Rebound,Unknown,1,0,427
0042400305,592,PT06M21.00S,4,1610612752,NYK,1628404,Hart,J. Hart,-1,6,1,Made,1,100,84,184,h,Hart 1' Cutting Layup Shot (11 PTS) (Bridges 4 AST),Made Shot,Cutting Layup Shot,1,2,428
0042400305,594,PT06M21.00S,4,0,,1610612754,,,0,0,0,,0,,,0,v,Pacers Timeout: Regular (Reg.5 Short 0),Timeout,Regular,0,0,429
0042400305,595,PT06M21.00S,4,1610612754,IND,1641716,Walker,J. Walker,0,0,0,,0,,,0,v,SUB: Siakam FOR Walker,Substitution,,0,0,430
0042400305,596,PT06M21.00S,4,1610612754,IND,1629614,Nembhard,A. Nembhard,0,0,0,,0,,,0,v,SUB: Mathurin FOR Nembhard,Substitution,,0,0,431
0042400305,599,PT06M07.00S,4,1610612754,IND,1630174,Nesmith,A. Nesmith,-227,41,0,Missed,1,,,0,v,MISS Nesmith 3PT Jump Shot,Missed Shot,Jump Shot,1,3,432
0042400305,600,PT06M04.00S,4,1610612752,NYK,1628384,Anunoby,O. Anunoby,0,0,0,,0,,,0,h,Anunoby REBOUND (Off:2 Def:1),Rebound,Unknown,1,0,433
0042400305,601,PT05M41.00S,4,1610612752,NYK,1628969,Bridges,M. Bridges,-32,130,13,Made,1,102,84,186,h,Bridges 13' Fadeaway Jumper (12 PTS) (Brunson 5 AST),Made Shot,Fadeaway Jump Shot,1,2,434
0042400305,602,PT05M29.00S,4,1610612752,NYK,1628969,Bridges,M. Bridges,0,0,0,,0,,,0,h,Bridges P.FOUL (P1.T2) (Z.Zarba),Foul,Personal,1,0,435
0042400305,604,PT05M29.00S,4,1610612754,IND,1630174,Nesmith,A. Nesmith,0,0,0,,0,,,0,v,SUB: Nembhard FOR Nesmith,Substitution,,0,0,436
0042400305,607,PT05M25.00S,4,1610612754,IND,1631097,Mathurin,B. Mathurin,83,179,20,Missed,1,,,0,v,MISS Mathurin 20' Pullup Jump Shot,Missed Shot,Pullup Jump shot,1,2,437
0042400305,608,PT05M22.00S,4,1610612752,NYK,1628384,Anunoby,O. Anunoby,0,0,0,,0,,,0,h,Anunoby REBOUND (Off:2 Def:2),Rebound,Unknown,1,0,438
0042400305,609,PT05M08.00S,4,1610612752,NYK,1626157,Towns,K. Towns,-134,220,26,Missed,1,,,0,h,MISS Towns 26' 3PT Jump Shot,Missed Shot,Jump Shot,1,3,439
0042400305,610,PT05M05.00S,4,1610612754,IND,1630169,Haliburton,T. Haliburton,0,0,0,,0,,,0,v,Haliburton REBOUND (Off:0 Def:2),Rebound,Unknown,1,0,440
0042400305,611,PT04M59.00S,4,1610612754,IND,1627783,Siakam,P. Siakam,32,30,4,Made,1,102,86,188,v,Siakam 4' Turnaround Bank Shot (15 PTS) (Haliburton 6 AST),Made Shot,Turnaround Bank shot,1,2,441
0042400305,613,PT04M38.00S,4,1610612752,NYK,1628973,Brunson,J. Brunson,-116,112,16,Made,1,104,86,190,h,Brunson 16' Pullup Jump Shot (32 PTS) (Towns 3 AST),Made Shot,Pullup Jump shot,1,2,442
0042400305,615,PT04M24.00S,4,1610612754,IND,1627783,Siakam,P. Siakam,-11,20,2,Missed,1,,,0,v,MISS Siakam 2' Driving Layup,Missed Shot,Driving Layup Shot,1,2,443
0042400305,616,PT04M21.00S,4,1610612752,NYK,1628404,Hart,J. Hart,0,0,0,,0,,,0,h,Hart REBOUND (Off:2 Def:6),Rebound,Unknown,1,0,444
0042400305,617,PT04M11.00S,4,1610612752,NYK,1628384,Anunoby,O. Anunoby,-1,34,3,Missed,1,,,0,h,MISS Anunoby 3' Fadeaway Jumper,Missed Shot,Fadeaway Jump Shot,1,2,445
0042400305,617,PT04M11.00S,4,1610612754,IND,1626167,Turner,M. Turner,0,0,0,,0,,,0,v,Turner BLOCK (3 BLK),,,1,2,446
0042400305,619,PT04M09.00S,4,1610612752,NYK,1628404,Hart,J. Hart,0,0,0,,0,,,0,h,Hart REBOUND (Off:3 Def:6),Rebound,Unknown,1,0,447
0042400305,620,PT04M06.00S,4,1610612752,NYK,1628969,Bridges,M. Bridges,228,-3,0,Missed,1,,,0,h,MISS Bridges 3PT Jump Shot,Missed Shot,Jump Shot,1,3,448
0042400305,621,PT04M04.00S,4,1610612754,IND,1631097,Mathurin,B. Mathurin,0,0,0,,0,,,0,v,Mathurin REBOUND (Off:1 Def:7),Rebound,Unknown,1,0,449
0042400305,622,PT04M02.00S,4,1610612754,IND,1631097,Mathurin,B. Mathurin,-5,6,1,Made,1,104,88,192,v,Mathurin 1' Running Finger Roll Layup (23 PTS),Made Shot,Running Finger Roll Layup Shot,1,2,450
0042400305,633,PT03M32.00S,4,1610612752,NYK,1628404,Hart,J. Hart,0,0,0,,0,,,0,h,Hart Lost Ball Turnover (P3.T15),Turnover,Lost Ball,1,0,451
0042400305,633,PT03M32.00S,4,1610612754,IND,1629614,Nembhard,A. Nembhard,0,0,0,,0,,,0,v,Nembhard STEAL (3 STL),,,1,0,452
0042400305,635,PT03M26.00S,4,1610612752,NYK,1626157,Towns,K. Towns,0,0,0,,0,,,0,h,Towns P.FOUL (P5.T3) (J.Tiven),Foul,Personal,1,0,453
0042400305,637,PT03M26.00S,4,1610612754,IND,1626167,Turner,M. Turner,0,0,0,,0,,,0,v,SUB: Toppin FOR Turner,Substitution,,0,0,454
0042400305,639,PT03M26.00S,4,0,,1610612752,,,0,0,0,,0,,,0,h,KNICKS Timeout: Regular (Full 5 Short 0),Timeout,Regular,0,0,455
0042400305,640,PT03M18.00S,4,1610612754,IND,1630169,Haliburton,T. Haliburton,10,8,1,Made,1,104,90,194,v,Haliburton 1' Driving Finger Roll Layup (8 PTS),Made Shot,Driving Finger Roll Layup Shot,1,2,456
0042400305,641,PT03M07.00S,4,1610612754,IND,1627783,Siakam,P. Siakam,0,0,0,,0,,,0,v,Siakam P.FOUL (P2.T3) (J.Tiven),Foul,Personal,1,0,457
0042400305,644,PT02M56.00S,4,1610612752,NYK,1628384,Anunoby,O. Anunoby,229,16,0,Missed,1,,,0,h,MISS Anunoby 3PT Jump Shot,Missed Shot,Jump Shot,1,3,458
0042400305,645,PT02M53.00S,4,1610612754,IND,1631097,Mathurin,B. Mathurin,0,0,0,,0,,,0,v,Mathurin REBOUND (Off:1 Def:8),Rebound,Unknown,1,0,459
0042400305,708,PT02M52.00S,4,1610612754,IND,1631097,Mathurin,B. Mathurin,0,0,0,,0,,,0,v,Mathurin Bad Pass Turnover (P3.T19),Turnover,Bad Pass,1,0,460
0042400305,708,PT02M52.00S,4,1610612752,NYK,1626157,Towns,K. Towns,0,0,0,,0,,,0,h,Towns STEAL (1 STL),,,1,0,461
0042400305,646,PT02M44.00S,4,1610612752,NYK,1626157,Towns,K. Towns,1,5,1,Made,1,106,90,196,h,Towns 1' Driving Layup (22 PTS) (Hart 4 AST),Made Shot,Driving Layup Shot,1,2,462
0042400305,647,PT02M44.00S,4,1610612754,IND,1631097,Mathurin,B. Mathurin,0,0,0,,0,,,0,v,Mathurin S.FOUL (P3.T4) (Z.Zarba),Foul,Shooting,1,0,463
0042400305,649,PT02M44.00S,4,1610612754,IND,1627783,Siakam,P. Siakam,0,0,0,,0,,,0,v,SUB: Walker FOR Siakam,Substitution,,0,0,464
0042400305,650,PT02M44.00S,4,1610612754,IND,1631097,Mathurin,B. Mathurin,0,0,0,,0,,,0,v,SUB: Sheppard FOR Mathurin,Substitution,,0,0,465
0042400305,654,PT02M44.00S,4,1610612754,IND,1630169,Haliburton,T. Haliburton,0,0,0,,0,,,0,v,SUB: McConnell FOR Haliburton,Substitution,,0,0,466
0042400305,656,PT02M44.00S,4,1610612752,NYK,1626157,Towns,K. Towns,0,0,0,,0,,,0,h,MISS Towns Free Throw 1 of 1,Free Throw,Free Throw 1 of 1,1,0,467
0042400305,657,PT02M42.00S,4,1610612754,IND,1630167,Toppin,O. Toppin,0,0,0,,0,,,0,v,Toppin REBOUND (Off:0 Def:3),Rebound,Unknown,1,0,468
0042400305,658,PT02M36.00S,4,1610612754,IND,1630167,Toppin,O. Toppin,91,248,26,Missed,1,,,0,v,MISS Toppin 26' 3PT Jump Shot,Missed Shot,Jump Shot,1,3,469
0042400305,659,PT02M33.00S,4,1610612752,NYK,1628404,Hart,J. Hart,0,0,0,,0,,,0,h,Hart REBOUND (Off:3 Def:7),Rebound,Unknown,1,0,470
0042400305,660,PT02M15.00S,4,1610612752,NYK,1626157,Towns,K. Towns,-2,4,0,Made,1,108,90,198,h,Towns Dunk (24 PTS) (Bridges 5 AST),Made Shot,Dunk Shot,1,2,471
0042400305,662,PT02M02.00S,4,1610612754,IND,1629614,Nembhard,A. Nembhard,105,242,26,Missed,1,,,0,v,MISS Nembhard 26' 3PT Step Back Jump Shot,Missed Shot,Step Back Jump shot,1,3,472
0042400305,663,PT01M59.00S,4,1610612752,NYK,1628973,Brunson,J. Brunson,0,0,0,,0,,,0,h,Brunson REBOUND (Off:0 Def:5),Rebound,Unknown,1,0,473
0042400305,664,PT01M40.00S,4,1610612752,NYK,1628973,Brunson,J. Brunson,58,252,26,Missed,1,,,0,h,MISS Brunson 26' 3PT Step Back Jump Shot,Missed Shot,Step Back Jump shot,1,3,474
0042400305,665,PT01M37.00S,4,1610612752,NYK,1626157,Towns,K. Towns,0,0,0,,0,,,0,h,Towns REBOUND (Off:2 Def:11),Rebound,Unknown,1,0,475
0042400305,666,PT01M35.00S,4,1610612752,NYK,1626157,Towns,K. Towns,13,21,2,Missed,1,,,0,h,MISS Towns 2' Floating Jump Shot,Missed Shot,Floating Jump shot,1,2,476
0042400305,667,PT01M34.00S,4,1610612754,IND,1630167,Toppin,O. Toppin,0,0,0,,0,,,0,v,Toppin REBOUND (Off:0 Def:4),Rebound,Unknown,1,0,477
0042400305,668,PT01M29.00S,4,1610612754,IND,1641716,Walker,J. Walker,-62,243,25,Missed,1,,,0,v,MISS Walker 25' 3PT Running Pull-Up Jump Shot,Missed Shot,Running Pull-Up Jump Shot,1,3,478
0042400305,669,PT01M28.00S,4,0,,1610612752,,,0,0,0,,0,,,0,h,KNICKS Rebound,Rebound,Unknown,0,0,479
0042400305,671,PT01M28.00S,4,0,,1610612754,,,0,0,0,,0,,,0,v,Pacers Timeout: Regular (Reg.6 Short 0),Timeout,Regular,0,0,480
0042400305,672,PT01M28.00S,4,1610612752,NYK,1626157,Towns,K. Towns,0,0,0,,0,,,0,h,SUB: Shamet FOR Towns,Substitution,,0,0,481
0042400305,673,PT01M28.00S,4,1610612752,NYK,1628969,Bridges,M. Bridges,0,0,0,,0,,,0,h,SUB: McBride FOR Bridges,Substitution,,0,0,482
0042400305,674,PT01M28.00S,4,1610612752,NYK,1628973,Brunson,J. Brunson,0,0,0,,0,,,0,h,SUB: Achiuwa FOR Brunson,Substitution,,0,0,483
0042400305,675,PT01M28.00S,4,1610612754,IND,1630167,Toppin,O. Toppin,0,0,0,,0,,,0,v,SUB: Furphy FOR Toppin,Substitution,,0,0,484
0042400305,676,PT01M28.00S,4,1610612754,IND,204456,McConnell,T. McConnell,0,0,0,,0,,,0,v,SUB: Bryant FOR McConnell,Substitution,,0,0,485
0042400305,682,PT01M05.00S,4,1610612752,NYK,1630173,Achiuwa,P. Achiuwa,-83,18,8,Missed,1,,,0,h,MISS Achiuwa 8' Fadeaway Jumper,Missed Shot,Fadeaway Jump Shot,1,2,486
0042400305,683,PT01M03.00S,4,1610612754,IND,1642277,Furphy,J. Furphy,0,0,0,,0,,,0,v,Furphy REBOUND (Off:0 Def:1),Rebound,Unknown,1,0,487
0042400305,684,PT00M55.30S,4,1610612754,IND,1628418,Bryant,T. Bryant,-239,59,25,Missed,1,,,0,v,MISS Bryant 25' 3PT Jump Shot,Missed Shot,Jump Shot,1,3,488
0042400305,685,PT00M52.20S,4,1610612754,IND,1641767,Sheppard,B. Sheppard,0,0,0,,0,,,0,v,Sheppard REBOUND (Off:1 Def:1),Rebound,Unknown,1,0,489
0042400305,686,PT00M48.30S,4,1610612752,NYK,1630173,Achiuwa,P. Achiuwa,0,0,0,,0,,,0,h,Achiuwa P.FOUL (P1.T4) (J.Williams),Foul,Personal,1,0,490
0042400305,688,PT00M48.30S,4,1610612752,NYK,1628384,Anunoby,O. Anunoby,0,0,0,,0,,,0,h,SUB: Wright FOR Anunoby,Substitution,,0,0,491
0042400305,690,PT00M46.50S,4,1610612754,IND,1629614,Nembhard,A. Nembhard,0,0,0,,0,,,0,v,Nembhard Bad Pass Turnover (P3.T20),Turnover,Bad Pass,1,0,492
0042400305,690,PT00M46.50S,4,1610612752,NYK,1626153,Wright,D. Wright,0,0,0,,0,,,0,h,Wright STEAL (1 STL),,,1,0,493
0042400305,692,PT00M42.90S,4,1610612754,IND,1641767,Sheppard,B. Sheppard,0,0,0,,0,,,0,v,Sheppard S.FOUL (P2.PN) (J.Williams),Foul,Shooting,1,0,494
0042400305,694,PT00M42.90S,4,1610612752,NYK,1628404,Hart,J. Hart,0,0,0,,0,109,90,199,h,Hart Free Throw 1 of 2 (12 PTS),Free Throw,Free Throw 1 of 2,1,0,495
0042400305,695,PT00M42.90S,4,1610612752,NYK,1628404,Hart,J. Hart,0,0,0,,0,,,0,h,MISS Hart Free Throw 2 of 2,Free Throw,Free Throw 2 of 2,1,0,496
0042400305,696,PT00M41.50S,4,1610612754,IND,1641767,Sheppard,B. Sheppard,0,0,0,,0,,,0,v,Sheppard REBOUND (Off:1 Def:2),Rebound,Unknown,1,0,497
0042400305,697,PT00M40.00S,4,1610612752,NYK,1630540,McBride,M. McBride,0,0,0,,0,,,0,h,McBride Personal Take Foul (P3.PN) (Z.Zarba),Foul,Personal Take,1,0,498
0042400305,699,PT00M40.00S,4,1610612754,IND,1641767,Sheppard,B. Sheppard,0,0,0,,0,109,91,200,v,Sheppard Free Throw 1 of 2 (7 PTS),Free Throw,Free Throw 1 of 2,1,0,499
0042400305,700,PT00M40.00S,4,1610612752,NYK,1628404,Hart,J. Hart,0,0,0,,0,,,0,h,SUB: Hukporti FOR Hart,Substitution,,0,0,500
0042400305,702,PT00M40.00S,4,1610612754,IND,1641767,Sheppard,B. Sheppard,0,0,0,,0,109,92,201,v,Sheppard Free Throw 2 of 2 (8 PTS),Free Throw,Free Throw 2 of 2,1,0,501
0042400305,703,PT00M19.70S,4,1610612752,NYK,1630574,Hukporti,A. Hukporti,-5,10,1,Made,1,111,92,203,h,Hukporti 1' Cutting Dunk Shot (2 PTS) (McBride 2 AST),Made Shot,Cutting Dunk Shot,1,2,502
0042400305,705,PT00M13.70S,4,1610612754,IND,1629614,Nembhard,A. Nembhard,-18,22,3,Made,1,111,94,205,v,Nembhard 3' Driving Reverse Layup (6 PTS),Made Shot,Driving Reverse Layup Shot,1,2,503
0042400305,706,PT00M00.00S,4,0,,0,,,0,0,0,,0,111,94,205,,End of 4th Period (10:37 PM EST),period,end,1,0,504
0042400306,2,PT12M00.00S,1,0,,0,,,0,0,0,,0,0,0,0,,Start of 1st Period (8:06 PM EST),period,start,0,0,1
0042400306,4,PT12M00.00S,1,1610612754,IND,1626167,Turner,M. Turner,0,0,0,,0,,,0,h,Jump Ball Turner vs. Robinson: Tip to Towns,Jump Ball,,1,0,2
0042400306,7,PT11M43.00S,1,1610612752,NYK,1628973,Brunson,J. Brunson,-11,34,4,Made,1,0,2,2,v,Brunson 4' Driving Finger Roll Layup (2 PTS),Made Shot,Driving Finger Roll Layup Shot,1,2,3
0042400306,8,PT11M27.00S,1,1610612754,IND,1630174,Nesmith,A. Nesmith,-22,36,4,Made,1,2,2,4,h,Nesmith 4' Cutting Layup Shot (2 PTS) (Siakam 1 AST),Made Shot,Cutting Layup Shot,1,2,4
0042400306,10,PT11M07.00S,1,1610612752,NYK,1628973,Brunson,J. Brunson,-115,16,12,Made,1,2,4,6,v,Brunson 12' Driving Floating Bank Jump Shot (4 PTS) (Bridges 1 AST),Made Shot,Driving Floating Bank Jump Shot,1,2,5
0042400306,12,PT10M58.00S,1,1610612754,IND,1627783,Siakam,P. Siakam,-44,112,12,Missed,1,,,0,h,MISS Siakam 12' Fadeaway Jumper,Missed Shot,Fadeaway Jump Shot,1,2,6
0042400306,13,PT10M54.00S,1,1610612752,NYK,1628384,Anunoby,O. Anunoby,0,0,0,,0,,,0,v,Anunoby REBOUND (Off:0 Def:1),Rebound,Unknown,1,0,7
0042400306,14,PT10M44.00S,1,1610612752,NYK,1628969,Bridges,M. Bridges,103,62,12,Missed,1,,,0,v,MISS Bridges 12' Turnaround Jump Shot,Missed Shot,Turnaround Jump Shot,1,2,8
0042400306,15,PT10M40.00S,1,1610612754,IND,1626167,Turner,M. Turner,0,0,0,,0,,,0,h,Turner REBOUND (Off:0 Def:1),Rebound,Unknown,1,0,9
0042400306,16,PT10M35.00S,1,1610612754,IND,1626167,Turner,M. Turner,-132,238,27,Missed,1,,,0,h,MISS Turner 27' 3PT Jump Shot,Missed Shot,Jump Shot,1,3,10
0042400306,17,PT10M33.00S,1,1610612752,NYK,1628973,Brunson,J. Brunson,0,0,0,,0,,,0,v,Brunson REBOUND (Off:0 Def:1),Rebound,Unknown,1,0,11
0042400306,18,PT10M33.00S,1,1610612754,IND,1630174,Nesmith,A. Nesmith,0,0,0,,0,,,0,h,Nesmith P.FOUL (P1.T1) (T.Ford),Foul,Personal,1,0,12
0042400306,20,PT10M32.00S,1,1610612752,NYK,1628969,Bridges,M. Bridges,0,0,0,,0,,,0,v,Bridges Bad Pass Turnover (P1.T1),Turnover,Bad Pass,1,0,13
0042400306,20,PT10M32.00S,1,1610612754,IND,1629614,Nembhard,A. Nembhard,0,0,0,,0,,,0,h,Nembhard STEAL (1 STL),,,1,0,14
0042400306,22,PT10M28.00S,1,1610612754,IND,1629614,Nembhard,A. Nembhard,-7,31,3,Made,1,4,4,8,h,Nembhard 3' Layup (2 PTS),Made Shot,Layup Shot,1,2,15
0042400306,23,PT09M59.00S,1,1610612752,NYK,1629011,Robinson,M. Robinson,17,21,3,Made,1,4,6,10,v,Robinson 3' Alley Oop Dunk (2 PTS) (Bridges 2 AST),Made Shot,Alley Oop Dunk Shot,1,2,16
0042400306,25,PT09M46.00S,1,1610612754,IND,1630174,Nesmith,A. Nesmith,-29,69,7,Missed,1,,,0,h,MISS Nesmith 7' Driving Layup,Missed Shot,Driving Layup Shot,1,2,17
0042400306,25,PT09M46.00S,1,1610612752,NYK,1629011,Robinson,M. Robinson,0,0,0,,0,,,0,v,Robinson BLOCK (1 BLK),,,1,2,18
0042400306,27,PT09M43.00S,1,1610612752,NYK,1626157,Towns,K. Towns,0,0,0,,0,,,0,v,Towns REBOUND (Off:0 Def:1),Rebound,Unknown,1,0,19
0042400306,28,PT09M36.00S,1,1610612752,NYK,1628969,Bridges,M. Bridges,225,-11,0,Made,1,4,9,13,v,Bridges 3PT Jump Shot (3 PTS) (Brunson 1 AST),Made Shot,Jump Shot,1,3,20
0042400306,31,PT09M11.00S,1,1610612754,IND,1630169,Haliburton,T. Haliburton,207,136,25,Missed,1,,,0,h,MISS Haliburton 25' 3PT Pullup Jump Shot,Missed Shot,Pullup Jump shot,1,3,21
0042400306,32,PT09M07.00S,1,1610612752,NYK,1626157,Towns,K. Towns,0,0,0,,0,,,0,v,Towns REBOUND (Off:0 Def:2),Rebound,Unknown,1,0,22
0042400306,33,PT09M03.00S,1,1610612752,NYK,1628973,Brunson,J. Brunson,134,235,27,Missed,1,,,0,v,MISS Brunson 27' 3PT Running Pull-Up Jump Shot,Missed Shot,Running Pull-Up Jump Shot,1,3,23
0042400306,34,PT09M00.00S,1,1610612752,NYK,1629011,Robinson,M. Robinson,0,0,0,,0,,,0,v,Robinson REBOUND (Off:1 Def:0),Rebound,Unknown,1,0,24
0042400306,35,PT08M59.00S,1,1610612752,NYK,1629011,Robinson,M. Robinson,-27,11,3,Missed,1,,,0,v,MISS Robinson 3' Putback Layup,Missed Shot,Putback Layup Shot,1,2,25
0042400306,36,PT08M58.00S,1,1610612752,NYK,1629011,Robinson,M. Robinson,0,0,0,,0,,,0,v,Robinson REBOUND (Off:2 Def:0),Rebound,Unknown,1,0,26
0042400306,37,PT08M57.00S,1,1610612752,NYK,1628384,Anunoby,O. Anunoby,0,0,0,,0,,,0,v,Anunoby Out of Bounds - Bad Pass Turnover Turnover (P1.T2),Turnover,Out of Bounds - Bad Pass Turnover,1,0,27
0042400306,38,PT08M45.00S,1,1610612754,IND,1626167,Turner,M. Turner,88,27,9,Missed,1,,,0,h,MISS Turner 9' Driving Hook Shot,Missed Shot,Driving Hook Shot,1,2,28
0042400306,39,PT08M43.00S,1,0,,1610612754,,,0,0,0,,0,,,0,h,PACERS Rebound,Rebound,Unknown,0,0,29
0042400306,41,PT08M41.00S,1,1610612754,IND,1627783,Siakam,P. Siakam,-11,264,26,Made,1,7,9,16,h,Siakam 26' 3PT Jump Shot (3 PTS) (Haliburton 1 AST),Made Shot,Jump Shot,1,3,30
0042400306,43,PT08M18.00S,1,1610612752,NYK,1628973,Brunson,J. Brunson,-108,56,12,Missed,1,,,0,v,MISS Brunson 12' Driving Floating Bank Jump Shot,Missed Shot,Driving Floating Bank Jump Shot,1,2,31
0042400306,44,PT08M15.00S,1,1610612754,IND,1630174,Nesmith,A. Nesmith,0,0,0,,0,,,0,h,Nesmith REBOUND (Off:0 Def:1),Rebound,Unknown,1,0,32
0042400306,45,PT08M06.00S,1,1610612754,IND,1630174,Nesmith,A. Nesmith,202,168,26,Made,1,10,9,19,h,Nesmith 26' 3PT Jump Shot (5 PTS) (Nembhard 1 AST),Made Shot,Jump Shot,1,3,33
0042400306,48,PT07M40.00S,1,1610612752,NYK,1628384,Anunoby,O. Anunoby,-22,19,3,Made,1,10,11,21,v,Anunoby 3' Driving Finger Roll Layup (2 PTS),Made Shot,Driving Finger Roll Layup Shot,1,2,34
0042400306,50,PT07M34.00S,1,1610612754,IND,1627783,Siakam,P. Siakam,-18,12,2,Made,1,12,11,23,h,Siakam 2' Driving Reverse Layup (5 PTS) (Haliburton 2 AST),Made Shot,Driving Reverse Layup Shot,1,2,35
0042400306,52,PT07M11.00S,1,1610612752,NYK,1626157,Towns,K. Towns,-125,155,20,Missed,1,,,0,v,MISS Towns 20' Jump Shot,Missed Shot,Jump Shot,1,2,36
0042400306,53,PT07M09.00S,1,1610612754,IND,1629614,Nembhard,A. Nembhard,0,0,0,,0,,,0,h,Nembhard REBOUND (Off:0 Def:1),Rebound,Unknown,1,0,37
0042400306,54,PT07M02.00S,1,1610612754,IND,1626167,Turner,M. Turner,-21,260,26,Made,1,15,11,26,h,Turner 26' 3PT Jump Shot (3 PTS) (Nembhard 2 AST),Made Shot,Jump Shot,1,3,38
0042400306,56,PT06M36.00S,1,1610612752,NYK,1628973,Brunson,J. Brunson,74,268,28,Missed,1,,,0,v,MISS Brunson 28' 3PT Pullup Jump Shot,Missed Shot,Pullup Jump shot,1,3,39
0042400306,57,PT06M30.00S,1,0,,1610612752,,,0,0,0,,0,,,0,v,Knicks Rebound,Rebound,Unknown,1,0,40
0042400306,60,PT06M30.00S,1,1610612754,IND,1626167,Turner,M. Turner,0,0,0,,0,,,0,h,Turner Violation:Kicked Ball (J.Capers),Violation,Kicked Ball,0,0,41
0042400306,61,PT06M30.00S,1,0,,1610612754,,,0,0,0,,0,,,0,h,PACERS Timeout: Regular (Full 1 Short 0),Timeout,Regular,0,0,42
0042400306,62,PT06M30.00S,1,1610612754,IND,1630174,Nesmith,A. Nesmith,0,0,0,,0,,,0,h,SUB: Mathurin FOR Nesmith,Substitution,,0,0,43
0042400306,63,PT06M30.00S,1,1610612754,IND,1627783,Siakam,P. Siakam,0,0,0,,0,,,0,h,SUB: Toppin FOR Siakam,Substitution,,0,0,44
0042400306,66,PT06M23.00S,1,1610612752,NYK,1628973,Brunson,J. Brunson,-20,22,3,Missed,1,,,0,v,MISS Brunson 3' Driving Finger Roll Layup,Missed Shot,Driving Finger Roll Layup Shot,1,2,45
0042400306,67,PT06M21.00S,1,1610612754,IND,1630167,Toppin,O. Toppin,0,0,0,,0,,,0,h,Toppin REBOUND (Off:0 Def:1),Rebound,Unknown,1,0,46
0042400306,68,PT06M12.00S,1,1610612754,IND,1626167,Turner,M. Turner,0,0,0,,0,,,0,h,Turner Traveling Turnover (P1.T1),Turnover,Traveling,1,0,47
0042400306,69,PT05M55.00S,1,1610612752,NYK,1626157,Towns,K. Towns,-142,248,29,Missed,1,,,0,v,MISS Towns 29' 3PT Jump Shot,Missed Shot,Jump Shot,1,3,48
0042400306,70,PT05M52.00S,1,1610612752,NYK,1629011,Robinson,M. Robinson,0,0,0,,0,,,0,v,Robinson REBOUND (Off:3 Def:0),Rebound,Unknown,1,0,49
0042400306,71,PT05M43.00S,1,1610612752,NYK,1626157,Towns,K. Towns,-9,40,4,Missed,1,,,0,v,MISS Towns 4' Driving Floating Jump Shot,Missed Shot,Driving Floating Jump Shot,1,2,50
0042400306,72,PT05M40.00S,1,1610612752,NYK,1629011,Robinson,M. Robinson,0,0,0,,0,,,0,v,Robinson REBOUND (Off:4 Def:0),Rebound,Unknown,1,0,51
0042400306,73,PT05M40.00S,1,1610612752,NYK,1629011,Robinson,M. Robinson,0,0,0,Made,1,15,13,28,v,Robinson Tip Layup Shot (4 PTS),Made Shot,Tip Layup Shot,1,2,52
0042400306,74,PT05M34.00S,1,1610612754,IND,1631097,Mathurin,B. Mathurin,0,0,0,,0,,,0,h,Mathurin Offensive Charge Foul (P1) (T.Ford),Foul,Offensive Charge,1,0,53
0042400306,76,PT05M34.00S,1,1610612754,IND,1631097,Mathurin,B. Mathurin,0,0,0,,0,,,0,h,Mathurin Offensive Foul Turnover (P1.T2),Turnover,Offensive Foul Turnover,1,0,54
0042400306,77,PT05M23.00S,1,1610612752,NYK,1628969,Bridges,M. Bridges,0,0,0,,0,,,0,v,Bridges Bad Pass Turnover (P2.T3),Turnover,Bad Pass,1,0,55
0042400306,77,PT05M23.00S,1,1610612754,IND,1630169,Haliburton,T. Haliburton,0,0,0,,0,,,0,h,Haliburton STEAL (1 STL),,,1,0,56
0042400306,79,PT05M18.00S,1,1610612754,IND,1630167,Toppin,O. Toppin,-37,55,7,Made,1,17,13,30,h,Toppin 7' Running Layup (2 PTS),Made Shot,Running Layup Shot,1,2,57
0042400306,80,PT05M05.00S,1,1610612752,NYK,1626157,Towns,K. Towns,-5,261,26,Missed,1,,,0,v,MISS Towns 26' 3PT Jump Shot,Missed Shot,Jump Shot,1,3,58
0042400306,81,PT05M03.00S,1,1610612752,NYK,1629011,Robinson,M. Robinson,0,0,0,,0,,,0,v,Robinson REBOUND (Off:5 Def:0),Rebound,Unknown,1,0,59
0042400306,82,PT05M00.00S,1,1610612752,NYK,1626157,Towns,K. Towns,-5,21,2,Made,1,17,15,32,v,Towns 2' Cutting Dunk Shot (2 PTS) (Brunson 2 AST),Made Shot,Cutting Dunk Shot,1,2,60
0042400306,84,PT04M46.00S,1,1610612754,IND,1626167,Turner,M. Turner,0,46,5,Made,1,19,15,34,h,Turner 5' Cutting Finger Roll Layup Shot (5 PTS) (Haliburton 3 AST),Made Shot,Cutting Finger Roll Layup Shot,1,2,61
0042400306,86,PT04M46.00S,1,1610612752,NYK,1628384,Anunoby,O. Anunoby,0,0,0,,0,,,0,v,Anunoby S.FOUL (P1.T1) (T.Ford),Foul,Shooting,1,0,62
0042400306,88,PT04M46.00S,1,1610612752,NYK,1628384,Anunoby,O. Anunoby,0,0,0,,0,,,0,v,SUB: McBride FOR Anunoby,Substitution,,0,0,63
0042400306,89,PT04M46.00S,1,1610612752,NYK,1626157,Towns,K. Towns,0,0,0,,0,,,0,v,SUB: Hart FOR Towns,Substitution,,0,0,64
0042400306,92,PT04M46.00S,1,1610612754,IND,1626167,Turner,M. Turner,0,0,0,,0,20,15,35,h,Turner Free Throw 1 of 1 (6 PTS),Free Throw,Free Throw 1 of 1,1,0,65
0042400306,93,PT04M26.00S,1,1610612752,NYK,1628969,Bridges,M. Bridges,29,31,4,Made,1,20,17,37,v,Bridges 4' Driving Finger Roll Layup (5 PTS) (Hart 1 AST),Made Shot,Driving Finger Roll Layup Shot,1,2,66
0042400306,95,PT04M14.00S,1,1610612754,IND,1630169,Haliburton,T. Haliburton,0,0,0,,0,,,0,h,Haliburton Bad Pass Turnover (P1.T3),Turnover,Bad Pass,1,0,67
0042400306,95,PT04M14.00S,1,1610612752,NYK,1629011,Robinson,M. Robinson,0,0,0,,0,,,0,v,Robinson STEAL (1 STL),,,1,0,68
0042400306,97,PT04M13.00S,1,1610612752,NYK,1629011,Robinson,M. Robinson,0,0,0,,0,,,0,v,Robinson Bad Pass Turnover (P1.T4),Turnover,Bad Pass,1,0,69
0042400306,97,PT04M13.00S,1,1610612754,IND,1630169,Haliburton,T. Haliburton,0,0,0,,0,,,0,h,Haliburton STEAL (2 STL),,,1,0,70
0042400306,99,PT04M10.00S,1,1610612754,IND,1629614,Nembhard,A. Nembhard,-238,60,25,Missed,1,,,0,h,MISS Nembhard 25' 3PT Jump Shot,Missed Shot,Jump Shot,1,3,71
0042400306,100,PT04M06.00S,1,1610612752,NYK,1628404,Hart,J. Hart,0,0,0,,0,,,0,v,Hart REBOUND (Off:0 Def:1),Rebound,Unknown,1,0,72
0042400306,101,PT03M55.00S,1,1610612752,NYK,1628969,Bridges,M. Bridges,0,0,0,,0,,,0,v,Bridges Lost Ball Turnover (P3.T5),Turnover,Lost Ball,1,0,73
0042400306,101,PT03M55.00S,1,1610612754,IND,1629614,Nembhard,A. Nembhard,0,0,0,,0,,,0,h,Nembhard STEAL (2 STL),,,1,0,74
0042400306,103,PT03M49.00S,1,1610612754,IND,1631097,Mathurin,B. Mathurin,-2,28,3,Missed,1,,,0,h,MISS Mathurin 3' Running Layup,Missed Shot,Running Layup Shot,1,2,75
0042400306,103,PT03M49.00S,1,1610612752,NYK,1628969,Bridges,M. Bridges,0,0,0,,0,,,0,v,Bridges BLOCK (1 BLK),,,1,2,76
0042400306,105,PT03M46.00S,1,1610612752,NYK,1628404,Hart,J. Hart,0,0,0,,0,,,0,v,Hart REBOUND (Off:0 Def:2),Rebound,Unknown,1,0,77
0042400306,106,PT03M34.00S,1,1610612752,NYK,1628973,Brunson,J. Brunson,-157,257,30,Made,1,20,20,40,v,Brunson 30' 3PT Pullup Jump Shot (7 PTS),Made Shot,Pullup Jump shot,1,3,78
0042400306,107,PT03M13.00S,1,1610612754,IND,1630169,Haliburton,T. Haliburton,0,0,0,,0,,,0,h,Haliburton Bad Pass Turnover (P2.T4),Turnover,Bad Pass,1,0,79
0042400306,107,PT03M13.00S,1,1610612752,NYK,1628404,Hart,J. Hart,0,0,0,,0,,,0,v,Hart STEAL (1 STL),,,1,0,80
0042400306,109,PT03M09.00S,1,1610612752,NYK,1628404,Hart,J. Hart,0,0,0,,0,,,0,v,Hart Offensive Charge Foul (P1) (J.Capers),Foul,Offensive Charge,1,0,81
0042400306,111,PT03M09.00S,1,1610612752,NYK,1628404,Hart,J. Hart,0,0,0,,0,,,0,v,Hart Offensive Foul Turnover (P1.T6),Turnover,Offensive Foul Turnover,1,0,82
0042400306,112,PT03M09.00S,1,1610612754,IND,1631097,Mathurin,B. Mathurin,0,0,0,,0,,,0,h,SUB: Bryant FOR Mathurin,Substitution,,0,0,83
0042400306,113,PT03M09.00S,1,1610612754,IND,1629614,Nembhard,A. Nembhard,0,0,0,,0,,,0,h,SUB: Nesmith FOR Nembhard,Substitution,,0,0,84
0042400306,114,PT03M09.00S,1,1610612754,IND,1626167,Turner,M. Turner,0,0,0,,0,,,0,h,SUB: McConnell FOR Turner,Substitution,,0,0,85
0042400306,115,PT03M09.00S,1,1610612752,NYK,1628973,Brunson,J. Brunson,0,0,0,,0,,,0,v,SUB: Wright FOR Brunson,Substitution,,0,0,86
0042400306,116,PT03M09.00S,1,1610612752,NYK,1628969,Bridges,M. Bridges,0,0,0,,0,,,0,v,SUB: Shamet FOR Bridges,Substitution,,0,0,87
0042400306,122,PT02M52.00S,1,1610612754,IND,1630169,Haliburton,T. Haliburton,165,193,25,Missed,1,,,0,h,MISS Haliburton 25' 3PT Pullup Jump Shot,Missed Shot,Pullup Jump shot,1,3,88
0042400306,123,PT02M49.00S,1,1610612752,NYK,1626153,Wright,D. Wright,0,0,0,,0,,,0,v,Wright REBOUND (Off:0 Def:1),Rebound,Unknown,1,0,89
0042400306,124,PT02M31.00S,1,1610612752,NYK,1629011,Robinson,M. Robinson,-26,-4,3,Made,1,20,22,42,v,Robinson 3' Alley Oop Dunk (6 PTS) (Shamet 1 AST),Made Shot,Alley Oop Dunk Shot,1,2,90
0042400306,126,PT02M18.00S,1,1610612754,IND,1630169,Haliburton,T. Haliburton,-107,67,13,Missed,1,,,0,h,MISS Haliburton 13' Driving Floating Bank Jump Shot,Missed Shot,Driving Floating Bank Jump Shot,1,2,91
0042400306,127,PT02M15.00S,1,1610612752,NYK,1630540,McBride,M. McBride,0,0,0,,0,,,0,v,McBride REBOUND (Off:0 Def:1),Rebound,Unknown,1,0,92
0042400306,128,PT02M03.00S,1,1610612752,NYK,1630540,McBride,M. McBride,-146,66,16,Missed,1,,,0,v,MISS McBride 16' Pullup Jump Shot,Missed Shot,Pullup Jump shot,1,2,93
0042400306,129,PT02M00.00S,1,1610612754,IND,1630167,Toppin,O. Toppin,0,0,0,,0,,,0,h,Toppin REBOUND (Off:0 Def:2),Rebound,Unknown,1,0,94
0042400306,130,PT01M52.00S,1,1610612754,IND,1628418,Bryant,T. Bryant,-233,18,0,Made,1,23,22,45,h,Bryant 3PT Jump Shot (3 PTS) (McConnell 1 AST),Made Shot,Jump Shot,1,3,95
0042400306,132,PT01M37.00S,1,1610612752,NYK,1629013,Shamet,L. Shamet,227,117,26,Missed,1,,,0,v,MISS Shamet 26' 3PT Jump Shot,Missed Shot,Jump Shot,1,3,96
0042400306,133,PT01M34.00S,1,1610612754,IND,1630167,Toppin,O. Toppin,0,0,0,,0,,,0,h,Toppin REBOUND (Off:0 Def:3),Rebound,Unknown,1,0,97
0042400306,134,PT01M25.00S,1,1610612754,IND,1630167,Toppin,O. Toppin,6,5,1,Made,1,25,22,47,h,Toppin 1' Cutting Layup Shot (4 PTS) (Haliburton 4 AST),Made Shot,Cutting Layup Shot,1,2,98
0042400306,136,PT01M18.00S,1,0,,1610612752,,,0,0,0,,0,,,0,v,Knicks Timeout: Regular (Reg.1 Short 0),Timeout,Regular,0,0,99
0042400306,137,PT01M18.00S,1,1610612754,IND,1630169,Haliburton,T. Haliburton,0,0,0,,0,,,0,h,SUB: Siakam FOR Haliburton,Substitution,,0,0,100
0042400306,138,PT01M18.00S,1,1610612754,IND,1628418,Bryant,T. Bryant,0,0,0,,0,,,0,h,SUB: Sheppard FOR Bryant,Substitution,,0,0,101
0042400306,139,PT01M18.00S,1,1610612752,NYK,1629011,Robinson,M. Robinson,0,0,0,,0,,,0,v,SUB: Towns FOR Robinson,Substitution,,0,0,102
0042400306,143,PT01M05.00S,1,1610612752,NYK,1626157,Towns,K. Towns,-12,53,5,Missed,1,,,0,v,MISS Towns 5' Driving Layup,Missed Shot,Driving Layup Shot,1,2,103
0042400306,143,PT01M05.00S,1,1610612754,IND,1627783,Siakam,P. Siakam,0,0,0,,0,,,0,h,Siakam BLOCK (1 BLK),,,1,2,104
0042400306,145,PT01M05.00S,1,0,,1610612754,,,0,0,0,,0,,,0,h,PACERS Rebound,Rebound,Unknown,0,0,105
0042400306,147,PT00M46.20S,1,1610612754,IND,204456,McConnell,T. McConnell,12,115,12,Missed,1,,,0,h,MISS McConnell 12' Fadeaway Jumper,Missed Shot,Fadeaway Jump Shot,1,2,106
0042400306,148,PT00M42.10S,1,1610612752,NYK,1630540,McBride,M. McBride,0,0,0,,0,,,0,v,McBride REBOUND (Off:0 Def:2),Rebound,Unknown,1,0,107
0042400306,149,PT00M30.30S,1,1610612754,IND,1630174,Nesmith,A. Nesmith,0,0,0,,0,,,0,h,Nesmith P.FOUL (P2.T2) (T.Brothers),Foul,Personal,1,0,108
0042400306,151,PT00M30.30S,1,1610612754,IND,1630174,Nesmith,A. Nesmith,0,0,0,,0,,,0,h,SUB: Mathurin FOR Nesmith,Substitution,,0,0,109
0042400306,153,PT00M26.30S,1,1610612754,IND,1641767,Sheppard,B. Sheppard,0,0,0,,0,,,0,h,Sheppard S.FOUL (P1.PN) (J.Capers),Foul,Shooting,1,0,110
0042400306,155,PT00M26.30S,1,1610612752,NYK,1626153,Wright,D. Wright,0,0,0,,0,25,23,48,v,Wright Free Throw 1 of 2 (1 PTS),Free Throw,Free Throw 1 of 2,1,0,111
0042400306,156,PT00M26.30S,1,1610612754,IND,1641767,Sheppard,B. Sheppard,0,0,0,,0,,,0,h,SUB: Haliburton FOR Sheppard,Substitution,,0,0,112
0042400306,157,PT00M26.30S,1,1610612752,NYK,1626157,Towns,K. Towns,0,0,0,,0,,,0,v,SUB: Robinson FOR Towns,Substitution,,0,0,113
0042400306,160,PT00M26.30S,1,1610612752,NYK,1626153,Wright,D. Wright,0,0,0,,0,25,24,49,v,Wright Free Throw 2 of 2 (2 PTS),Free Throw,Free Throw 2 of 2,1,0,114
0042400306,161,PT00M05.20S,1,1610612754,IND,1630169,Haliburton,T. Haliburton,132,112,17,Missed,1,,,0,h,MISS Haliburton 17' Pullup Jump Shot,Missed Shot,Pullup Jump shot,1,2,115
0042400306,162,PT00M01.00S,1,1610612754,IND,1630167,Toppin,O. Toppin,0,0,0,,0,,,0,h,Toppin REBOUND (Off:1 Def:3),Rebound,Unknown,1,0,116
0042400306,163,PT00M01.00S,1,1610612754,IND,1630167,Toppin,O. Toppin,0,0,0,Missed,1,,,0,h,MISS Toppin Tip Layup Shot,Missed Shot,Tip Layup Shot,1,2,117
0042400306,164,PT00M00.10S,1,1610612752,NYK,1629011,Robinson,M. Robinson,0,0,0,,0,,,0,v,Robinson REBOUND (Off:5 Def:1),Rebound,Unknown,1,0,118
0042400306,165,PT00M00.00S,1,0,,0,,,0,0,0,,0,25,24,49,,End of 1st Period (8:31 PM EST),period,end,1,0,119
0042400306,170,PT12M00.00S,2,0,,0,,,0,0,0,,0,25,24,49,,Start of 2nd Period (8:34 PM EST),period,start,0,0,120
0042400306,171,PT11M38.00S,2,1610612754,IND,1627783,Siakam,P. Siakam,97,260,28,Made,1,28,24,52,h,Siakam 28' 3PT Pullup Jump Shot (8 PTS) (McConnell 2 AST),Made Shot,Pullup Jump shot,1,3,121
0042400306,173,PT11M17.00S,2,1610612752,NYK,1629013,Shamet,L. Shamet,224,17,0,Made,1,28,27,55,v,Shamet 3PT Jump Shot (3 PTS) (McBride 1 AST),Made Shot,Jump Shot,1,3,122
0042400306,175,PT11M00.00S,2,1610612752,NYK,1628404,Hart,J. Hart,0,0,0,,0,,,0,v,Hart S.FOUL (P2.T1) (T.Brothers),Foul,Shooting,1,0,123
0042400306,177,PT11M00.00S,2,1610612754,IND,1627783,Siakam,P. Siakam,0,0,0,,0,,,0,h,MISS Siakam Free Throw 1 of 2,Free Throw,Free Throw 1 of 2,1,0,124
0042400306,178,PT11M00.00S,2,0,,1610612754,,,0,0,0,,0,,,0,h,PACERS Rebound,Rebound,Normal Rebound,0,0,125
0042400306,179,PT11M00.00S,2,1610612754,IND,1627783,Siakam,P. Siakam,0,0,0,,0,29,27,56,h,Siakam Free Throw 2 of 2 (9 PTS),Free Throw,Free Throw 2 of 2,1,0,126
0042400306,180,PT10M45.00S,2,1610612752,NYK,1628404,Hart,J. Hart,16,22,3,Missed,1,,,0,v,MISS Hart 3' Driving Layup,Missed Shot,Driving Layup Shot,1,2,127
0042400306,180,PT10M45.00S,2,1610612754,IND,1630167,Toppin,O. Toppin,0,0,0,,0,,,0,h,Toppin BLOCK (1 BLK),,,1,2,128
0042400306,182,PT10M42.00S,2,1610612754,IND,1627783,Siakam,P. Siakam,0,0,0,,0,,,0,h,Siakam REBOUND (Off:0 Def:1),Rebound,Unknown,1,0,129
0042400306,183,PT10M39.00S,2,1610612754,IND,1627783,Siakam,P. Siakam,26,18,3,Missed,1,,,0,h,MISS Siakam 3' Running Finger Roll Layup,Missed Shot,Running Finger Roll Layup Shot,1,2,130
0042400306,184,PT10M37.00S,2,1610612754,IND,1631097,Mathurin,B. Mathurin,0,0,0,,0,,,0,h,Mathurin REBOUND (Off:1 Def:0),Rebound,Unknown,1,0,131
0042400306,185,PT10M37.00S,2,1610612752,NYK,1629013,Shamet,L. Shamet,0,0,0,,0,,,0,v,Shamet S.FOUL (P1.T2) (T.Ford),Foul,Shooting,1,0,132
0042400306,187,PT10M37.00S,2,1610612754,IND,1631097,Mathurin,B. Mathurin,0,0,0,,0,30,27,57,h,Mathurin Free Throw 1 of 2 (1 PTS),Free Throw,Free Throw 1 of 2,1,0,133
0042400306,188,PT10M37.00S,2,1610612752,NYK,1630540,McBride,M. McBride,0,0,0,,0,,,0,v,SUB: Anunoby FOR McBride,Substitution,,0,0,134
0042400306,190,PT10M37.00S,2,1610612754,IND,1631097,Mathurin,B. Mathurin,0,0,0,,0,31,27,58,h,Mathurin Free Throw 2 of 2 (2 PTS),Free Throw,Free Throw 2 of 2,1,0,135
0042400306,192,PT10M20.00S,2,1610612752,NYK,1628384,Anunoby,O. Anunoby,11,9,1,Made,1,31,29,60,v,Anunoby 1' Cutting Dunk Shot (4 PTS) (Shamet 2 AST),Made Shot,Cutting Dunk Shot,1,2,136
0042400306,195,PT10M02.00S,2,1610612754,IND,1631097,Mathurin,B. Mathurin,26,115,12,Made,1,33,29,62,h,Mathurin 12' Driving Floating Jump Shot (4 PTS),Made Shot,Driving Floating Jump Shot,1,2,137
0042400306,196,PT09M36.00S,2,1610612752,NYK,1628384,Anunoby,O. Anunoby,11,30,3,Made,1,33,31,64,v,Anunoby 3' Driving Layup (6 PTS),Made Shot,Driving Layup Shot,1,2,138
0042400306,197,PT09M20.00S,2,1610612754,IND,1627783,Siakam,P. Siakam,-9,68,7,Missed,1,,,0,h,MISS Siakam 7' Driving Floating Jump Shot,Missed Shot,Driving Floating Jump Shot,1,2,139
0042400306,198,PT09M18.00S,2,1610612752,NYK,1626157,Towns,K. Towns,0,0,0,,0,,,0,v,Towns REBOUND (Off:0 Def:3),Rebound,Unknown,1,0,140
0042400306,199,PT09M14.00S,2,1610612752,NYK,1628384,Anunoby,O. Anunoby,15,11,2,Made,1,33,33,66,v,Anunoby 2' Running Finger Roll Layup (8 PTS),Made Shot,Running Finger Roll Layup Shot,1,2,141
0042400306,200,PT09M13.00S,2,0,,1610612754,,,0,0,0,,0,,,0,h,PACERS Timeout: Regular (Full 2 Short 0),Timeout,Regular,0,0,142
0042400306,201,PT09M13.00S,2,1610612754,IND,1631097,Mathurin,B. Mathurin,0,0,0,,0,,,0,h,SUB: Nembhard FOR Mathurin,Substitution,,0,0,143
0042400306,203,PT08M52.00S,2,1610612754,IND,1630167,Toppin,O. Toppin,0,256,26,Made,1,36,33,69,h,Toppin 26' 3PT Jump Shot (7 PTS) (Siakam 2 AST),Made Shot,Jump Shot,1,3,144
0042400306,205,PT08M41.00S,2,1610612754,IND,1641767,Sheppard,B. Sheppard,0,0,0,,0,,,0,h,Sheppard P.FOUL (P2.T1) (J.Capers),Foul,Personal,1,0,145
0042400306,207,PT08M24.00S,2,1610612752,NYK,1628384,Anunoby,O. Anunoby,107,180,21,Missed,1,,,0,v,MISS Anunoby 21' Step Back Jump Shot,Missed Shot,Step Back Jump shot,1,2,146
0042400306,208,PT08M21.00S,2,1610612754,IND,204456,McConnell,T. McConnell,0,0,0,,0,,,0,h,McConnell REBOUND (Off:0 Def:1),Rebound,Unknown,1,0,147
0042400306,209,PT08M14.00S,2,1610612754,IND,204456,McConnell,T. McConnell,0,0,0,,0,,,0,h,McConnell Lost Ball Turnover (P1.T5),Turnover,Lost Ball,1,0,148
0042400306,209,PT08M14.00S,2,1610612752,NYK,1628384,Anunoby,O. Anunoby,0,0,0,,0,,,0,v,Anunoby STEAL (1 STL),,,1,0,149
0042400306,212,PT07M52.00S,2,0,,1610612752,,,0,0,0,,0,,,0,v,Knicks Turnover: Shot Clock (T#7),Turnover,Shot Clock Turnover,1,0,150
0042400306,213,PT07M52.00S,2,1610612754,IND,204456,McConnell,T. McConnell,0,0,0,,0,,,0,h,SUB: Haliburton FOR McConnell,Substitution,,0,0,151
0042400306,214,PT07M52.00S,2,1610612754,IND,1627783,Siakam,P. Siakam,0,0,0,,0,,,0,h,SUB: Turner FOR Siakam,Substitution,,0,0,152
0042400306,217,PT07M45.00S,2,1610612754,IND,1630169,Haliburton,T. Haliburton,110,257,28,Made,1,39,33,72,h,Haliburton 28' 3PT Pullup Jump Shot (3 PTS),Made Shot,Pullup Jump shot,1,3,153
0042400306,218,PT07M36.00S,2,0,,1610612752,,,0,0,0,,0,,,0,v,Knicks Timeout: Regular (Reg.2 Short 0),Timeout,Regular,0,0,154
0042400306,219,PT07M36.00S,2,1610612752,NYK,1626153,Wright,D. Wright,0,0,0,,0,,,0,v,SUB: Brunson FOR Wright,Substitution,,0,0,155
0042400306,220,PT07M36.00S,2,1610612752,NYK,1629013,Shamet,L. Shamet,0,0,0,,0,,,0,v,SUB: Bridges FOR Shamet,Substitution,,0,0,156
0042400306,223,PT07M26.00S,2,1610612752,NYK,1626157,Towns,K. Towns,40,11,4,Made,1,39,35,74,v,Towns 4' Driving Floating Jump Shot (4 PTS),Made Shot,Driving Floating Jump Shot,1,2,157
0042400306,224,PT07M11.00S,2,1610612754,IND,1629614,Nembhard,A. Nembhard,-227,34,0,Missed,1,,,0,h,MISS Nembhard 3PT Jump Shot,Missed Shot,Jump Shot,1,3,158
0042400306,225,PT07M09.00S,2,1610612752,NYK,1626157,Towns,K. Towns,0,0,0,,0,,,0,v,Towns REBOUND (Off:0 Def:4),Rebound,Unknown,1,0,159
0042400306,227,PT06M59.00S,2,1610612752,NYK,1628973,Brunson,J. Brunson,-40,67,8,Missed,1,,,0,v,MISS Brunson 8' Driving Floating Jump Shot,Missed Shot,Driving Floating Jump Shot,1,2,160
0042400306,227,PT06M59.00S,2,1610612754,IND,1629614,Nembhard,A. Nembhard,0,0,0,,0,,,0,h,Nembhard BLOCK (1 BLK),,,1,2,161
0042400306,229,PT06M58.00S,2,0,,1610612752,,,0,0,0,,0,,,0,v,Knicks Rebound,Rebound,Unknown,0,0,162
0042400306,231,PT06M50.00S,2,1610612754,IND,1626167,Turner,M. Turner,0,0,0,,0,,,0,h,Turner S.FOUL (P1.T2) (T.Ford),Foul,Shooting,0,0,163
0042400306,233,PT06M50.00S,2,1610612752,NYK,1626157,Towns,K. Towns,0,0,0,,0,39,36,75,v,Towns Free Throw 1 of 2 (5 PTS),Free Throw,Free Throw 1 of 2,1,0,164
0042400306,234,PT06M50.00S,2,1610612754,IND,1641767,Sheppard,B. Sheppard,0,0,0,,0,,,0,h,SUB: Nesmith FOR Sheppard,Substitution,,0,0,165
0042400306,236,PT06M50.00S,2,1610612752,NYK,1626157,Towns,K. Towns,0,0,0,,0,39,37,76,v,Towns Free Throw 2 of 2 (6 PTS),Free Throw,Free Throw 2 of 2,1,0,166
0042400306,238,PT06M42.00S,2,1610612752,NYK,1628969,Bridges,M. Bridges,0,0,0,,0,,,0,v,Bridges Violation:Kicked Ball (J.Capers),Violation,Kicked Ball,0,0,167
0042400306,239,PT06M42.00S,2,1610612752,NYK,1626157,Towns,K. Towns,0,0,0,,0,,,0,v,SUB: Robinson FOR Towns,Substitution,,0,0,168
0042400306,241,PT06M36.00S,2,1610612752,NYK,1628404,Hart,J. Hart,0,0,0,,0,,,0,v,Hart P.FOUL (P3.T3) (T.Ford),Foul,Personal,1,0,169
0042400306,243,PT06M36.00S,2,1610612752,NYK,1628404,Hart,J. Hart,0,0,0,,0,,,0,v,SUB: Towns FOR Hart,Substitution,,0,0,170
0042400306,245,PT06M36.00S,2,1610612752,NYK,1628969,Bridges,M. Bridges,0,0,0,,0,,,0,v,Bridges AWAY.FROM.PLAY.FOUL (P1.T4) (T.Ford),Foul,Away From Play,1,0,171
0042400306,247,PT06M36.00S,2,1610612754,IND,1630169,Haliburton,T. Haliburton,0,0,0,,0,40,37,77,h,Haliburton Free Throw 1 of 1 (4 PTS),Free Throw,Free Throw 1 of 1,1,0,172
0042400306,248,PT06M31.00S,2,1610612754,IND,1630167,Toppin,O. Toppin,212,160,27,Missed,1,,,0,h,MISS Toppin 27' 3PT Jump Shot,Missed Shot,Jump Shot,1,3,173
0042400306,249,PT06M28.00S,2,1610612752,NYK,1628384,Anunoby,O. Anunoby,0,0,0,,0,,,0,v,Anunoby REBOUND (Off:0 Def:2),Rebound,Unknown,1,0,174
0042400306,250,PT06M15.00S,2,1610612752,NYK,1626157,Towns,K. Towns,-191,190,27,Missed,1,,,0,v,MISS Towns 27' 3PT Jump Shot,Missed Shot,Jump Shot,1,3,175
0042400306,251,PT06M11.00S,2,0,,1610612752,,,0,0,0,,0,,,0,v,Knicks Rebound,Rebound,Unknown,0,0,176
0042400306,253,PT06M11.00S,2,1610612754,IND,1630167,Toppin,O. Toppin,0,0,0,,0,,,0,h,SUB: Siakam FOR Toppin,Substitution,,0,0,177
0042400306,255,PT06M03.00S,2,1610612752,NYK,1628384,Anunoby,O. Anunoby,-233,24,0,Missed,1,,,0,v,MISS Anunoby 3PT Jump Shot,Missed Shot,Jump Shot,1,3,178
0042400306,256,PT06M02.00S,2,0,,1610612752,,,0,0,0,,0,,,0,v,Knicks Rebound,Rebound,Unknown,1,0,179
0042400306,257,PT06M02.00S,2,1610612754,IND,1626167,Turner,M. Turner,0,0,0,,0,,,0,h,Turner L.B.FOUL (P2.T3) (T.Ford),Foul,Loose Ball,1,0,180
0042400306,259,PT05M51.00S,2,1610612752,NYK,1628973,Brunson,J. Brunson,152,-5,15,Missed,1,,,0,v,MISS Brunson 15' Step Back Jump Shot,Missed Shot,Step Back Jump shot,1,2,181
0042400306,260,PT05M49.00S,2,0,,1610612752,,,0,0,0,,0,,,0,v,Knicks Rebound,Rebound,Unknown,1,0,182
0042400306,262,PT05M38.00S,2,1610612752,NYK,1628384,Anunoby,O. Anunoby,45,153,16,Made,1,40,39,79,v,Anunoby 16' Step Back Jump Shot (10 PTS),Made Shot,Step Back Jump shot,1,2,183
0042400306,263,PT05M27.00S,2,1610612752,NYK,1626157,Towns,K. Towns,0,0,0,,0,,,0,v,Towns P.FOUL (P1.PN) (J.Capers),Foul,Personal,1,0,184
0042400306,265,PT05M27.00S,2,1610612754,IND,1627783,Siakam,P. Siakam,0,0,0,,0,41,39,80,h,Siakam Free Throw 1 of 2 (10 PTS),Free Throw,Free Throw 1 of 2,1,0,185
0042400306,266,PT05M27.00S,2,1610612754,IND,1627783,Siakam,P. Siakam,0,0,0,,0,,,0,h,MISS Siakam Free Throw 2 of 2,Free Throw,Free Throw 2 of 2,1,0,186
0042400306,267,PT05M25.00S,2,1610612752,NYK,1626157,Towns,K. Towns,0,0,0,,0,,,0,v,Towns REBOUND (Off:0 Def:5),Rebound,Unknown,1,0,187
0042400306,268,PT05M09.00S,2,1610612754,IND,1630174,Nesmith,A. Nesmith,0,0,0,,0,,,0,h,Nesmith P.FOUL (P3.T4) (T.Brothers),Foul,Personal,1,0,188
0042400306,270,PT05M09.00S,2,1610612754,IND,1630174,Nesmith,A. Nesmith,0,0,0,,0,,,0,h,SUB: Walker FOR Nesmith,Substitution,,0,0,189
0042400306,272,PT05M04.00S,2,1610612754,IND,1630169,Haliburton,T. Haliburton,0,0,0,,0,,,0,h,Haliburton P.FOUL (P1.PN) (T.Brothers),Foul,Personal,1,0,190
0042400306,274,PT05M04.00S,2,1610612752,NYK,1628969,Bridges,M. Bridges,0,0,0,,0,41,40,81,v,Bridges Free Throw 1 of 2 (6 PTS),Free Throw,Free Throw 1 of 2,1,0,191
0042400306,275,PT05M04.00S,2,1610612752,NYK,1628969,Bridges,M. Bridges,0,0,0,,0,41,41,82,v,Bridges Free Throw 2 of 2 (7 PTS),Free Throw,Free Throw 2 of 2,1,0,192
0042400306,276,PT04M57.00S,2,1610612754,IND,1629614,Nembhard,A. Nembhard,4,151,15,Missed,1,,,0,h,MISS Nembhard 15' Pullup Jump Shot,Missed Shot,Pullup Jump shot,1,2,193
0042400306,277,PT04M52.00S,2,1610612752,NYK,1629011,Robinson,M. Robinson,0,0,0,,0,,,0,v,Robinson REBOUND (Off:5 Def:2),Rebound,Unknown,1,0,194
0042400306,278,PT04M44.00S,2,1610612752,NYK,1628973,Brunson,J. Brunson,0,0,0,,0,,,0,v,Brunson Bad Pass Turnover (P1.T8),Turnover,Bad Pass,1,0,195
0042400306,278,PT04M44.00S,2,1610612754,IND,1629614,Nembhard,A. Nembhard,0,0,0,,0,,,0,h,Nembhard STEAL (3 STL),,,1,0,196
0042400306,280,PT04M38.00S,2,1610612754,IND,1641716,Walker,J. Walker,-7,20,2,Made,1,43,41,84,h,Walker 2' Running Dunk (2 PTS) (Nembhard 3 AST),Made Shot,Running Dunk Shot,1,2,197
0042400306,282,PT04M35.00S,2,1610612754,IND,1629614,Nembhard,A. Nembhard,0,0,0,,0,,,0,h,Nembhard P.FOUL (P1.PN) (T.Ford),Foul,Personal,1,0,198
0042400306,284,PT04M35.00S,2,1610612752,NYK,1628973,Brunson,J. Brunson,0,0,0,,0,43,42,85,v,Brunson Free Throw 1 of 2 (8 PTS),Free Throw,Free Throw 1 of 2,1,0,199
0042400306,285,PT04M35.00S,2,1610612752,NYK,1628973,Brunson,J. Brunson,0,0,0,,0,,,0,v,MISS Brunson Free Throw 2 of 2,Free Throw,Free Throw 2 of 2,1,0,200
0042400306,286,PT04M33.00S,2,1610612754,IND,1626167,Turner,M. Turner,0,0,0,,0,,,0,h,Turner REBOUND (Off:0 Def:2),Rebound,Unknown,1,0,201
0042400306,287,PT04M15.00S,2,1610612754,IND,1629614,Nembhard,A. Nembhard,102,121,16,Made,1,45,42,87,h,Nembhard 16' Step Back Jump Shot (4 PTS),Made Shot,Step Back Jump shot,1,2,202
0042400306,288,PT03M56.00S,2,1610612752,NYK,1628973,Brunson,J. Brunson,0,0,0,,0,,,0,v,Brunson Lost Ball Turnover (P2.T9),Turnover,Lost Ball,1,0,203
0042400306,288,PT03M56.00S,2,1610612754,IND,1629614,Nembhard,A. Nembhard,0,0,0,,0,,,0,h,Nembhard STEAL (4 STL),,,1,0,204
0042400306,290,PT03M53.00S,2,1610612754,IND,1630169,Haliburton,T. Haliburton,17,22,3,Made,1,47,42,89,h,Haliburton 3' Running Dunk (6 PTS) (Nembhard 4 AST),Made Shot,Running Dunk Shot,1,2,205
0042400306,291,PT03M40.00S,2,1610612752,NYK,1626157,Towns,K. Towns,-134,0,13,Missed,1,,,0,v,MISS Towns 13' Driving Floating Jump Shot,Missed Shot,Driving Floating Jump Shot,1,2,206
0042400306,292,PT03M37.00S,2,1610612754,IND,1627783,Siakam,P. Siakam,0,0,0,,0,,,0,h,Siakam REBOUND (Off:0 Def:2),Rebound,Unknown,1,0,207
0042400306,293,PT03M25.00S,2,1610612754,IND,1630169,Haliburton,T. Haliburton,31,91,10,Missed,1,,,0,h,MISS Haliburton 10' Driving Floating Jump Shot,Missed Shot,Driving Floating Jump Shot,1,2,208
0042400306,294,PT03M23.00S,2,1610612752,NYK,1626157,Towns,K. Towns,0,0,0,,0,,,0,v,Towns REBOUND (Off:0 Def:6),Rebound,Unknown,1,0,209
0042400306,295,PT03M04.00S,2,1610612752,NYK,1628384,Anunoby,O. Anunoby,232,11,0,Missed,1,,,0,v,MISS Anunoby 3PT Jump Shot,Missed Shot,Jump Shot,1,3,210
0042400306,295,PT03M04.00S,2,1610612754,IND,1630169,Haliburton,T. Haliburton,0,0,0,,0,,,0,h,Haliburton BLOCK (1 BLK),,,1,3,211
0042400306,297,PT03M02.00S,2,1610612752,NYK,1628384,Anunoby,O. Anunoby,0,0,0,,0,,,0,v,Anunoby REBOUND (Off:1 Def:2),Rebound,Unknown,1,0,212
0042400306,298,PT03M02.00S,2,1610612754,IND,1627783,Siakam,P. Siakam,0,0,0,,0,,,0,h,Siakam S.FOUL (P1.PN) (T.Ford),Foul,Shooting,1,0,213
0042400306,300,PT03M02.00S,2,0,,1610612754,,,0,0,0,,0,,,0,h,PACERS Timeout: Regular (Full 3 Short 0),Timeout,Regular,0,0,214
0042400306,301,PT03M02.00S,2,0,,298,,,0,0,0,,0,47,42,89,,Instant Replay2nd Period (9:03 PM EST),Instant Replay,Coach Challenge Ruling Stands,1,0,215
0042400306,303,PT03M02.00S,2,1610612752,NYK,1628384,Anunoby,O. Anunoby,0,0,0,,0,47,43,90,v,Anunoby Free Throw 1 of 2 (11 PTS),Free Throw,Free Throw 1 of 2,1,0,216
0042400306,304,PT03M02.00S,2,1610612752,NYK,1628384,Anunoby,O. Anunoby,0,0,0,,0,47,44,91,v,Anunoby Free Throw 2 of 2 (12 PTS),Free Throw,Free Throw 2 of 2,1,0,217
0042400306,305,PT02M52.00S,2,1610612754,IND,1630169,Haliburton,T. Haliburton,-15,81,8,Made,1,49,44,93,h,Haliburton 8' Driving Finger Roll Layup (8 PTS),Made Shot,Driving Finger Roll Layup Shot,1,2,218
0042400306,306,PT02M28.00S,2,1610612752,NYK,1628969,Bridges,M. Bridges,197,10,20,Made,1,49,46,95,v,Bridges 20' Jump Shot (9 PTS) (Brunson 3 AST),Made Shot,Jump Shot,1,2,219
0042400306,308,PT02M23.00S,2,1610612754,IND,1627783,Siakam,P. Siakam,-4,17,2,Made,1,51,46,97,h,Siakam 2' Cutting Dunk Shot (12 PTS) (Haliburton 5 AST),Made Shot,Cutting Dunk Shot,1,2,220
0042400306,310,PT02M01.00S,2,1610612752,NYK,1628969,Bridges,M. Bridges,-27,-4,3,Made,1,51,48,99,v,Bridges 3' Cutting Finger Roll Layup Shot (11 PTS) (Towns 1 AST),Made Shot,Cutting Finger Roll Layup Shot,1,2,221
0042400306,312,PT01M47.00S,2,1610612754,IND,1629614,Nembhard,A. Nembhard,11,160,16,Missed,1,,,0,h,MISS Nembhard 16' Pullup Jump Shot,Missed Shot,Pullup Jump shot,1,2,222
0042400306,313,PT01M41.00S,2,1610612754,IND,1641716,Walker,J. Walker,0,0,0,,0,,,0,h,Walker REBOUND (Off:1 Def:0),Rebound,Unknown,1,0,223
0042400306,314,PT01M40.00S,2,1610612754,IND,1629614,Nembhard,A. Nembhard,108,237,26,Missed,1,,,0,h,MISS Nembhard 26' 3PT Jump Shot,Missed Shot,Jump Shot,1,3,224
0042400306,315,PT01M36.00S,2,1610612752,NYK,1626157,Towns,K. Towns,0,0,0,,0,,,0,v,Towns REBOUND (Off:0 Def:7),Rebound,Unknown,1,0,225
0042400306,316,PT01M21.00S,2,1610612752,NYK,1628973,Brunson,J. Brunson,-9,98,10,Made,1,51,50,101,v,Brunson 10' Driving Floating Jump Shot (10 PTS),Made Shot,Driving Floating Jump Shot,1,2,226
0042400306,317,PT01M00.00S,2,1610612752,NYK,1629011,Robinson,M. Robinson,0,0,0,,0,,,0,v,Robinson P.FOUL (P1.PN) (J.Capers),Foul,Personal,1,0,227
0042400306,319,PT01M00.00S,2,1610612754,IND,1627783,Siakam,P. Siakam,0,0,0,,0,52,50,102,h,Siakam Free Throw 1 of 2 (13 PTS),Free Throw,Free Throw 1 of 2,1,0,228
0042400306,320,PT01M00.00S,2,1610612754,IND,1627783,Siakam,P. Siakam,0,0,0,,0,53,50,103,h,Siakam Free Throw 2 of 2 (14 PTS),Free Throw,Free Throw 2 of 2,1,0,229
0042400306,321,PT00M45.20S,2,1610612752,NYK,1626157,Towns,K. Towns,42,51,7,Made,1,53,52,105,v,Towns 7' Cutting Layup Shot (8 PTS) (Anunoby 1 AST),Made Shot,Cutting Layup Shot,1,2,230
0042400306,323,PT00M39.30S,2,1610612752,NYK,1628384,Anunoby,O. Anunoby,0,0,0,,0,,,0,v,Anunoby Violation:Kicked Ball (J.Capers),Violation,Kicked Ball,0,0,231
0042400306,325,PT00M30.80S,2,1610612754,IND,1626167,Turner,M. Turner,-5,268,27,Made,1,56,52,108,h,Turner 27' 3PT Jump Shot (9 PTS) (Haliburton 6 AST),Made Shot,Jump Shot,1,3,232
0042400306,327,PT00M10.30S,2,1610612752,NYK,1628973,Brunson,J. Brunson,0,0,0,,0,,,0,v,Brunson Bad Pass Turnover (P3.T10),Turnover,Bad Pass,1,0,233
0042400306,327,PT00M10.30S,2,1610612754,IND,1629614,Nembhard,A. Nembhard,0,0,0,,0,,,0,h,Nembhard STEAL (5 STL),,,1,0,234
0042400306,329,PT00M06.00S,2,1610612754,IND,1627783,Siakam,P. Siakam,23,18,3,Made,1,58,52,110,h,Siakam 3' Running Finger Roll Layup (16 PTS) (Nembhard 5 AST),Made Shot,Running Finger Roll Layup Shot,1,2,235
0042400306,331,PT00M00.40S,2,1610612752,NYK,1628384,Anunoby,O. Anunoby,22,163,16,Made,1,58,54,112,v,Anunoby 16' Fadeaway Jumper (14 PTS) (Brunson 4 AST),Made Shot,Fadeaway Jump Shot,1,2,236
0042400306,333,PT00M00.00S,2,0,,331,,,0,0,0,,0,58,54,112,,Instant Replay2nd Period (9:11 PM EST),Instant Replay,Ruling Stands,0,0,237
0042400306,334,PT00M00.00S,2,0,,0,,,0,0,0,,0,58,54,112,,End of 2nd Period (9:12 PM EST),period,end,1,0,238
0042400306,337,PT12M00.00S,3,0,,0,,,0,0,0,,0,58,54,112,,Start of 3rd Period (9:28 PM EST),period,start,0,0,239
0042400306,338,PT11M38.00S,3,1610612754,IND,1627783,Siakam,P. Siakam,-143,230,27,Made,1,61,54,115,h,Siakam 27' 3PT Jump Shot (19 PTS) (Haliburton 7 AST),Made Shot,Jump Shot,1,3,240
0042400306,340,PT11M23.00S,3,1610612752,NYK,1628969,Bridges,M. Bridges,-12,33,4,Missed,1,,,0,v,MISS Bridges 4' Driving Finger Roll Layup,Missed Shot,Driving Finger Roll Layup Shot,1,2,241
0042400306,341,PT11M21.00S,3,1610612754,IND,1630169,Haliburton,T. Haliburton,0,0,0,,0,,,0,h,Haliburton REBOUND (Off:0 Def:1),Rebound,Unknown,1,0,242
0042400306,342,PT11M17.00S,3,1610612754,IND,1630174,Nesmith,A. Nesmith,239,27,24,Missed,1,,,0,h,MISS Nesmith 24' 3PT Running Jump Shot,Missed Shot,Running Jump Shot,1,3,243
0042400306,342,PT11M17.00S,3,1610612752,NYK,1628384,Anunoby,O. Anunoby,0,0,0,,0,,,0,v,Anunoby BLOCK (1 BLK),,,1,3,244
0042400306,344,PT11M12.00S,3,1610612752,NYK,1629011,Robinson,M. Robinson,0,0,0,,0,,,0,v,Robinson REBOUND (Off:5 Def:3),Rebound,Unknown,1,0,245
0042400306,345,PT10M56.00S,3,1610612754,IND,1626167,Turner,M. Turner,0,0,0,,0,,,0,h,Turner S.FOUL (P3.T1) (T.Ford),Foul,Shooting,1,0,246
0042400306,347,PT10M56.00S,3,1610612752,NYK,1626157,Towns,K. Towns,0,0,0,,0,,,0,v,MISS Towns Free Throw 1 of 2,Free Throw,Free Throw 1 of 2,1,0,247
0042400306,348,PT10M56.00S,3,0,,1610612752,,,0,0,0,,0,,,0,v,Knicks Rebound,Rebound,Normal Rebound,0,0,248
0042400306,349,PT10M56.00S,3,1610612752,NYK,1626157,Towns,K. Towns,0,0,0,,0,,,0,v,MISS Towns Free Throw 2 of 2,Free Throw,Free Throw 2 of 2,1,0,249
0042400306,350,PT10M54.00S,3,1610612754,IND,1630174,Nesmith,A. Nesmith,0,0,0,,0,,,0,h,Nesmith REBOUND (Off:0 Def:2),Rebound,Unknown,1,0,250
0042400306,351,PT10M49.00S,3,1610612754,IND,1630174,Nesmith,A. Nesmith,202,166,26,Made,1,64,54,118,h,Nesmith 26' 3PT Running Jump Shot (8 PTS) (Siakam 3 AST),Made Shot,Running Jump Shot,1,3,251
0042400306,353,PT10M33.00S,3,1610612752,NYK,1626157,Towns,K. Towns,47,64,8,Missed,1,,,0,v,MISS Towns 8' Driving Layup,Missed Shot,Driving Layup Shot,1,2,252
0042400306,353,PT10M33.00S,3,1610612754,IND,1627783,Siakam,P. Siakam,0,0,0,,0,,,0,h,Siakam BLOCK (2 BLK),,,1,2,253
0042400306,355,PT10M33.00S,3,0,,1610612754,,,0,0,0,,0,,,0,h,PACERS Rebound,Rebound,Unknown,0,0,254
0042400306,357,PT10M25.00S,3,1610612754,IND,1630169,Haliburton,T. Haliburton,-22,9,2,Missed,1,,,0,h,MISS Haliburton 2' Driving Reverse Layup,Missed Shot,Driving Reverse Layup Shot,1,2,255
0042400306,358,PT10M21.00S,3,1610612752,NYK,1626157,Towns,K. Towns,0,0,0,,0,,,0,v,Towns REBOUND (Off:0 Def:8),Rebound,Unknown,1,0,256
0042400306,359,PT10M16.00S,3,1610612752,NYK,1628384,Anunoby,O. Anunoby,219,113,25,Missed,1,,,0,v,MISS Anunoby 25' 3PT Running Jump Shot,Missed Shot,Running Jump Shot,1,3,257
0042400306,360,PT10M14.00S,3,0,,1610612752,,,0,0,0,,0,,,0,v,Knicks Rebound,Rebound,Unknown,1,0,258
0042400306,361,PT10M14.00S,3,1610612754,IND,1626167,Turner,M. Turner,0,0,0,,0,,,0,h,Turner L.B.FOUL (P4.T2) (J.Capers),Foul,Loose Ball,1,0,259
0042400306,363,PT10M14.00S,3,1610612754,IND,1626167,Turner,M. Turner,0,0,0,,0,,,0,h,SUB: Bryant FOR Turner,Substitution,,0,0,260
0042400306,365,PT10M08.00S,3,1610612752,NYK,1628384,Anunoby,O. Anunoby,6,59,6,Missed,1,,,0,v,MISS Anunoby 6' Driving Floating Jump Shot,Missed Shot,Driving Floating Jump Shot,1,2,261
0042400306,365,PT10M08.00S,3,1610612754,IND,1628418,Bryant,T. Bryant,0,0,0,,0,,,0,h,Bryant BLOCK (1 BLK),,,1,2,262
0042400306,367,PT10M05.00S,3,1610612754,IND,1630169,Haliburton,T. Haliburton,0,0,0,,0,,,0,h,Haliburton REBOUND (Off:0 Def:2),Rebound,Unknown,1,0,263
0042400306,368,PT10M02.00S,3,1610612754,IND,1627783,Siakam,P. Siakam,-12,25,3,Made,1,66,54,120,h,Siakam 3' Running Reverse Layup (21 PTS) (Nembhard 6 AST),Made Shot,Running Reverse Layup Shot,1,2,264
0042400306,370,PT10M02.00S,3,1610612752,NYK,1628969,Bridges,M. Bridges,0,0,0,,0,,,0,v,Bridges S.FOUL (P2.T1) (J.Capers),Foul,Shooting,1,0,265
0042400306,372,PT10M02.00S,3,0,,1610612752,,,0,0,0,,0,,,0,v,Knicks Timeout: Regular (Reg.3 Short 0),Timeout,Regular,0,0,266
0042400306,373,PT10M02.00S,3,1610612754,IND,1627783,Siakam,P. Siakam,0,0,0,,0,67,54,121,h,Siakam Free Throw 1 of 1 (22 PTS),Free Throw,Free Throw 1 of 1,1,0,267
0042400306,374,PT09M45.00S,3,1610612752,NYK,1628969,Bridges,M. Bridges,-72,60,9,Made,1,67,56,123,v,Bridges 9' Turnaround Fadeaway (13 PTS) (Towns 2 AST),Made Shot,Turnaround Fadeaway shot,1,2,268
0042400306,376,PT09M36.00S,3,1610612754,IND,1630169,Haliburton,T. Haliburton,0,0,0,,0,,,0,h,Haliburton Lost Ball Turnover (P3.T6),Turnover,Lost Ball,1,0,269
0042400306,376,PT09M36.00S,3,1610612752,NYK,1629011,Robinson,M. Robinson,0,0,0,,0,,,0,v,Robinson STEAL (2 STL),,,1,0,270
0042400306,378,PT09M25.00S,3,1610612752,NYK,1629011,Robinson,M. Robinson,6,18,2,Made,1,67,58,125,v,Robinson 2' Alley Oop Dunk (8 PTS) (Bridges 3 AST),Made Shot,Alley Oop Dunk Shot,1,2,271
0042400306,380,PT09M08.00S,3,1610612754,IND,1630174,Nesmith,A. Nesmith,21,51,6,Missed,1,,,0,h,MISS Nesmith 6' Driving Floating Bank Jump Shot,Missed Shot,Driving Floating Bank Jump Shot,1,2,272
0042400306,381,PT09M06.00S,3,1610612754,IND,1627783,Siakam,P. Siakam,0,0,0,,0,,,0,h,Siakam REBOUND (Off:1 Def:2),Rebound,Unknown,1,0,273
0042400306,382,PT09M06.00S,3,1610612754,IND,1627783,Siakam,P. Siakam,0,0,0,Made,1,69,58,127,h,Siakam Tip Layup Shot (24 PTS),Made Shot,Tip Layup Shot,1,2,274
0042400306,383,PT08M53.00S,3,1610612752,NYK,1628973,Brunson,J. Brunson,192,169,26,Made,1,69,61,130,v,Brunson 26' 3PT Step Back Jump Shot (13 PTS),Made Shot,Step Back Jump shot,1,3,275
0042400306,384,PT08M36.00S,3,1610612754,IND,1627783,Siakam,P. Siakam,44,246,25,Missed,1,,,0,h,MISS Siakam 25' 3PT Jump Shot,Missed Shot,Jump Shot,1,3,276
0042400306,385,PT08M34.00S,3,0,,1610612752,,,0,0,0,,0,,,0,v,Knicks Rebound,Rebound,Unknown,1,0,277
0042400306,387,PT08M21.00S,3,1610612752,NYK,1626157,Towns,K. Towns,0,0,0,,0,,,0,v,Towns OFF.Foul (P2) (J.Capers),Foul,Offensive,1,0,278
0042400306,389,PT08M21.00S,3,1610612752,NYK,1626157,Towns,K. Towns,0,0,0,,0,,,0,v,Towns Offensive Foul Turnover (P1.T11),Turnover,Offensive Foul Turnover,1,0,279
0042400306,391,PT08M10.00S,3,1610612754,IND,1628418,Bryant,T. Bryant,227,26,0,Made,1,72,61,133,h,Bryant 3PT Jump Shot (6 PTS) (Nembhard 7 AST),Made Shot,Jump Shot,1,3,280
0042400306,393,PT07M46.00S,3,1610612752,NYK,1628973,Brunson,J. Brunson,10,169,17,Made,1,72,63,135,v,Brunson 17' Pullup Jump Shot (15 PTS),Made Shot,Pullup Jump shot,1,2,281
0042400306,394,PT07M38.00S,3,1610612754,IND,1627783,Siakam,P. Siakam,-15,16,2,Missed,1,,,0,h,MISS Siakam 2' Driving Layup,Missed Shot,Driving Layup Shot,1,2,282
0042400306,394,PT07M38.00S,3,1610612752,NYK,1629011,Robinson,M. Robinson,0,0,0,,0,,,0,v,Robinson BLOCK (2 BLK),,,1,2,283
0042400306,396,PT07M38.00S,3,0,,1610612754,,,0,0,0,,0,,,0,h,PACERS Rebound,Rebound,Unknown,1,0,284
0042400306,398,PT07M37.00S,3,1610612754,IND,1630174,Nesmith,A. Nesmith,-224,-7,0,Missed,1,,,0,h,MISS Nesmith 3PT Jump Shot,Missed Shot,Jump Shot,1,3,285
0042400306,399,PT07M33.00S,3,1610612752,NYK,1626157,Towns,K. Towns,0,0,0,,0,,,0,v,Towns REBOUND (Off:0 Def:9),Rebound,Unknown,1,0,286
0042400306,400,PT07M24.00S,3,1610612752,NYK,1628973,Brunson,J. Brunson,0,0,0,,0,,,0,v,Brunson Bad Pass Turnover (P4.T12),Turnover,Bad Pass,1,0,287
0042400306,400,PT07M24.00S,3,1610612754,IND,1630169,Haliburton,T. Haliburton,0,0,0,,0,,,0,h,Haliburton STEAL (3 STL),,,1,0,288
0042400306,402,PT07M19.00S,3,1610612754,IND,1629614,Nembhard,A. Nembhard,232,14,0,Made,1,75,63,138,h,Nembhard 3PT Running Jump Shot (7 PTS) (Haliburton 8 AST),Made Shot,Running Jump Shot,1,3,289
0042400306,404,PT06M52.00S,3,1610612752,NYK,1626157,Towns,K. Towns,-23,34,4,Missed,1,,,0,v,MISS Towns 4' Driving Layup,Missed Shot,Driving Layup Shot,1,2,290
0042400306,405,PT06M49.00S,3,1610612754,IND,1628418,Bryant,T. Bryant,0,0,0,,0,,,0,h,Bryant REBOUND (Off:0 Def:1),Rebound,Unknown,1,0,291
0042400306,406,PT06M44.00S,3,1610612754,IND,1628418,Bryant,T. Bryant,240,13,24,Made,1,78,63,141,h,Bryant 24' 3PT Jump Shot (9 PTS) (Nesmith 1 AST),Made Shot,Jump Shot,1,3,292
0042400306,408,PT06M42.00S,3,0,,1610612752,,,0,0,0,,0,,,0,v,Knicks Timeout: Regular (Reg.4 Short 0),Timeout,Regular,0,0,293
0042400306,409,PT06M42.00S,3,1610612754,IND,1627783,Siakam,P. Siakam,0,0,0,,0,,,0,h,SUB: Toppin FOR Siakam,Substitution,,0,0,294
0042400306,411,PT06M25.00S,3,1610612752,NYK,1628384,Anunoby,O. Anunoby,-240,20,24,Made,1,78,66,144,v,Anunoby 24' 3PT Jump Shot (17 PTS) (Bridges 4 AST),Made Shot,Jump Shot,1,3,295
0042400306,413,PT06M07.00S,3,1610612754,IND,1630167,Toppin,O. Toppin,0,0,0,,0,,,0,h,Toppin Bad Pass Turnover (P1.T7),Turnover,Bad Pass,1,0,296
0042400306,413,PT06M07.00S,3,1610612752,NYK,1628969,Bridges,M. Bridges,0,0,0,,0,,,0,v,Bridges STEAL (1 STL),,,1,0,297
0042400306,415,PT06M05.00S,3,1610612752,NYK,1628969,Bridges,M. Bridges,23,18,3,Made,1,78,68,146,v,Bridges 3' Running Finger Roll Layup (15 PTS),Made Shot,Running Finger Roll Layup Shot,1,2,298
0042400306,416,PT05M58.00S,3,1610612754,IND,1628418,Bryant,T. Bryant,20,13,2,Missed,1,,,0,h,MISS Bryant 2' Alley Oop Dunk,Missed Shot,Alley Oop Dunk Shot,1,2,299
0042400306,417,PT05M55.00S,3,1610612752,NYK,1628973,Brunson,J. Brunson,0,0,0,,0,,,0,v,Brunson REBOUND (Off:0 Def:2),Rebound,Unknown,1,0,300
0042400306,418,PT05M47.00S,3,1610612752,NYK,1626157,Towns,K. Towns,-18,18,3,Made,1,78,70,148,v,Towns 3' Dunk (10 PTS) (Brunson 5 AST),Made Shot,Dunk Shot,1,2,301
0042400306,420,PT05M47.00S,3,0,,1610612754,,,0,0,0,,0,,,0,h,PACERS Timeout: Regular (Full 4 Short 0),Timeout,Regular,0,0,302
0042400306,421,PT05M34.00S,3,1610612754,IND,1629614,Nembhard,A. Nembhard,124,127,18,Missed,1,,,0,h,MISS Nembhard 18' Pullup Jump Shot,Missed Shot,Pullup Jump shot,1,2,303
0042400306,422,PT05M30.00S,3,1610612752,NYK,1626157,Towns,K. Towns,0,0,0,,0,,,0,v,Towns REBOUND (Off:0 Def:10),Rebound,Unknown,1,0,304
0042400306,423,PT05M16.00S,3,1610612752,NYK,1628973,Brunson,J. Brunson,212,163,27,Missed,1,,,0,v,MISS Brunson 27' 3PT Pullup Jump Shot,Missed Shot,Pullup Jump shot,1,3,305
0042400306,424,PT05M12.00S,3,1610612752,NYK,1628384,Anunoby,O. Anunoby,0,0,0,,0,,,0,v,Anunoby REBOUND (Off:2 Def:2),Rebound,Unknown,1,0,306
0042400306,425,PT05M04.00S,3,1610612754,IND,1630167,Toppin,O. Toppin,0,0,0,,0,,,0,h,Toppin S.FOUL (P1.T3) (T.Brothers),Foul,Shooting,1,0,307
0042400306,427,PT05M04.00S,3,1610612752,NYK,1626157,Towns,K. Towns,0,0,0,,0,78,71,149,v,Towns Free Throw 1 of 2 (11 PTS),Free Throw,Free Throw 1 of 2,1,0,308
0042400306,428,PT05M04.00S,3,1610612754,IND,1630167,Toppin,O. Toppin,0,0,0,,0,,,0,h,SUB: Siakam FOR Toppin,Substitution,,0,0,309
0042400306,429,PT05M04.00S,3,1610612752,NYK,1628384,Anunoby,O. Anunoby,0,0,0,,0,,,0,v,SUB: McBride FOR Anunoby,Substitution,,0,0,310
0042400306,432,PT05M04.00S,3,1610612752,NYK,1626157,Towns,K. Towns,0,0,0,,0,,,0,v,MISS Towns Free Throw 2 of 2,Free Throw,Free Throw 2 of 2,1,0,311
0042400306,433,PT05M03.00S,3,1610612754,IND,1630174,Nesmith,A. Nesmith,0,0,0,,0,,,0,h,Nesmith REBOUND (Off:0 Def:3),Rebound,Unknown,1,0,312
0042400306,434,PT04M53.00S,3,1610612754,IND,1630169,Haliburton,T. Haliburton,131,210,25,Missed,1,,,0,h,MISS Haliburton 25' 3PT Pullup Jump Shot,Missed Shot,Pullup Jump shot,1,3,313
0042400306,435,PT04M49.00S,3,1610612752,NYK,1629011,Robinson,M. Robinson,0,0,0,,0,,,0,v,Robinson REBOUND (Off:5 Def:4),Rebound,Unknown,1,0,314
0042400306,436,PT04M39.00S,3,1610612752,NYK,1628969,Bridges,M. Bridges,0,0,0,,0,,,0,v,Bridges Lost Ball Turnover (P4.T13),Turnover,Lost Ball,1,0,315
0042400306,436,PT04M39.00S,3,1610612754,IND,1627783,Siakam,P. Siakam,0,0,0,,0,,,0,h,Siakam STEAL (1 STL),,,1,0,316
0042400306,438,PT04M34.00S,3,1610612754,IND,1630174,Nesmith,A. Nesmith,11,21,2,Made,1,80,71,151,h,Nesmith 2' Running Dunk (10 PTS) (Nembhard 8 AST),Made Shot,Running Dunk Shot,1,2,317
0042400306,440,PT04M11.00S,3,1610612752,NYK,1630540,McBride,M. McBride,124,236,27,Missed,1,,,0,v,MISS McBride 27' 3PT Pullup Jump Shot,Missed Shot,Pullup Jump shot,1,3,318
0042400306,441,PT04M11.00S,3,1610612754,IND,1629614,Nembhard,A. Nembhard,0,0,0,,0,,,0,h,Nembhard REBOUND (Off:0 Def:2),Rebound,Unknown,1,0,319
0042400306,442,PT04M06.00S,3,1610612752,NYK,1628969,Bridges,M. Bridges,0,0,0,,0,,,0,v,Bridges S.FOUL (P3.T2) (T.Brothers),Foul,Shooting,1,0,320
0042400306,444,PT04M06.00S,3,1610612754,IND,1628418,Bryant,T. Bryant,0,0,0,,0,81,71,152,h,Bryant Free Throw 1 of 2 (10 PTS),Free Throw,Free Throw 1 of 2,1,0,321
0042400306,445,PT04M06.00S,3,1610612754,IND,1630174,Nesmith,A. Nesmith,0,0,0,,0,,,0,h,SUB: Sheppard FOR Nesmith,Substitution,,0,0,322
0042400306,446,PT04M06.00S,3,1610612752,NYK,1626157,Towns,K. Towns,0,0,0,,0,,,0,v,SUB: Hart FOR Towns,Substitution,,0,0,323
0042400306,449,PT04M06.00S,3,1610612754,IND,1628418,Bryant,T. Bryant,0,0,0,,0,82,71,153,h,Bryant Free Throw 2 of 2 (11 PTS),Free Throw,Free Throw 2 of 2,1,0,324
0042400306,451,PT03M49.00S,3,1610612754,IND,1630169,Haliburton,T. Haliburton,0,0,0,,0,,,0,h,SUB: McConnell FOR Haliburton,Substitution,,0,0,325
0042400306,453,PT03M46.00S,3,1610612754,IND,204456,McConnell,T. McConnell,0,0,0,,0,,,0,h,McConnell P.FOUL (P1.T4) (T.Ford),Foul,Personal,1,0,326
0042400306,455,PT03M44.00S,3,1610612752,NYK,1629011,Robinson,M. Robinson,0,0,0,,0,,,0,v,Robinson Out of Bounds - Bad Pass Turnover Turnover (P2.T14),Turnover,Out of Bounds - Bad Pass Turnover,1,0,327
0042400306,456,PT03M34.00S,3,1610612754,IND,204456,McConnell,T. McConnell,-62,250,26,Made,1,85,71,156,h,McConnell 26' 3PT Pullup Jump Shot (3 PTS),Made Shot,Pullup Jump shot,1,3,328
0042400306,457,PT03M10.00S,3,1610612752,NYK,1628973,Brunson,J. Brunson,114,27,12,Missed,1,,,0,v,MISS Brunson 12' Driving Floating Bank Jump Shot,Missed Shot,Driving Floating Bank Jump Shot,1,2,329
0042400306,458,PT03M08.00S,3,1610612754,IND,1629614,Nembhard,A. Nembhard,0,0,0,,0,,,0,h,Nembhard REBOUND (Off:0 Def:3),Rebound,Unknown,1,0,330
0042400306,459,PT02M55.00S,3,1610612754,IND,1627783,Siakam,P. Siakam,-74,109,13,Made,1,87,71,158,h,Siakam 13' Turnaround Fadeaway (26 PTS),Made Shot,Turnaround Fadeaway shot,1,2,331
0042400306,460,PT02M33.00S,3,1610612752,NYK,1628404,Hart,J. Hart,221,22,0,Missed,1,,,0,v,MISS Hart 3PT Jump Shot,Missed Shot,Jump Shot,1,3,332
0042400306,461,PT02M31.00S,3,1610612754,IND,204456,McConnell,T. McConnell,0,0,0,,0,,,0,h,McConnell REBOUND (Off:0 Def:2),Rebound,Unknown,1,0,333
0042400306,462,PT02M12.00S,3,1610612754,IND,1641767,Sheppard,B. Sheppard,178,190,26,Missed,1,,,0,h,MISS Sheppard 26' 3PT Step Back Jump Shot,Missed Shot,Step Back Jump shot,1,3,334
0042400306,463,PT02M08.00S,3,1610612752,NYK,1628404,Hart,J. Hart,0,0,0,,0,,,0,v,Hart REBOUND (Off:0 Def:3),Rebound,Unknown,1,0,335
0042400306,464,PT02M05.00S,3,1610612752,NYK,1628404,Hart,J. Hart,43,20,5,Made,1,87,73,160,v,Hart 5' Running Layup (2 PTS),Made Shot,Running Layup Shot,1,2,336
0042400306,465,PT02M05.00S,3,1610612754,IND,1628418,Bryant,T. Bryant,0,0,0,,0,,,0,h,Bryant S.FOUL (P1.PN) (T.Ford),Foul,Shooting,1,0,337
0042400306,467,PT02M05.00S,3,1610612754,IND,1629614,Nembhard,A. Nembhard,0,0,0,,0,,,0,h,SUB: Nesmith FOR Nembhard,Substitution,,0,0,338
0042400306,468,PT02M05.00S,3,1610612752,NYK,1628973,Brunson,J. Brunson,0,0,0,,0,,,0,v,SUB: Anunoby FOR Brunson,Substitution,,0,0,339
0042400306,469,PT02M05.00S,3,1610612752,NYK,1628969,Bridges,M. Bridges,0,0,0,,0,,,0,v,SUB: Wright FOR Bridges,Substitution,,0,0,340
0042400306,473,PT02M05.00S,3,1610612752,NYK,1628404,Hart,J. Hart,0,0,0,,0,,,0,v,MISS Hart Free Throw 1 of 1,Free Throw,Free Throw 1 of 1,1,0,341
0042400306,474,PT02M04.00S,3,1610612754,IND,204456,McConnell,T. McConnell,0,0,0,,0,,,0,h,McConnell REBOUND (Off:0 Def:3),Rebound,Unknown,1,0,342
0042400306,475,PT01M43.00S,3,1610612754,IND,1627783,Siakam,P. Siakam,131,69,15,Missed,1,,,0,h,MISS Siakam 15' Pullup Jump Shot,Missed Shot,Pullup Jump shot,1,2,343
0042400306,476,PT01M38.00S,3,1610612754,IND,1628418,Bryant,T. Bryant,0,0,0,,0,,,0,h,Bryant REBOUND (Off:1 Def:1),Rebound,Unknown,1,0,344
0042400306,477,PT01M27.00S,3,1610612754,IND,1628418,Bryant,T. Bryant,-185,201,27,Missed,1,,,0,h,MISS Bryant 27' 3PT Jump Shot,Missed Shot,Jump Shot,1,3,345
0042400306,478,PT01M24.00S,3,1610612752,NYK,1630540,McBride,M. McBride,0,0,0,,0,,,0,v,McBride REBOUND (Off:0 Def:3),Rebound,Unknown,1,0,346
0042400306,479,PT01M18.00S,3,1610612754,IND,1630174,Nesmith,A. Nesmith,0,0,0,,0,,,0,h,Nesmith S.FOUL (P4.PN) (J.Capers),Foul,Shooting,1,0,347
0042400306,481,PT01M18.00S,3,1610612752,NYK,1630540,McBride,M. McBride,0,0,0,,0,87,74,161,v,McBride Free Throw 1 of 2 (1 PTS),Free Throw,Free Throw 1 of 2,1,0,348
0042400306,482,PT01M18.00S,3,1610612754,IND,1630174,Nesmith,A. Nesmith,0,0,0,,0,,,0,h,SUB: Walker FOR Nesmith,Substitution,,0,0,349
0042400306,483,PT01M18.00S,3,1610612752,NYK,1629011,Robinson,M. Robinson,0,0,0,,0,,,0,v,SUB: Towns FOR Robinson,Substitution,,0,0,350
0042400306,486,PT01M18.00S,3,1610612752,NYK,1630540,McBride,M. McBride,0,0,0,,0,87,75,162,v,McBride Free Throw 2 of 2 (2 PTS),Free Throw,Free Throw 2 of 2,1,0,351
0042400306,487,PT00M58.90S,3,1610612754,IND,1627783,Siakam,P. Siakam,0,0,0,,0,,,0,h,Siakam Bad Pass Turnover (P1.T8),Turnover,Bad Pass,1,0,352
0042400306,487,PT00M58.90S,3,1610612752,NYK,1628404,Hart,J. Hart,0,0,0,,0,,,0,v,Hart STEAL (2 STL),,,1,0,353
0042400306,489,PT00M55.30S,3,1610612752,NYK,1630540,McBride,M. McBride,0,0,0,,0,,,0,v,McBride Step Out of Bounds Turnover (P1.T15),Turnover,Step Out of Bounds Turnover,1,0,354
0042400306,490,PT00M55.30S,3,1610612754,IND,1628418,Bryant,T. Bryant,0,0,0,,0,,,0,h,SUB: Haliburton FOR Bryant,Substitution,,0,0,355
0042400306,491,PT00M55.30S,3,1610612754,IND,204456,McConnell,T. McConnell,0,0,0,,0,,,0,h,SUB: Toppin FOR McConnell,Substitution,,0,0,356
0042400306,494,PT00M35.40S,3,1610612754,IND,1630167,Toppin,O. Toppin,-93,236,25,Made,1,90,75,165,h,Toppin 25' 3PT Jump Shot (10 PTS) (Haliburton 9 AST),Made Shot,Jump Shot,1,3,357
0042400306,496,PT00M30.10S,3,1610612754,IND,1630167,Toppin,O. Toppin,0,0,0,,0,,,0,h,Toppin S.FOUL (P2.PN) (T.Ford),Foul,Shooting,1,0,358
0042400306,498,PT00M30.10S,3,0,,496,,,0,0,0,,0,90,75,165,,Instant Replay3rd Period (9:59 PM EST),Instant Replay,Ruling Stands,0,0,359
0042400306,499,PT00M30.10S,3,1610612752,NYK,1628404,Hart,J. Hart,0,0,0,,0,90,76,166,v,Hart Free Throw 1 of 2 (3 PTS),Free Throw,Free Throw 1 of 2,1,0,360
0042400306,500,PT00M30.10S,3,1610612752,NYK,1628404,Hart,J. Hart,0,0,0,,0,90,77,167,v,Hart Free Throw 2 of 2 (4 PTS),Free Throw,Free Throw 2 of 2,1,0,361
0042400306,501,PT00M20.90S,3,1610612754,IND,1630169,Haliburton,T. Haliburton,0,0,0,,0,,,0,h,Haliburton Lost Ball Turnover (P4.T9),Turnover,Lost Ball,1,0,362
0042400306,501,PT00M20.90S,3,1610612752,NYK,1630540,McBride,M. McBride,0,0,0,,0,,,0,v,McBride STEAL (1 STL),,,1,0,363
0042400306,503,PT00M15.60S,3,1610612752,NYK,1628404,Hart,J. Hart,-11,29,3,Missed,1,,,0,v,MISS Hart 3' Driving Floating Bank Jump Shot,Missed Shot,Driving Floating Bank Jump Shot,1,2,364
0042400306,504,PT00M12.50S,3,1610612754,IND,1630169,Haliburton,T. Haliburton,0,0,0,,0,,,0,h,Haliburton REBOUND (Off:0 Def:3),Rebound,Unknown,1,0,365
0042400306,505,PT00M09.30S,3,1610612754,IND,1630169,Haliburton,T. Haliburton,0,11,1,Made,1,92,77,169,h,Haliburton 1' Running Dunk (10 PTS),Made Shot,Running Dunk Shot,1,2,366
0042400306,506,PT00M01.20S,3,1610612752,NYK,1628404,Hart,J. Hart,-119,275,30,Missed,1,,,0,v,MISS Hart 30' 3PT Jump Shot,Missed Shot,Jump Shot,1,3,367
0042400306,507,PT00M01.20S,3,0,,1610612752,,,0,0,0,,0,,,0,v,Knicks Rebound,Rebound,Unknown,1,0,368
0042400306,508,PT00M00.00S,3,0,,0,,,0,0,0,,0,92,77,169,,End of 3rd Period (10:02 PM EST),period,end,1,0,369
0042400306,513,PT12M00.00S,4,0,,0,,,0,0,0,,0,92,77,169,,Start of 4th Period (10:06 PM EST),period,start,0,0,370
0042400306,514,PT11M36.00S,4,1610612752,NYK,1626157,Towns,K. Towns,-36,32,5,Made,1,92,79,171,v,Towns 5' Driving Layup (13 PTS) (Anunoby 2 AST),Made Shot,Driving Layup Shot,1,2,371
0042400306,515,PT11M25.00S,4,1610612754,IND,204456,McConnell,T. McConnell,0,0,0,,0,,,0,h,McConnell Bad Pass Turnover (P2.T10),Turnover,Bad Pass,1,0,372
0042400306,515,PT11M25.00S,4,1610612752,NYK,1628384,Anunoby,O. Anunoby,0,0,0,,0,,,0,v,Anunoby STEAL (2 STL),,,1,0,373
0042400306,517,PT11M23.00S,4,1610612752,NYK,1628384,Anunoby,O. Anunoby,-10,5,1,Made,1,92,81,173,v,Anunoby 1' Running Dunk (19 PTS),Made Shot,Running Dunk Shot,1,2,374
0042400306,518,PT11M23.00S,4,0,,1610612754,,,0,0,0,,0,,,0,h,PACERS Timeout: Regular (Full 5 Short 0),Timeout,Regular,0,0,375
0042400306,520,PT11M23.00S,4,1610612754,IND,1641716,Walker,J. Walker,0,0,0,,0,,,0,h,SUB: Mathurin FOR Walker,Substitution,,0,0,376
0042400306,522,PT11M05.00S,4,1610612754,IND,204456,McConnell,T. McConnell,25,4,3,Missed,1,,,0,h,MISS McConnell 3' Driving Finger Roll Layup,Missed Shot,Driving Finger Roll Layup Shot,1,2,377
0042400306,523,PT11M03.00S,4,0,,1610612752,,,0,0,0,,0,,,0,v,Knicks Rebound,Rebound,Unknown,1,0,378
0042400306,525,PT10M44.00S,4,1610612752,NYK,1626153,Wright,D. Wright,-240,15,24,Missed,1,,,0,v,MISS Wright 24' 3PT Jump Shot,Missed Shot,Jump Shot,1,3,379
0042400306,526,PT10M41.00S,4,1610612752,NYK,1628404,Hart,J. Hart,0,0,0,,0,,,0,v,Hart REBOUND (Off:1 Def:3),Rebound,Unknown,1,0,380
0042400306,527,PT10M40.00S,4,1610612752,NYK,1628404,Hart,J. Hart,-56,84,10,Missed,1,,,0,v,MISS Hart 10' Floating Jump Shot,Missed Shot,Floating Jump shot,1,2,381
0042400306,528,PT10M37.00S,4,1610612752,NYK,1626157,Towns,K. Towns,0,0,0,,0,,,0,v,Towns REBOUND (Off:1 Def:10),Rebound,Unknown,1,0,382
0042400306,529,PT10M37.00S,4,1610612752,NYK,1626157,Towns,K. Towns,0,0,0,Missed,1,,,0,v,MISS Towns Tip Layup Shot,Missed Shot,Tip Layup Shot,1,2,383
0042400306,530,PT10M37.00S,4,1610612754,IND,1627783,Siakam,P. Siakam,0,0,0,,0,,,0,h,Siakam REBOUND (Off:1 Def:3),Rebound,Unknown,1,0,384
0042400306,531,PT10M21.00S,4,1610612754,IND,1627783,Siakam,P. Siakam,0,0,0,,0,,,0,h,Siakam Bad Pass Turnover (P2.T11),Turnover,Bad Pass,1,0,385
0042400306,531,PT10M21.00S,4,1610612752,NYK,1628404,Hart,J. Hart,0,0,0,,0,,,0,v,Hart STEAL (3 STL),,,1,0,386
0042400306,533,PT10M15.00S,4,1610612752,NYK,1628384,Anunoby,O. Anunoby,31,46,6,Made,1,92,83,175,v,Anunoby 6' Running Layup (21 PTS),Made Shot,Running Layup Shot,1,2,387
0042400306,534,PT10M15.00S,4,1610612754,IND,1631097,Mathurin,B. Mathurin,0,0,0,,0,,,0,h,Mathurin S.FOUL (P2.T1) (T.Ford),Foul,Shooting,1,0,388
0042400306,536,PT10M15.00S,4,1610612754,IND,1641767,Sheppard,B. Sheppard,0,0,0,,0,,,0,h,SUB: Nembhard FOR Sheppard,Substitution,,0,0,389
0042400306,537,PT10M15.00S,4,1610612754,IND,1631097,Mathurin,B. Mathurin,0,0,0,,0,,,0,h,SUB: Nesmith FOR Mathurin,Substitution,,0,0,390
0042400306,540,PT10M15.00S,4,1610612752,NYK,1628384,Anunoby,O. Anunoby,0,0,0,,0,,,0,v,MISS Anunoby Free Throw 1 of 1,Free Throw,Free Throw 1 of 1,1,0,391
0042400306,541,PT10M13.00S,4,1610612754,IND,1630167,Toppin,O. Toppin,0,0,0,,0,,,0,h,Toppin REBOUND (Off:1 Def:4),Rebound,Unknown,1,0,392
0042400306,542,PT10M06.00S,4,1610612754,IND,1630167,Toppin,O. Toppin,37,22,4,Missed,1,,,0,h,MISS Toppin 4' Driving Finger Roll Layup,Missed Shot,Driving Finger Roll Layup Shot,1,2,393
0042400306,543,PT10M04.00S,4,1610612752,NYK,1628404,Hart,J. Hart,0,0,0,,0,,,0,v,Hart REBOUND (Off:1 Def:4),Rebound,Unknown,1,0,394
0042400306,544,PT10M01.00S,4,1610612752,NYK,1626153,Wright,D. Wright,-167,221,28,Missed,1,,,0,v,MISS Wright 28' 3PT Running Jump Shot,Missed Shot,Running Jump Shot,1,3,395
0042400306,545,PT09M57.00S,4,1610612754,IND,204456,McConnell,T. McConnell,0,0,0,,0,,,0,h,McConnell REBOUND (Off:0 Def:4),Rebound,Unknown,1,0,396
0042400306,546,PT09M54.00S,4,1610612752,NYK,1629013,Shamet,L. Shamet,0,0,0,,0,,,0,v,Shamet S.FOUL (P2.T1) (T.Ford),Foul,Shooting,1,0,397
0042400306,548,PT09M54.00S,4,1610612754,IND,1630167,Toppin,O. Toppin,0,0,0,,0,93,83,176,h,Toppin Free Throw 1 of 2 (11 PTS),Free Throw,Free Throw 1 of 2,1,0,398
0042400306,549,PT09M54.00S,4,1610612752,NYK,1626153,Wright,D. Wright,0,0,0,,0,,,0,v,SUB: Brunson FOR Wright,Substitution,,0,0,399
0042400306,551,PT09M54.00S,4,1610612754,IND,1630167,Toppin,O. Toppin,0,0,0,,0,94,83,177,h,Toppin Free Throw 2 of 2 (12 PTS),Free Throw,Free Throw 2 of 2,0,0,400
0042400306,552,PT09M36.00S,4,1610612752,NYK,1629013,Shamet,L. Shamet,221,118,25,Missed,1,,,0,v,MISS Shamet 25' 3PT Jump Shot,Missed Shot,Jump Shot,1,3,401
0042400306,553,PT09M33.00S,4,1610612754,IND,1630167,Toppin,O. Toppin,0,0,0,,0,,,0,h,Toppin REBOUND (Off:1 Def:5),Rebound,Unknown,1,0,402
0042400306,554,PT09M25.00S,4,1610612754,IND,204456,McConnell,T. McConnell,26,246,25,Missed,1,,,0,h,MISS McConnell 25' 3PT Jump Shot,Missed Shot,Jump Shot,1,3,403
0042400306,555,PT09M23.00S,4,1610612752,NYK,1626157,Towns,K. Towns,0,0,0,,0,,,0,v,Towns REBOUND (Off:1 Def:11),Rebound,Unknown,1,0,404
0042400306,556,PT09M12.00S,4,1610612754,IND,1630174,Nesmith,A. Nesmith,0,0,0,,0,,,0,h,Nesmith S.FOUL (P5.T2) (T.Ford),Foul,Shooting,1,0,405
0042400306,558,PT09M12.00S,4,1610612752,NYK,1626157,Towns,K. Towns,0,0,0,,0,94,84,178,v,Towns Free Throw 1 of 2 (14 PTS),Free Throw,Free Throw 1 of 2,1,0,406
0042400306,559,PT09M12.00S,4,1610612754,IND,204456,McConnell,T. McConnell,0,0,0,,0,,,0,h,SUB: Haliburton FOR McConnell,Substitution,,0,0,407
0042400306,560,PT09M12.00S,4,1610612754,IND,1630174,Nesmith,A. Nesmith,0,0,0,,0,,,0,h,SUB: Sheppard FOR Nesmith,Substitution,,0,0,408
0042400306,561,PT09M12.00S,4,1610612754,IND,1627783,Siakam,P. Siakam,0,0,0,,0,,,0,h,SUB: Turner FOR Siakam,Substitution,,0,0,409
0042400306,565,PT09M12.00S,4,1610612752,NYK,1626157,Towns,K. Towns,0,0,0,,0,,,0,v,MISS Towns Free Throw 2 of 2,Free Throw,Free Throw 2 of 2,1,0,410
0042400306,566,PT09M11.00S,4,1610612754,IND,1641767,Sheppard,B. Sheppard,0,0,0,,0,,,0,h,Sheppard REBOUND (Off:0 Def:1),Rebound,Unknown,1,0,411
0042400306,567,PT08M54.00S,4,1610612754,IND,1629614,Nembhard,A. Nembhard,-130,136,19,Made,1,96,84,180,h,Nembhard 19' Step Back Jump Shot (9 PTS) (Haliburton 10 AST),Made Shot,Step Back Jump shot,1,2,412
0042400306,569,PT08M38.00S,4,1610612754,IND,1629614,Nembhard,A. Nembhard,0,0,0,,0,,,0,h,Nembhard P.FOUL (P2.T3) (T.Ford),Foul,Personal,1,0,413
0042400306,571,PT08M29.00S,4,1610612752,NYK,1628973,Brunson,J. Brunson,0,0,0,,0,,,0,v,Brunson Lost Ball Turnover (P5.T16),Turnover,Lost Ball,1,0,414
0042400306,571,PT08M29.00S,4,1610612754,IND,1629614,Nembhard,A. Nembhard,0,0,0,,0,,,0,h,Nembhard STEAL (6 STL),,,1,0,415
0042400306,573,PT08M26.00S,4,1610612754,IND,1629614,Nembhard,A. Nembhard,18,17,2,Made,1,98,84,182,h,Nembhard 2' Driving Finger Roll Layup (11 PTS),Made Shot,Driving Finger Roll Layup Shot,1,2,416
0042400306,574,PT08M04.00S,4,1610612752,NYK,1626157,Towns,K. Towns,-12,26,3,Made,1,98,86,184,v,Towns 3' Driving Layup (16 PTS) (Brunson 6 AST),Made Shot,Driving Layup Shot,1,2,417
0042400306,577,PT07M57.00S,4,1610612752,NYK,1629013,Shamet,L. Shamet,0,0,0,,0,,,0,v,SUB: Bridges FOR Shamet,Substitution,,0,0,418
0042400306,579,PT07M43.00S,4,1610612754,IND,1630169,Haliburton,T. Haliburton,-4,110,11,Made,1,100,86,186,h,Haliburton 11' Driving Floating Jump Shot (12 PTS),Made Shot,Driving Floating Jump Shot,1,2,419
0042400306,580,PT07M33.00S,4,1610612752,NYK,1628973,Brunson,J. Brunson,-20,31,4,Made,1,100,88,188,v,Brunson 4' Driving Reverse Layup (17 PTS),Made Shot,Driving Reverse Layup Shot,1,2,420
0042400306,581,PT07M24.00S,4,1610612754,IND,1630167,Toppin,O. Toppin,34,15,4,Made,1,102,88,190,h,Toppin 4' Driving Finger Roll Layup (14 PTS) (Haliburton 11 AST),Made Shot,Driving Finger Roll Layup Shot,1,2,421
0042400306,583,PT07M07.00S,4,1610612752,NYK,1628969,Bridges,M. Bridges,0,0,0,,0,,,0,v,Bridges OFF.Foul (P4) (T.Ford),Foul,Offensive,1,0,422
0042400306,585,PT07M07.00S,4,1610612752,NYK,1628969,Bridges,M. Bridges,0,0,0,,0,,,0,v,Bridges Offensive Foul Turnover (P5.T17),Turnover,Offensive Foul Turnover,1,0,423
0042400306,586,PT06M53.00S,4,1610612754,IND,1626167,Turner,M. Turner,9,55,6,Made,1,104,88,192,h,Turner 6' Cutting Finger Roll Layup Shot (11 PTS) (Haliburton 12 AST),Made Shot,Cutting Finger Roll Layup Shot,1,2,424
0042400306,588,PT06M38.00S,4,1610612754,IND,1626167,Turner,M. Turner,0,0,0,,0,,,0,h,Turner S.FOUL (P5.T4) (J.Capers),Foul,Shooting,1,0,425
0042400306,590,PT06M38.00S,4,1610612752,NYK,1626157,Towns,K. Towns,0,0,0,,0,104,89,193,v,Towns Free Throw 1 of 2 (17 PTS),Free Throw,Free Throw 1 of 2,1,0,426
0042400306,591,PT06M38.00S,4,1610612754,IND,1626167,Turner,M. Turner,0,0,0,,0,,,0,h,SUB: Siakam FOR Turner,Substitution,,0,0,427
0042400306,593,PT06M38.00S,4,1610612752,NYK,1626157,Towns,K. Towns,0,0,0,,0,104,90,194,v,Towns Free Throw 2 of 2 (18 PTS),Free Throw,Free Throw 2 of 2,1,0,428
0042400306,594,PT06M22.00S,4,1610612754,IND,1630169,Haliburton,T. Haliburton,-28,158,16,Made,1,106,90,196,h,Haliburton 16' Driving Floating Jump Shot (14 PTS),Made Shot,Driving Floating Jump Shot,1,2,429
0042400306,595,PT06M11.00S,4,1610612752,NYK,1628973,Brunson,J. Brunson,10,33,3,Made,1,106,92,198,v,Brunson 3' Driving Finger Roll Layup (19 PTS),Made Shot,Driving Finger Roll Layup Shot,1,2,430
0042400306,596,PT05M57.00S,4,1610612754,IND,1630169,Haliburton,T. Haliburton,10,3,1,Made,1,108,92,200,h,Haliburton 1' Driving Finger Roll Layup (16 PTS),Made Shot,Driving Finger Roll Layup Shot,1,2,431
0042400306,597,PT05M47.00S,4,1610612752,NYK,1626157,Towns,K. Towns,0,293,29,Missed,1,,,0,v,MISS Towns 29' 3PT Jump Shot,Missed Shot,Jump Shot,1,3,432
0042400306,598,PT05M44.00S,4,1610612752,NYK,1628404,Hart,J. Hart,0,0,0,,0,,,0,v,Hart REBOUND (Off:2 Def:4),Rebound,Unknown,1,0,433
0042400306,599,PT05M43.00S,4,1610612752,NYK,1628384,Anunoby,O. Anunoby,199,141,24,Missed,1,,,0,v,MISS Anunoby 24' 3PT Jump Shot,Missed Shot,Jump Shot,1,3,434
0042400306,600,PT05M40.00S,4,1610612752,NYK,1626157,Towns,K. Towns,0,0,0,,0,,,0,v,Towns REBOUND (Off:2 Def:11),Rebound,Unknown,1,0,435
0042400306,601,PT05M40.00S,4,1610612752,NYK,1626157,Towns,K. Towns,0,0,0,Made,1,108,94,202,v,Towns Tip Dunk Shot (20 PTS),Made Shot,Tip Dunk Shot,1,2,436
0042400306,602,PT05M25.00S,4,1610612754,IND,1627783,Siakam,P. Siakam,22,40,5,Missed,1,,,0,h,MISS Siakam 5' Driving Layup,Missed Shot,Driving Layup Shot,1,2,437
0042400306,602,PT05M25.00S,4,1610612752,NYK,1628384,Anunoby,O. Anunoby,0,0,0,,0,,,0,v,Anunoby BLOCK (2 BLK),,,1,2,438
0042400306,604,PT05M25.00S,4,0,,1610612754,,,0,0,0,,0,,,0,h,PACERS Rebound,Rebound,Unknown,0,0,439
0042400306,606,PT05M25.00S,4,1610612754,IND,1630167,Toppin,O. Toppin,0,0,0,,0,,,0,h,SUB: Bryant FOR Toppin,Substitution,,0,0,440
0042400306,607,PT05M25.00S,4,1610612752,NYK,1626157,Towns,K. Towns,0,0,0,,0,,,0,v,SUB: Robinson FOR Towns,Substitution,,0,0,441
0042400306,610,PT05M20.00S,4,1610612754,IND,1627783,Siakam,P. Siakam,-114,213,24,Missed,1,,,0,h,MISS Siakam 24' 3PT Pullup Jump Shot,Missed Shot,Pullup Jump shot,1,3,442
0042400306,611,PT05M18.00S,4,0,,1610612754,,,0,0,0,,0,,,0,h,PACERS Rebound,Rebound,Unknown,1,0,443
0042400306,612,PT05M18.00S,4,1610612752,NYK,1628973,Brunson,J. Brunson,0,0,0,,0,,,0,v,Brunson L.B.FOUL (P1.T2) (J.Capers),Foul,Loose Ball,1,0,444
0042400306,614,PT05M05.00S,4,1610612754,IND,1630169,Haliburton,T. Haliburton,10,109,11,Made,1,110,94,204,h,Haliburton 11' Driving Floating Jump Shot (18 PTS) (Sheppard 1 AST),Made Shot,Driving Floating Jump Shot,1,2,445
0042400306,616,PT04M43.00S,4,1610612752,NYK,1628973,Brunson,J. Brunson,219,146,26,Missed,1,,,0,v,MISS Brunson 26' 3PT Pullup Jump Shot,Missed Shot,Pullup Jump shot,1,3,446
0042400306,617,PT04M40.00S,4,1610612754,IND,1630169,Haliburton,T. Haliburton,0,0,0,,0,,,0,h,Haliburton REBOUND (Off:0 Def:4),Rebound,Unknown,1,0,447
0042400306,618,PT04M30.00S,4,1610612754,IND,1630169,Haliburton,T. Haliburton,-29,78,8,Missed,1,,,0,h,MISS Haliburton 8' Turnaround Fadeaway Shot,Missed Shot,Turnaround Fadeaway shot,1,2,448
0042400306,618,PT04M30.00S,4,1610612752,NYK,1628969,Bridges,M. Bridges,0,0,0,,0,,,0,v,Bridges BLOCK (2 BLK),,,1,2,449
0042400306,620,PT04M27.00S,4,1610612754,IND,1627783,Siakam,P. Siakam,0,0,0,,0,,,0,h,Siakam REBOUND (Off:2 Def:3),Rebound,Unknown,1,0,450
0042400306,621,PT04M22.00S,4,1610612754,IND,1629614,Nembhard,A. Nembhard,-210,138,25,Made,1,113,94,207,h,Nembhard 25' 3PT Jump Shot (14 PTS) (Sheppard 2 AST),Made Shot,Jump Shot,1,3,451
0042400306,623,PT04M20.00S,4,0,,1610612752,,,0,0,0,,0,,,0,v,Knicks Timeout: Regular (Reg.5 Short 0),Timeout,Regular,0,0,452
0042400306,624,PT04M20.00S,4,1610612754,IND,1628418,Bryant,T. Bryant,0,0,0,,0,,,0,h,SUB: Toppin FOR Bryant,Substitution,,0,0,453
0042400306,625,PT04M20.00S,4,1610612752,NYK,1628404,Hart,J. Hart,0,0,0,,0,,,0,v,SUB: Shamet FOR Hart,Substitution,,0,0,454
0042400306,626,PT04M20.00S,4,1610612752,NYK,1629011,Robinson,M. Robinson,0,0,0,,0,,,0,v,SUB: Towns FOR Robinson,Substitution,,0,0,455
0042400306,630,PT04M06.00S,4,1610612752,NYK,1628384,Anunoby,O. Anunoby,-201,164,26,Made,1,113,97,210,v,Anunoby 26' 3PT Jump Shot (24 PTS) (Brunson 7 AST),Made Shot,Jump Shot,1,3,456
0042400306,632,PT03M51.00S,4,1610612754,IND,1630167,Toppin,O. Toppin,-7,11,1,Made,1,115,97,212,h,Toppin 1' Cutting Dunk Shot (16 PTS) (Haliburton 13 AST),Made Shot,Cutting Dunk Shot,1,2,457
0042400306,634,PT03M34.00S,4,1610612752,NYK,1628384,Anunoby,O. Anunoby,233,75,24,Missed,1,,,0,v,MISS Anunoby 24' 3PT Pullup Jump Shot,Missed Shot,Pullup Jump shot,1,3,458
0042400306,634,PT03M34.00S,4,1610612754,IND,1630167,Toppin,O. Toppin,0,0,0,,0,,,0,h,Toppin BLOCK (2 BLK),,,1,3,459
0042400306,636,PT03M30.00S,4,1610612752,NYK,1628384,Anunoby,O. Anunoby,0,0,0,,0,,,0,v,Anunoby REBOUND (Off:3 Def:2),Rebound,Unknown,1,0,460
0042400306,637,PT03M30.00S,4,1610612752,NYK,1626157,Towns,K. Towns,28,7,3,Made,1,115,99,214,v,Towns 3' Layup (22 PTS) (Anunoby 3 AST),Made Shot,Layup Shot,1,2,461
0042400306,639,PT03M24.00S,4,1610612752,NYK,1626157,Towns,K. Towns,0,0,0,,0,,,0,v,Towns S.FOUL (P3.T3) (T.Ford),Foul,Shooting,1,0,462
0042400306,641,PT03M24.00S,4,1610612754,IND,1627783,Siakam,P. Siakam,0,0,0,,0,,,0,h,MISS Siakam Free Throw 1 of 2,Free Throw,Free Throw 1 of 2,1,0,463
0042400306,642,PT03M24.00S,4,0,,1610612754,,,0,0,0,,0,,,0,h,PACERS Rebound,Rebound,Normal Rebound,0,0,464
0042400306,643,PT03M24.00S,4,1610612754,IND,1627783,Siakam,P. Siakam,0,0,0,,0,116,99,215,h,Siakam Free Throw 2 of 2 (27 PTS),Free Throw,Free Throw 2 of 2,1,0,465
0042400306,644,PT03M15.00S,4,1610612752,NYK,1628973,Brunson,J. Brunson,156,235,28,Missed,1,,,0,v,MISS Brunson 28' 3PT Pullup Jump Shot,Missed Shot,Pullup Jump shot,1,3,466
0042400306,645,PT03M11.00S,4,1610612754,IND,1641767,Sheppard,B. Sheppard,0,0,0,,0,,,0,h,Sheppard REBOUND (Off:0 Def:2),Rebound,Unknown,1,0,467
0042400306,646,PT03M04.00S,4,1610612754,IND,1629614,Nembhard,A. Nembhard,0,0,0,,0,,,0,h,Nembhard Bad Pass Turnover (P1.T12),Turnover,Bad Pass,1,0,468
0042400306,646,PT03M04.00S,4,1610612752,NYK,1626157,Towns,K. Towns,0,0,0,,0,,,0,v,Towns STEAL (1 STL),,,1,0,469
0042400306,650,PT02M50.00S,4,1610612752,NYK,1628969,Bridges,M. Bridges,241,18,24,Missed,1,,,0,v,MISS Bridges 24' 3PT Jump Shot,Missed Shot,Jump Shot,1,3,470
0042400306,651,PT02M45.00S,4,1610612754,IND,1630169,Haliburton,T. Haliburton,0,0,0,,0,,,0,h,Haliburton REBOUND (Off:0 Def:5),Rebound,Unknown,1,0,471
0042400306,652,PT02M38.00S,4,1610612754,IND,1630167,Toppin,O. Toppin,-26,9,3,Made,1,118,99,217,h,Toppin 3' Dunk (18 PTS),Made Shot,Dunk Shot,1,2,472
0042400306,654,PT02M28.00S,4,1610612752,NYK,1629013,Shamet,L. Shamet,212,167,27,Missed,1,,,0,v,MISS Shamet 27' 3PT Pullup Jump Shot,Missed Shot,Pullup Jump shot,1,3,473
0042400306,654,PT02M28.00S,4,1610612754,IND,1627783,Siakam,P. Siakam,0,0,0,,0,,,0,h,Siakam BLOCK (3 BLK),,,1,3,474
0042400306,656,PT02M24.00S,4,1610612752,NYK,1626157,Towns,K. Towns,0,0,0,,0,,,0,v,Towns REBOUND (Off:3 Def:11),Rebound,Unknown,1,0,475
0042400306,657,PT02M24.00S,4,1610612752,NYK,1626157,Towns,K. Towns,0,0,0,,0,,,0,v,Towns Step Out of Bounds Turnover (P2.T18),Turnover,Step Out of Bounds Turnover,1,0,476
0042400306,658,PT02M12.00S,4,1610612754,IND,1630167,Toppin,O. Toppin,-230,-2,0,Missed,1,,,0,h,MISS Toppin 3PT Jump Shot,Missed Shot,Jump Shot,1,3,477
0042400306,659,PT02M07.00S,4,1610612752,NYK,1628969,Bridges,M. Bridges,0,0,0,,0,,,0,v,Bridges REBOUND (Off:0 Def:1),Rebound,Unknown,1,0,478
0042400306,660,PT02M00.00S,4,1610612752,NYK,1628384,Anunoby,O. Anunoby,42,81,9,Missed,1,,,0,v,MISS Anunoby 9' Driving Floating Jump Shot,Missed Shot,Driving Floating Jump Shot,1,2,479
0042400306,660,PT02M00.00S,4,1610612754,IND,1630167,Toppin,O. Toppin,0,0,0,,0,,,0,h,Toppin BLOCK (3 BLK),,,1,2,480
0042400306,662,PT01M56.00S,4,1610612754,IND,1630169,Haliburton,T. Haliburton,0,0,0,,0,,,0,h,Haliburton REBOUND (Off:0 Def:6),Rebound,Unknown,1,0,481
0042400306,663,PT01M52.00S,4,1610612752,NYK,1626157,Towns,K. Towns,0,0,0,,0,,,0,v,Towns S.FOUL (P4.T4) (T.Brothers),Foul,Shooting,1,0,482
0042400306,665,PT01M52.00S,4,1610612754,IND,1627783,Siakam,P. Siakam,0,0,0,,0,119,99,218,h,Siakam Free Throw 1 of 2 (28 PTS),Free Throw,Free Throw 1 of 2,1,0,483
0042400306,666,PT01M52.00S,4,1610612752,NYK,1628384,Anunoby,O. Anunoby,0,0,0,,0,,,0,v,SUB: Dadiet FOR Anunoby,Substitution,,0,0,484
0042400306,667,PT01M52.00S,4,1610612752,NYK,1628973,Brunson,J. Brunson,0,0,0,,0,,,0,v,SUB: Achiuwa FOR Brunson,Substitution,,0,0,485
0042400306,668,PT01M52.00S,4,1610612752,NYK,1628969,Bridges,M. Bridges,0,0,0,,0,,,0,v,SUB: Kolek FOR Bridges,Substitution,,0,0,486
0042400306,669,PT01M52.00S,4,1610612752,NYK,1626157,Towns,K. Towns,0,0,0,,0,,,0,v,SUB: Hukporti FOR Towns,Substitution,,0,0,487
0042400306,674,PT01M52.00S,4,1610612754,IND,1627783,Siakam,P. Siakam,0,0,0,,0,120,99,219,h,Siakam Free Throw 2 of 2 (29 PTS),Free Throw,Free Throw 2 of 2,1,0,488
0042400306,675,PT01M43.00S,4,1610612752,NYK,1629013,Shamet,L. Shamet,-223,133,26,Made,1,120,102,222,v,Shamet 26' 3PT Jump Shot (6 PTS) (Kolek 1 AST),Made Shot,Jump Shot,1,3,489
0042400306,677,PT01M23.00S,4,1610612754,IND,1627783,Siakam,P. Siakam,-93,106,14,Made,1,122,102,224,h,Siakam 14' Fadeaway Jumper (31 PTS) (Sheppard 3 AST),Made Shot,Fadeaway Jump Shot,1,2,490
0042400306,679,PT01M15.00S,4,1610612752,NYK,1629013,Shamet,L. Shamet,225,122,26,Made,1,122,105,227,v,Shamet 26' 3PT Jump Shot (9 PTS) (Kolek 2 AST),Made Shot,Jump Shot,1,3,491
0042400306,681,PT00M59.30S,4,1610612754,IND,1630169,Haliburton,T. Haliburton,-142,288,32,Made,1,125,105,230,h,Haliburton 32' 3PT Pullup Jump Shot (21 PTS),Made Shot,Pullup Jump shot,1,3,492
0042400306,682,PT00M47.20S,4,1610612754,IND,1630169,Haliburton,T. Haliburton,0,0,0,,0,,,0,h,Haliburton S.FOUL (P2.PN) (T.Brothers),Foul,Shooting,1,0,493
0042400306,684,PT00M47.20S,4,1610612752,NYK,1630574,Hukporti,A. Hukporti,0,0,0,,0,,,0,v,MISS Hukporti Free Throw 1 of 2,Free Throw,Free Throw 1 of 2,1,0,494
0042400306,685,PT00M47.20S,4,0,,1610612752,,,0,0,0,,0,,,0,v,Knicks Rebound,Rebound,Normal Rebound,0,0,495
0042400306,686,PT00M47.20S,4,1610612754,IND,1630169,Haliburton,T. Haliburton,0,0,0,,0,,,0,h,SUB: Bryant FOR Haliburton,Substitution,,0,0,496
0042400306,687,PT00M47.20S,4,1610612754,IND,1630167,Toppin,O. Toppin,0,0,0,,0,,,0,h,SUB: Furphy FOR Toppin,Substitution,,0,0,497
0042400306,688,PT00M47.20S,4,1610612754,IND,1641767,Sheppard,B. Sheppard,0,0,0,,0,,,0,h,SUB: McConnell FOR Sheppard,Substitution,,0,0,498
0042400306,689,PT00M47.20S,4,1610612754,IND,1627783,Siakam,P. Siakam,0,0,0,,0,,,0,h,SUB: Mathurin FOR Siakam,Substitution,,0,0,499
0042400306,696,PT00M47.20S,4,1610612754,IND,1629614,Nembhard,A. Nembhard,0,0,0,,0,,,0,h,SUB: Johnson FOR Nembhard,Substitution,,0,0,500
0042400306,694,PT00M47.20S,4,1610612752,NYK,1630574,Hukporti,A. Hukporti,0,0,0,,0,,,0,v,MISS Hukporti Free Throw 2 of 2,Free Throw,Free Throw 2 of 2,1,0,501
0042400306,695,PT00M45.50S,4,1610612754,IND,1628418,Bryant,T. Bryant,0,0,0,,0,,,0,h,Bryant REBOUND (Off:1 Def:2),Rebound,Unknown,1,0,502
0042400306,698,PT00M22.60S,4,0,,1610612754,,,0,0,0,,0,,,0,h,PACERS Turnover: Shot Clock (T#13),Turnover,Shot Clock Turnover,1,0,503
0042400306,699,PT00M09.30S,4,1610612752,NYK,1629013,Shamet,L. Shamet,-207,164,26,Made,1,125,108,233,v,Shamet 26' 3PT Jump Shot (12 PTS) (Kolek 3 AST),Made Shot,Jump Shot,1,3,504
0042400306,701,PT00M00.00S,4,0,,0,,,0,0,0,,0,125,108,233,,End of 4th Period (10:36 PM EST),period,end,1,0,505
