SEASON_YEAR,TEAM_ID,TEAM_ABBREVIATION,TEAM_NAME,GAME_ID,GAME_DATE,MATCHUP,WL,MIN,FGM,FGA,FG_PCT,FG3M,FG3A,FG3_PCT,FTM,FTA,FT_PCT,OREB,DREB,REB,AST,TOV,STL,BLK,BLKA,PF,PFD,PTS,PLUS_MINUS,GP_RANK,W_RANK,L_RANK,W_PCT_RANK,MIN_RANK,FGM_RANK,FGA_RANK,FG_PCT_RANK,FG3M_RANK,FG3A_RANK,FG3_PCT_RANK,FTM_RANK,FTA_RANK,FT_PCT_RANK,OREB_RANK,DREB_RANK,REB_RANK,AST_RANK,TOV_RANK,STL_RANK,BLK_RANK,BLKA_RANK,PF_RANK,PFD_RANK,PTS_RANK,PLUS_MINUS_RANK,AVAILABLE_FLAG
2014-15,1610612744,GSW,Golden State Warriors,0021401229,2015-04-15T00:00:00,GSW vs. DEN,W,48.0,47,90,0.522,13,28,0.464,26,34,0.765,14,27,41,30,13.0,11,6,4,25,25,133,7.0,1,1,1,1,3,9,27,17,12,27,17,3,2,47,15,77,60,20,27,17,34,44,73,5,2,50,1.0
2014-15,1610612744,GSW,Golden State Warriors,0021401212,2015-04-13T00:00:00,GSW vs. MEM,W,48.0,39,74,0.527,13,24,0.542,20,27,0.741,6,33,39,30,21.0,9,7,4,22,22,111,4.0,1,1,1,1,3,55,78,13,12,59,3,19,11,54,71,50,67,20,76,37,25,44,57,14,35,61,1.0
2014-15,1610612744,GSW,Golden State Warriors,0021401192,2015-04-11T00:00:00,GSW vs. MIN,W,48.0,42,93,0.452,11,31,0.355,15,21,0.714,13,37,50,28,12.0,10,5,4,19,22,110,9.0,1,1,1,1,3,34,13,59,37,14,56,43,34,61,21,23,14,38,19,29,47,44,31,14,38,46,1.0
2014-15,1610612744,GSW,Golden State Warriors,0021401174,2015-04-09T00:00:00,GSW vs. POR,W,48.0,48,90,0.533,12,26,0.462,8,9,0.889,9,35,44,27,14.0,6,5,5,12,12,116,11.0,1,1,1,1,3,6,27,11,22,45,20,76,81,11,47,34,43,46,38,67,47,63,3,80,20,40,1.0
2014-15,1610612744,GSW,Golden State Warriors,0021401156,2015-04-07T00:00:00,GSW @ NOP,L,48.0,42,95,0.442,9,22,0.409,7,10,0.7,11,39,50,25,12.0,6,12,8,21,13,100,-3.0,1,68,68,68,3,34,6,66,53,70,41,78,78,63,31,11,14,57,19,67,1,77,48,77,66,70,1.0
2014-15,1610612744,GSW,Golden State Warriors,0021401150,2015-04-05T00:00:00,GSW @ SAS,L,48.0,39,91,0.429,9,28,0.321,5,10,0.5,10,29,39,25,11.0,4,2,4,13,13,92,-15.0,1,68,68,68,3,55,20,70,53,27,65,82,78,80,36,72,67,57,12,79,76,44,4,77,79,82,1.0
2014-15,1610612744,GSW,Golden State Warriors,0021401142,2015-04-04T00:00:00,GSW @ DAL,W,48.0,43,95,0.453,14,36,0.389,23,32,0.719,17,38,55,28,14.0,12,4,2,37,23,123,13.0,1,1,1,1,3,29,6,58,8,3,46,6,6,59,4,17,3,38,38,14,65,13,82,9,13,34,1.0
2014-15,1610612744,GSW,Golden State Warriors,0021401126,2015-04-02T00:00:00,GSW vs. PHX,W,48.0,43,93,0.462,10,26,0.385,11,17,0.647,15,35,50,29,13.0,6,5,3,20,16,107,1.0,1,1,1,1,3,29,13,51,47,45,48,65,59,70,8,34,14,29,27,67,47,30,41,61,45,66,1.0
2014-15,1610612744,GSW,Golden State Warriors,0021401111,2015-03-31T00:00:00,GSW @ LAC,W,48.0,38,85,0.447,8,21,0.381,26,34,0.765,10,33,43,28,9.0,6,1,8,20,24,110,4.0,1,1,1,1,3,64,50,62,63,75,49,3,2,47,36,50,50,38,2,67,81,77,41,7,38,61,1.0
2014-15,1610612744,GSW,Golden State Warriors,0021401089,2015-03-28T00:00:00,GSW @ MIL,W,48.0,42,82,0.512,12,25,0.48,12,14,0.857,7,38,45,27,22.0,7,8,5,23,20,108,13.0,1,1,1,1,3,34,62,20,22,53,12,61,70,17,63,17,36,46,77,56,11,63,63,24,42,34,1.0
2014-15,1610612744,GSW,Golden State Warriors,0021401082,2015-03-27T00:00:00,GSW @ MEM,W,48.0,39,90,0.433,16,31,0.516,13,17,0.765,14,29,43,28,14.0,15,5,2,17,18,107,23.0,1,1,1,1,3,55,27,68,5,14,7,57,59,47,15,72,50,38,38,5,47,13,19,47,45,12,1.0
2014-15,1610612744,GSW,Golden State Warriors,0021401059,2015-03-24T00:00:00,GSW @ POR,W,48.0,50,83,0.602,12,26,0.462,10,11,0.909,6,40,46,37,14.0,4,5,2,18,14,122,14.0,1,1,1,1,3,1,58,1,22,45,20,72,77,9,71,5,30,3,38,79,47,13,22,72,14,31,1.0
2014-15,1610612744,GSW,Golden State Warriors,0021401053,2015-03-23T00:00:00,GSW vs. WAS,W,48.0,39,95,0.411,13,33,0.394,16,21,0.762,19,43,62,23,11.0,9,6,2,14,15,107,31.0,1,1,1,1,3,55,6,78,12,8,44,37,34,50,1,3,1,65,12,37,34,13,5,68,45,3,1.0
2014-15,1610612744,GSW,Golden State Warriors,0021401036,2015-03-21T00:00:00,GSW vs. UTA,W,48.0,38,78,0.487,8,18,0.444,22,26,0.846,7,30,37,25,12.0,11,3,2,17,19,106,15.0,1,1,1,1,3,64,75,36,63,82,30,8,16,22,63,62,74,57,19,17,70,13,19,33,49,26,1.0
2014-15,1610612744,GSW,Golden State Warriors,0021401030,2015-03-20T00:00:00,GSW vs. NOP,W,48.0,44,88,0.5,5,19,0.263,19,23,0.826,12,30,42,29,10.0,9,6,3,19,17,112,16.0,1,1,1,1,3,23,38,26,81,79,75,24,26,28,26,62,56,29,6,37,34,30,31,52,30,24,1.0
2014-15,1610612744,GSW,Golden State Warriors,0021401014,2015-03-18T00:00:00,GSW vs. ATL,W,48.0,44,84,0.524,14,30,0.467,12,20,0.6,10,34,44,39,18.0,8,7,4,23,20,114,19.0,1,1,1,1,3,23,53,14,8,19,16,61,40,74,36,41,43,1,67,49,25,44,63,24,24,17,1.0
2014-15,1610612744,GSW,Golden State Warriors,0021400999,2015-03-16T00:00:00,GSW vs. LAL,W,48.0,40,84,0.476,7,27,0.259,21,23,0.913,7,30,37,28,15.0,16,7,5,21,19,108,3.0,1,1,1,1,3,48,53,40,70,39,77,13,26,8,63,62,74,38,51,3,25,63,48,33,42,63,1.0
2014-15,1610612744,GSW,Golden State Warriors,0021400981,2015-03-14T00:00:00,GSW vs. NYK,W,48.0,45,90,0.5,19,34,0.559,16,17,0.941,8,34,42,34,11.0,13,6,10,16,16,125,31.0,1,1,1,1,3,17,27,26,1,4,2,37,59,3,58,41,56,7,12,9,34,80,13,61,12,3,1.0
2014-15,1610612744,GSW,Golden State Warriors,0021400973,2015-03-13T00:00:00,GSW @ DEN,L,48.0,39,92,0.424,8,19,0.421,17,22,0.773,9,26,35,29,8.0,5,10,3,25,22,103,-11.0,1,68,68,68,3,55,16,74,63,79,38,31,30,45,47,78,79,29,1,72,6,30,73,14,62,76,1.0
2014-15,1610612744,GSW,Golden State Warriors,0021400960,2015-03-11T00:00:00,GSW vs. DET,W,48.0,44,84,0.524,7,20,0.35,10,13,0.769,10,32,42,29,17.0,5,6,5,11,16,105,7.0,1,1,1,1,3,23,53,14,70,77,58,72,73,46,36,56,56,29,64,72,34,63,2,61,55,50,1.0
2014-15,1610612744,GSW,Golden State Warriors,0021400944,2015-03-09T00:00:00,GSW @ PHX,W,48.0,35,83,0.422,13,31,0.419,15,19,0.789,9,39,48,17,18.0,11,8,1,21,19,98,18.0,1,1,1,1,3,76,58,76,12,14,39,43,46,35,47,11,24,81,67,17,11,3,48,33,70,19,1.0
2014-15,1610612744,GSW,Golden State Warriors,0021400932,2015-03-08T00:00:00,GSW vs. LAC,W,48.0,40,80,0.5,10,22,0.455,16,23,0.696,7,30,37,23,15.0,13,3,3,15,22,106,8.0,1,1,1,1,3,48,72,26,47,70,26,37,26,64,63,62,74,65,51,9,70,30,9,14,49,48,1.0
2014-15,1610612744,GSW,Golden State Warriors,0021400922,2015-03-06T00:00:00,GSW vs. DAL,W,48.0,38,81,0.469,11,23,0.478,17,19,0.895,9,42,51,28,22.0,5,11,1,21,20,104,15.0,1,1,1,1,3,64,66,43,37,63,14,31,46,10,47,4,9,38,77,72,2,3,48,24,59,26,1.0
2014-15,1610612744,GSW,Golden State Warriors,0021400907,2015-03-04T00:00:00,GSW vs. MIL,W,48.0,37,73,0.507,14,34,0.412,14,25,0.56,4,30,34,30,18.0,16,8,1,24,19,102,9.0,1,1,1,1,3,70,80,23,8,4,40,51,18,77,78,62,80,20,67,3,11,3,68,33,63,46,1.0
2014-15,1610612744,GSW,Golden State Warriors,0021400886,2015-03-02T00:00:00,GSW @ BKN,L,48.0,42,90,0.467,11,30,0.367,13,18,0.722,17,33,50,26,15.0,11,7,1,20,12,108,-2.0,1,68,68,68,3,34,27,46,37,19,53,57,54,57,4,50,14,52,51,17,25,3,41,80,42,68,1.0
2014-15,1610612744,GSW,Golden State Warriors,0021400880,2015-03-01T00:00:00,GSW @ BOS,W,48.0,40,95,0.421,12,34,0.353,14,17,0.824,15,40,55,19,10.0,4,8,3,18,17,106,5.0,1,1,1,1,3,48,6,77,22,4,57,51,59,29,8,5,3,78,6,79,11,30,22,52,49,55,1.0
2014-15,1610612744,GSW,Golden State Warriors,0021400861,2015-02-27T00:00:00,GSW @ TOR,W,48.0,42,87,0.483,13,28,0.464,16,19,0.842,9,38,47,31,13.0,11,5,3,22,17,113,24.0,1,1,1,1,3,34,41,37,12,27,17,37,46,24,47,17,27,16,27,17,47,30,57,52,29,11,1.0
2014-15,1610612744,GSW,Golden State Warriors,0021400854,2015-02-26T00:00:00,GSW @ CLE,L,48.0,39,92,0.424,11,29,0.379,10,19,0.526,14,30,44,32,14.0,10,6,2,24,19,99,-11.0,1,68,68,68,3,55,16,74,37,23,50,72,46,79,15,62,43,9,38,29,34,13,68,33,69,76,1.0
2014-15,1610612744,GSW,Golden State Warriors,0021400838,2015-02-24T00:00:00,GSW @ WAS,W,48.0,45,90,0.5,12,23,0.522,12,17,0.706,4,25,29,27,9.0,12,1,4,17,20,114,7.0,1,1,1,1,3,17,27,26,22,63,5,61,59,62,78,80,82,46,2,14,81,44,19,24,24,50,1.0
2014-15,1610612744,GSW,Golden State Warriors,0021400824,2015-02-22T00:00:00,GSW @ IND,L,48.0,34,89,0.382,9,26,0.346,21,22,0.955,13,32,45,19,10.0,9,5,4,25,23,98,-6.0,1,68,68,68,3,77,35,81,53,45,62,13,30,2,21,56,36,78,6,37,47,44,73,9,70,71,1.0
2014-15,1610612744,GSW,Golden State Warriors,0021400814,2015-02-20T00:00:00,GSW vs. SAS,W,48.0,41,84,0.488,17,33,0.515,11,18,0.611,7,33,40,29,12.0,10,5,4,18,20,110,11.0,1,1,1,1,3,43,53,35,3,8,8,65,54,73,63,50,63,29,19,29,47,44,22,24,38,40,1.0
2014-15,1610612744,GSW,Golden State Warriors,0021400793,2015-02-11T00:00:00,GSW @ MIN,W,48.0,40,90,0.444,7,27,0.259,7,9,0.778,10,39,49,26,15.0,7,6,2,18,14,94,3.0,1,1,1,1,3,48,27,64,70,39,77,78,81,39,36,11,18,52,51,56,34,13,22,72,78,63,1.0
2014-15,1610612744,GSW,Golden State Warriors,0021400775,2015-02-09T00:00:00,GSW @ PHI,W,48.0,34,85,0.4,7,29,0.241,14,19,0.737,6,34,40,26,14.0,15,5,4,14,19,89,5.0,1,1,1,1,3,77,50,80,70,23,79,51,46,55,71,41,63,52,38,5,47,44,5,33,81,55,1.0
2014-15,1610612744,GSW,Golden State Warriors,0021400760,2015-02-07T00:00:00,GSW @ NYK,W,48.0,37,81,0.457,12,25,0.48,20,24,0.833,12,36,48,21,14.0,8,5,1,19,20,106,14.0,1,1,1,1,3,70,66,54,22,53,12,19,23,25,26,28,24,71,38,49,47,3,31,24,49,31,1.0
2014-15,1610612744,GSW,Golden State Warriors,0021400749,2015-02-06T00:00:00,GSW @ ATL,L,48.0,47,103,0.456,12,33,0.364,10,15,0.667,19,32,51,31,14.0,7,7,4,24,19,116,-8.0,1,68,68,68,3,9,2,56,22,8,54,72,69,66,1,56,9,16,38,56,25,44,68,33,20,73,1.0
2014-15,1610612744,GSW,Golden State Warriors,0021400741,2015-02-04T00:00:00,GSW vs. DAL,W,48.0,45,86,0.523,19,38,0.5,19,25,0.76,10,36,46,29,13.0,5,5,1,22,19,128,14.0,1,1,1,1,3,17,45,16,1,2,9,24,18,51,36,28,30,29,27,72,47,3,57,33,4,31,1.0
2014-15,1610612744,GSW,Golden State Warriors,0021400730,2015-02-03T00:00:00,GSW @ SAC,W,48.0,46,91,0.505,10,23,0.435,19,26,0.731,14,35,49,33,11.0,13,5,4,23,21,121,25.0,1,1,1,1,3,12,20,24,47,63,31,24,16,56,15,34,18,8,12,9,47,44,63,21,16,7,1.0
2014-15,1610612744,GSW,Golden State Warriors,0021400715,2015-01-31T00:00:00,GSW vs. PHX,W,48.0,40,87,0.46,12,32,0.375,14,18,0.778,9,35,44,27,15.0,11,8,5,20,17,106,19.0,1,1,1,1,3,48,41,53,22,12,51,51,54,39,47,34,43,46,51,17,11,63,41,52,49,17,1.0
2014-15,1610612744,GSW,Golden State Warriors,0021400703,2015-01-30T00:00:00,GSW @ UTA,L,48.0,37,86,0.43,8,27,0.296,18,25,0.72,11,30,41,21,13.0,8,2,6,19,20,100,-10.0,1,68,68,68,3,70,45,69,63,39,69,28,18,58,31,62,60,71,27,49,76,73,31,24,66,74,1.0
2014-15,1610612744,GSW,Golden State Warriors,0021400679,2015-01-27T00:00:00,GSW vs. CHI,L,53.0,48,113,0.425,9,33,0.273,6,12,0.5,15,33,48,31,13.0,9,2,6,15,18,111,-2.0,1,68,68,68,1,6,1,72,53,8,73,80,75,80,8,50,24,16,27,37,76,73,9,47,35,68,1.0
2014-15,1610612744,GSW,Golden State Warriors,0021400665,2015-01-25T00:00:00,GSW vs. BOS,W,48.0,42,89,0.472,8,23,0.348,22,25,0.88,9,38,47,29,13.0,9,3,3,20,21,114,3.0,1,1,1,1,3,34,35,41,63,63,60,8,18,14,47,17,27,29,27,37,70,30,41,21,24,63,1.0
2014-15,1610612744,GSW,Golden State Warriors,0021400651,2015-01-23T00:00:00,GSW vs. SAC,W,48.0,45,94,0.479,17,40,0.425,19,22,0.864,12,34,46,32,18.0,13,8,3,22,17,126,25.0,1,1,1,1,3,17,11,38,3,1,36,24,30,16,26,41,30,9,67,9,11,30,57,52,8,7,1.0
2014-15,1610612744,GSW,Golden State Warriors,0021400636,2015-01-21T00:00:00,GSW vs. HOU,W,48.0,49,98,0.5,13,29,0.448,15,18,0.833,16,30,46,26,18.0,13,9,3,23,22,126,13.0,1,1,1,1,3,3,5,26,12,23,28,43,54,25,6,62,30,52,67,9,8,30,63,14,8,34,1.0
2014-15,1610612744,GSW,Golden State Warriors,0021400615,2015-01-19T00:00:00,GSW vs. DEN,W,48.0,44,81,0.543,13,27,0.481,21,27,0.778,7,46,53,30,13.0,10,6,3,14,19,122,43.0,1,1,1,1,3,23,66,7,12,39,11,13,11,39,63,1,7,20,27,29,34,30,5,33,14,1,1.0
2014-15,1610612744,GSW,Golden State Warriors,0021400603,2015-01-17T00:00:00,GSW @ HOU,W,48.0,50,91,0.549,9,22,0.409,22,33,0.667,12,37,49,32,14.0,11,11,2,21,24,131,25.0,1,1,1,1,3,1,20,6,53,70,41,8,5,66,26,23,18,9,38,17,2,13,48,7,3,7,1.0
2014-15,1610612744,GSW,Golden State Warriors,0021400593,2015-01-16T00:00:00,GSW @ OKC,L,48.0,42,92,0.457,9,24,0.375,22,28,0.786,13,30,43,24,14.0,10,2,2,14,21,115,-12.0,1,68,68,68,3,34,16,55,53,59,51,8,9,37,21,62,50,61,38,29,76,13,5,21,23,78,1.0
2014-15,1610612744,GSW,Golden State Warriors,0021400582,2015-01-14T00:00:00,GSW vs. MIA,W,48.0,38,81,0.469,13,29,0.448,15,19,0.789,10,26,36,29,13.0,5,5,4,21,19,104,15.0,1,1,1,1,3,64,66,43,12,23,28,43,46,35,36,78,77,29,27,72,47,44,48,33,59,26,1.0
2014-15,1610612744,GSW,Golden State Warriors,0021400571,2015-01-13T00:00:00,GSW @ UTA,W,48.0,46,91,0.505,13,25,0.52,11,13,0.846,6,25,31,32,10.0,10,5,7,16,18,116,11.0,1,1,1,1,3,12,20,24,12,53,6,65,73,22,71,80,81,9,6,29,47,76,13,47,20,40,1.0
2014-15,1610612744,GSW,Golden State Warriors,0021400547,2015-01-09T00:00:00,GSW vs. CLE,W,48.0,43,86,0.5,10,30,0.333,16,17,0.941,9,35,44,35,13.0,9,8,1,20,14,112,18.0,1,1,1,1,3,29,45,26,47,19,63,37,59,3,47,34,43,5,27,37,11,3,41,72,30,19,1.0
2014-15,1610612744,GSW,Golden State Warriors,0021400533,2015-01-07T00:00:00,GSW vs. IND,W,48.0,45,91,0.495,12,28,0.429,15,20,0.75,10,29,39,30,11.0,11,3,2,23,19,117,15.0,1,1,1,1,3,17,20,33,22,27,32,43,40,52,36,72,67,20,12,17,70,13,63,33,18,26,1.0
2014-15,1610612744,GSW,Golden State Warriors,0021400518,2015-01-05T00:00:00,GSW vs. OKC,W,48.0,41,88,0.466,15,28,0.536,20,32,0.625,10,44,54,27,12.0,8,4,5,22,25,117,26.0,1,1,1,1,3,43,38,47,6,27,4,19,6,72,36,2,5,46,19,49,65,63,57,5,18,6,1.0
2014-15,1610612744,GSW,Golden State Warriors,0021400493,2015-01-02T00:00:00,GSW vs. TOR,W,48.0,49,92,0.533,12,28,0.429,16,20,0.8,14,31,45,35,9.0,8,8,1,18,16,126,21.0,1,1,1,1,3,3,16,12,22,27,32,37,40,33,15,59,36,5,2,49,11,3,22,61,8,14,1.0
2014-15,1610612744,GSW,Golden State Warriors,0021400474,2014-12-30T00:00:00,GSW vs. PHI,W,48.0,46,82,0.561,12,28,0.429,22,27,0.815,8,34,42,38,14.0,19,11,2,20,16,126,40.0,1,1,1,1,3,12,62,4,22,27,32,8,11,30,58,41,56,2,38,1,2,13,41,61,8,2,1.0
2014-15,1610612744,GSW,Golden State Warriors,0021400452,2014-12-27T00:00:00,GSW vs. MIN,W,48.0,41,88,0.466,11,28,0.393,17,21,0.81,9,34,43,32,16.0,17,6,5,21,18,110,13.0,1,1,1,1,3,43,38,47,37,27,45,31,34,31,47,41,50,9,60,2,34,63,48,47,38,34,1.0
2014-15,1610612744,GSW,Golden State Warriors,0021400431,2014-12-25T00:00:00,GSW @ LAC,L,48.0,34,80,0.425,6,28,0.214,12,22,0.545,8,36,44,24,16.0,11,4,4,21,20,86,-14.0,1,68,68,68,3,77,72,71,77,27,82,61,30,78,58,28,43,61,60,17,65,44,48,24,82,81,1.0
2014-15,1610612744,GSW,Golden State Warriors,0021400426,2014-12-23T00:00:00,GSW @ LAL,L,48.0,39,84,0.464,12,26,0.462,15,17,0.882,11,28,39,20,20.0,8,2,10,18,15,105,-10.0,1,68,68,68,3,55,53,49,22,45,20,43,59,12,31,76,67,77,72,49,76,80,22,68,55,74,1.0
2014-15,1610612744,GSW,Golden State Warriors,0021400415,2014-12-22T00:00:00,GSW vs. SAC,W,48.0,49,91,0.538,9,25,0.36,21,24,0.875,10,35,45,36,12.0,9,6,5,19,17,128,20.0,1,1,1,1,3,3,20,9,53,53,55,13,23,15,36,34,36,4,19,37,34,63,31,52,4,16,1.0
2014-15,1610612744,GSW,Golden State Warriors,0021400382,2014-12-18T00:00:00,GSW vs. OKC,W,48.0,48,94,0.511,12,31,0.387,6,10,0.6,10,29,39,32,10.0,9,7,4,15,15,114,5.0,1,1,1,1,3,6,11,22,22,14,47,80,78,74,36,72,67,9,6,37,25,44,9,68,24,55,1.0
2014-15,1610612744,GSW,Golden State Warriors,0021400365,2014-12-16T00:00:00,GSW @ MEM,L,48.0,39,95,0.411,9,31,0.29,11,12,0.917,15,34,49,18,14.0,9,11,4,19,16,98,-7.0,1,68,68,68,3,55,6,78,53,14,71,65,75,7,8,41,18,80,38,37,2,44,31,61,70,72,1.0
2014-15,1610612744,GSW,Golden State Warriors,0021400348,2014-12-14T00:00:00,GSW @ NOP,W,53.0,44,86,0.512,11,24,0.458,29,35,0.829,8,38,46,22,20.0,7,9,6,19,27,128,6.0,1,1,1,1,1,23,45,21,37,59,24,2,1,27,58,17,30,68,72,56,8,73,31,1,4,54,1.0
2014-15,1610612744,GSW,Golden State Warriors,0021400340,2014-12-13T00:00:00,GSW @ DAL,W,48.0,37,83,0.446,10,32,0.313,21,27,0.778,9,36,45,21,14.0,7,7,0,24,23,105,7.0,1,1,1,1,3,70,58,63,47,12,68,13,11,39,47,28,36,71,38,56,25,1,68,9,55,50,1.0
2014-15,1610612744,GSW,Golden State Warriors,0021400324,2014-12-10T00:00:00,GSW vs. HOU,W,48.0,40,81,0.494,8,23,0.348,17,20,0.85,6,37,43,21,15.0,9,5,2,16,17,105,12.0,1,1,1,1,3,48,66,34,63,63,60,31,40,20,71,23,50,71,51,37,47,13,13,52,55,39,1.0
2014-15,1610612744,GSW,Golden State Warriors,0021400305,2014-12-08T00:00:00,GSW @ MIN,W,48.0,42,91,0.462,5,22,0.227,13,14,0.929,15,36,51,24,17.0,15,6,4,18,10,102,16.0,1,1,1,1,3,34,20,52,81,70,80,57,70,6,8,28,9,61,64,5,34,44,22,82,63,24,1.0
2014-15,1610612744,GSW,Golden State Warriors,0021400289,2014-12-06T00:00:00,GSW @ CHI,W,48.0,40,89,0.449,12,30,0.4,20,25,0.8,15,25,40,27,11.0,14,6,3,21,23,112,10.0,1,1,1,1,3,48,35,60,22,19,43,19,18,33,8,80,63,46,12,8,34,30,48,9,30,45,1.0
2014-15,1610612744,GSW,Golden State Warriors,0021400275,2014-12-04T00:00:00,GSW vs. NOP,W,48.0,47,100,0.47,10,22,0.455,8,17,0.471,18,38,56,31,9.0,11,8,4,8,15,112,27.0,1,1,1,1,3,9,3,42,47,70,26,76,59,82,3,17,2,16,2,17,11,44,1,68,30,5,1.0
2014-15,1610612744,GSW,Golden State Warriors,0021400262,2014-12-02T00:00:00,GSW vs. ORL,W,48.0,38,82,0.463,8,27,0.296,14,18,0.778,13,36,49,25,15.0,8,5,3,15,17,98,1.0,1,1,1,1,3,64,62,50,63,39,69,51,54,39,21,28,18,57,51,49,47,30,9,52,70,66,1.0
2014-15,1610612744,GSW,Golden State Warriors,0021400243,2014-11-30T00:00:00,GSW @ DET,W,48.0,37,79,0.468,9,21,0.429,21,27,0.778,9,40,49,24,16.0,5,8,5,19,20,104,11.0,1,1,1,1,3,70,74,45,53,75,32,13,11,39,47,5,18,61,60,72,11,63,31,24,59,40,1.0
2014-15,1610612744,GSW,Golden State Warriors,0021400224,2014-11-28T00:00:00,GSW @ CHA,W,48.0,42,99,0.424,7,26,0.269,15,16,0.938,16,30,46,28,12.0,7,8,8,26,14,106,5.0,1,1,1,1,3,34,4,73,70,45,74,43,68,5,6,62,30,38,19,56,11,77,77,72,49,55,1.0
2014-15,1610612744,GSW,Golden State Warriors,0021400212,2014-11-26T00:00:00,GSW @ ORL,W,48.0,44,85,0.518,12,26,0.462,11,19,0.579,8,39,47,30,15.0,7,6,1,19,18,111,15.0,1,1,1,1,3,23,50,18,22,45,20,65,46,76,58,11,27,20,51,56,34,3,31,47,35,26,1.0
2014-15,1610612744,GSW,Golden State Warriors,0021400206,2014-11-25T00:00:00,GSW @ MIA,W,48.0,43,75,0.573,13,28,0.464,15,23,0.652,5,40,45,21,12.0,6,9,4,24,22,114,17.0,1,1,1,1,3,29,76,3,12,27,17,43,26,69,77,5,36,71,19,67,8,44,68,14,24,22,1.0
2014-15,1610612744,GSW,Golden State Warriors,0021400196,2014-11-23T00:00:00,GSW @ OKC,W,48.0,33,93,0.355,7,25,0.28,18,24,0.75,13,39,52,26,10.0,7,8,12,18,23,91,5.0,1,1,1,1,3,80,13,82,70,53,72,28,23,52,21,11,8,52,6,56,11,82,22,9,80,55,1.0
2014-15,1610612744,GSW,Golden State Warriors,0021400182,2014-11-21T00:00:00,GSW vs. UTA,W,48.0,41,82,0.5,6,23,0.261,13,19,0.684,6,34,40,28,13.0,10,5,5,18,16,101,13.0,1,1,1,1,3,43,62,26,77,63,76,57,46,65,71,41,63,38,27,29,47,63,22,61,65,34,1.0
2014-15,1610612744,GSW,Golden State Warriors,0021400145,2014-11-16T00:00:00,GSW @ LAL,W,48.0,46,86,0.535,14,28,0.5,30,34,0.882,11,40,51,32,16.0,4,5,4,26,27,136,21.0,1,1,1,1,3,12,45,10,8,27,9,1,2,12,31,5,9,9,60,79,47,44,77,1,1,14,1.0
2014-15,1610612744,GSW,Golden State Warriors,0021400140,2014-11-15T00:00:00,GSW vs. CHA,W,48.0,45,87,0.517,11,26,0.423,11,14,0.786,11,40,51,30,15.0,7,3,2,25,13,112,25.0,1,1,1,1,3,17,41,19,37,45,37,65,70,37,31,5,9,20,51,56,70,13,73,77,30,7,1.0
2014-15,1610612744,GSW,Golden State Warriors,0021400121,2014-11-13T00:00:00,GSW vs. BKN,W,48.0,41,90,0.456,11,34,0.324,14,21,0.667,14,31,45,30,11.0,7,10,2,16,22,107,8.0,1,1,1,1,3,43,27,57,37,4,64,51,34,66,15,59,36,20,12,56,6,13,13,14,45,48,1.0
2014-15,1610612744,GSW,Golden State Warriors,0021400108,2014-11-11T00:00:00,GSW vs. SAS,L,48.0,38,70,0.543,7,20,0.35,17,20,0.85,1,37,38,23,20.0,5,4,1,16,19,100,-13.0,1,68,68,68,3,64,81,8,70,77,58,31,40,20,82,23,73,65,72,72,65,3,13,33,66,80,1.0
2014-15,1610612744,GSW,Golden State Warriors,0021400095,2014-11-09T00:00:00,GSW @ PHX,L,48.0,33,69,0.478,11,24,0.458,18,21,0.857,3,33,36,16,27.0,9,7,2,26,19,95,-12.0,1,68,68,68,3,80,82,39,37,59,24,28,34,17,81,50,77,82,82,37,25,13,77,33,75,78,1.0
2014-15,1610612744,GSW,Golden State Warriors,0021400087,2014-11-08T00:00:00,GSW @ HOU,W,48.0,39,87,0.448,9,28,0.321,11,17,0.647,15,39,54,22,26.0,11,8,0,19,17,98,11.0,1,1,1,1,3,55,41,61,53,27,65,65,59,70,8,11,5,68,81,17,11,1,31,52,70,40,1.0
2014-15,1610612744,GSW,Golden State Warriors,0021400068,2014-11-05T00:00:00,GSW vs. LAC,W,48.0,43,74,0.581,15,25,0.6,20,20,1.0,4,35,39,29,23.0,7,3,2,22,14,121,17.0,1,1,1,1,3,29,78,2,6,53,1,19,40,1,78,34,67,29,80,56,70,13,57,72,16,22,1.0
2014-15,1610612744,GSW,Golden State Warriors,0021400042,2014-11-02T00:00:00,GSW @ POR,W,48.0,36,81,0.444,6,19,0.316,17,21,0.81,7,34,41,22,17.0,11,7,2,16,19,95,5.0,1,1,1,1,3,75,66,64,77,79,67,31,34,31,63,41,60,68,64,17,25,13,13,33,75,55,1.0
2014-15,1610612744,GSW,Golden State Warriors,0021400038,2014-11-01T00:00:00,GSW vs. LAL,W,48.0,46,83,0.554,11,23,0.478,24,28,0.857,12,31,43,30,20.0,10,4,3,26,27,127,23.0,1,1,1,1,3,12,58,5,37,63,14,5,9,17,26,59,50,20,72,29,65,30,77,1,7,12,1.0
2014-15,1610612744,GSW,Golden State Warriors,0021400014,2014-10-29T00:00:00,GSW @ SAC,W,48.0,33,75,0.44,6,27,0.222,23,32,0.719,7,37,44,21,22.0,12,8,3,32,26,95,18.0,1,1,1,1,3,80,76,67,77,39,81,6,6,59,63,23,43,71,77,14,11,30,81,4,75,19,1.0
2015-16,1610612744,GSW,Golden State Warriors,0021501227,2016-04-13T00:00:00,GSW vs. MEM,W,48.0,46,87,0.529,20,47,0.426,13,16,0.813,12,39,51,35,17.0,7,7,1,14,18,125,21.0,1,1,1,1,8,17,39,17,4,1,40,57,60,29,20,21,14,6,51,52,25,3,4,52,16,9,1.0
2015-16,1610612744,GSW,Golden State Warriors,0021501201,2016-04-10T00:00:00,GSW @ SAS,W,48.0,34,77,0.442,10,27,0.37,14,18,0.778,7,39,46,19,13.0,7,6,5,18,18,92,6.0,1,1,1,1,8,78,78,67,62,61,54,56,56,35,61,21,39,80,25,52,37,59,18,52,79,57,1.0
2015-16,1610612744,GSW,Golden State Warriors,0021501190,2016-04-09T00:00:00,GSW @ MEM,W,48.0,39,87,0.448,10,36,0.278,12,13,0.923,7,41,48,20,11.0,3,7,4,14,16,100,1.0,1,1,1,1,8,60,39,64,62,17,76,61,69,4,61,13,29,77,13,79,25,32,4,66,74,73,1.0
2015-16,1610612744,GSW,Golden State Warriors,0021501177,2016-04-07T00:00:00,GSW vs. SAS,W,48.0,45,83,0.542,12,25,0.48,10,11,0.909,7,36,43,33,16.0,8,2,2,22,11,112,11.0,1,1,1,1,8,26,63,11,42,70,18,70,75,7,61,35,55,16,44,41,76,7,46,80,48,42,1.0
2015-16,1610612744,GSW,Golden State Warriors,0021501163,2016-04-05T00:00:00,GSW vs. MIN,L,53.0,49,98,0.5,12,35,0.343,7,8,0.875,9,37,46,35,24.0,9,5,6,29,15,117,-7.0,1,74,74,74,2,5,3,33,42,20,65,79,80,14,42,30,39,6,80,27,48,66,79,71,36,76,1.0
2015-16,1610612744,GSW,Golden State Warriors,0021501152,2016-04-03T00:00:00,GSW vs. POR,W,48.0,50,88,0.568,18,30,0.6,18,22,0.818,11,32,43,30,13.0,5,8,4,23,16,136,25.0,1,1,1,1,8,3,33,6,10,44,1,30,43,28,27,65,55,40,25,68,17,32,56,66,1,7,1.0
2015-16,1610612744,GSW,Golden State Warriors,0021501136,2016-04-01T00:00:00,GSW vs. BOS,L,48.0,38,83,0.458,20,43,0.465,10,13,0.769,8,33,41,25,22.0,12,7,1,24,14,106,-3.0,1,74,74,74,8,68,63,62,4,4,27,70,69,39,53,56,65,60,77,9,25,3,61,75,65,75,1.0
2015-16,1610612744,GSW,Golden State Warriors,0021501119,2016-03-30T00:00:00,GSW @ UTA,W,53.0,39,89,0.438,12,35,0.343,13,18,0.722,9,37,46,19,18.0,6,6,2,21,23,103,7.0,1,1,1,1,2,60,25,68,42,20,65,57,56,58,42,30,39,80,56,62,37,7,41,17,69,54,1.0
2015-16,1610612744,GSW,Golden State Warriors,0021501112,2016-03-29T00:00:00,GSW vs. WAS,W,48.0,38,87,0.437,11,25,0.44,15,23,0.652,7,48,55,27,16.0,11,6,7,23,19,102,8.0,1,1,1,1,8,68,39,70,53,70,35,50,35,71,61,3,7,52,44,16,37,71,56,43,72,47,1.0
2015-16,1610612744,GSW,Golden State Warriors,0021501094,2016-03-27T00:00:00,GSW vs. PHI,W,48.0,44,83,0.53,14,33,0.424,15,20,0.75,7,37,44,32,18.0,9,4,3,15,20,117,12.0,1,1,1,1,8,30,63,16,28,32,41,50,51,45,61,30,51,21,56,27,58,17,6,36,36,38,1.0
2015-16,1610612744,GSW,Golden State Warriors,0021501080,2016-03-25T00:00:00,GSW vs. DAL,W,48.0,43,88,0.489,21,45,0.467,21,23,0.913,7,33,40,30,7.0,8,10,6,16,19,128,8.0,1,1,1,1,8,34,33,44,3,2,26,15,35,6,61,56,67,40,1,41,4,66,10,43,10,47,1.0
2015-16,1610612744,GSW,Golden State Warriors,0021501066,2016-03-23T00:00:00,GSW vs. LAC,W,48.0,39,87,0.448,15,34,0.441,21,28,0.75,11,39,50,23,12.0,9,5,7,20,22,114,16.0,1,1,1,1,8,60,39,64,24,25,33,15,15,45,27,21,16,69,19,27,48,71,32,23,45,24,1.0
2015-16,1610612744,GSW,Golden State Warriors,0021501050,2016-03-21T00:00:00,GSW @ MIN,W,48.0,43,87,0.494,8,24,0.333,15,24,0.625,13,31,44,31,17.0,13,10,5,20,20,109,5.0,1,1,1,1,8,34,39,41,75,76,68,50,31,76,14,68,51,31,51,5,4,59,32,36,59,61,1.0
2015-16,1610612744,GSW,Golden State Warriors,0021501036,2016-03-19T00:00:00,GSW @ SAS,L,48.0,31,82,0.378,9,36,0.25,8,10,0.8,7,30,37,24,11.0,12,3,6,21,19,79,-8.0,1,74,74,74,8,82,67,81,69,17,79,77,77,31,61,75,75,66,13,9,71,66,41,43,82,77,1.0
2015-16,1610612744,GSW,Golden State Warriors,0021501026,2016-03-18T00:00:00,GSW @ DAL,W,48.0,48,95,0.505,22,38,0.579,12,14,0.857,5,37,42,35,13.0,8,7,8,21,15,130,18.0,1,1,1,1,8,8,7,32,1,11,2,61,68,17,76,30,61,6,25,41,25,78,41,71,7,19,1.0
2015-16,1610612744,GSW,Golden State Warriors,0021501011,2016-03-16T00:00:00,GSW vs. NYK,W,48.0,46,91,0.505,18,37,0.486,11,12,0.917,12,42,54,32,13.0,4,8,3,13,11,121,36.0,1,1,1,1,8,17,21,31,10,14,15,65,73,5,20,9,9,21,25,76,17,17,2,80,25,2,1.0
2015-16,1610612744,GSW,Golden State Warriors,0021500996,2016-03-14T00:00:00,GSW vs. NOP,W,48.0,47,81,0.58,12,25,0.48,19,23,0.826,8,38,46,30,18.0,6,6,3,22,19,125,18.0,1,1,1,1,8,12,70,2,42,70,18,26,35,27,53,26,39,40,56,62,37,17,46,43,16,19,1.0
2015-16,1610612744,GSW,Golden State Warriors,0021500981,2016-03-12T00:00:00,GSW vs. PHX,W,48.0,42,84,0.5,11,33,0.333,28,33,0.848,7,35,42,28,8.0,6,9,3,25,30,123,7.0,1,1,1,1,8,46,57,33,53,32,68,4,7,20,61,43,61,47,2,62,8,17,68,1,21,54,1.0
2015-16,1610612744,GSW,Golden State Warriors,0021500971,2016-03-11T00:00:00,GSW vs. POR,W,48.0,40,89,0.449,18,40,0.45,30,39,0.769,16,40,56,23,8.0,5,6,4,20,23,128,16.0,1,1,1,1,8,57,25,63,10,7,32,3,1,39,5,16,5,69,2,68,37,32,32,17,10,24,1.0
2015-16,1610612744,GSW,Golden State Warriors,0021500958,2016-03-09T00:00:00,GSW vs. UTA,W,48.0,48,84,0.571,13,30,0.433,6,10,0.6,9,30,39,36,15.0,10,7,4,23,16,115,21.0,1,1,1,1,8,8,57,5,36,44,38,80,77,77,42,75,71,4,38,19,25,32,56,66,42,9,1.0
2015-16,1610612744,GSW,Golden State Warriors,0021500943,2016-03-07T00:00:00,GSW vs. ORL,W,48.0,42,84,0.5,16,35,0.457,19,27,0.704,10,40,50,27,24.0,13,7,3,26,21,119,6.0,1,1,1,1,8,46,57,33,18,20,30,26,17,61,36,16,16,52,80,5,25,17,76,30,31,57,1.0
2015-16,1610612744,GSW,Golden State Warriors,0021500931,2016-03-06T00:00:00,GSW @ LAL,L,48.0,37,92,0.402,4,30,0.133,17,21,0.81,17,32,49,32,20.0,5,3,6,20,24,95,-17.0,1,74,74,74,8,72,17,77,82,44,82,35,46,30,3,65,21,21,67,68,71,66,32,12,76,79,1.0
2015-16,1610612744,GSW,Golden State Warriors,0021500911,2016-03-03T00:00:00,GSW vs. OKC,W,48.0,47,87,0.54,11,34,0.324,16,21,0.762,4,36,40,33,9.0,11,3,4,20,18,121,15.0,1,1,1,1,8,12,39,13,53,25,71,43,46,42,78,35,67,16,7,16,71,32,32,52,25,30,1.0
2015-16,1610612744,GSW,Golden State Warriors,0021500895,2016-03-01T00:00:00,GSW vs. ATL,W,53.0,41,103,0.398,12,36,0.333,15,17,0.882,18,33,51,28,13.0,11,3,5,22,17,109,4.0,1,1,1,1,2,54,2,78,42,17,68,50,59,12,2,56,14,47,25,16,71,59,46,61,59,64,1.0
2015-16,1610612744,GSW,Golden State Warriors,0021500874,2016-02-27T00:00:00,GSW @ OKC,W,53.0,45,95,0.474,14,32,0.438,17,25,0.68,4,28,32,25,11.0,15,7,4,22,21,121,3.0,1,1,1,1,2,26,7,54,28,37,37,35,25,65,78,79,82,60,13,1,25,32,46,30,25,67,1.0
2015-16,1610612744,GSW,Golden State Warriors,0021500855,2016-02-25T00:00:00,GSW @ ORL,W,48.0,53,88,0.602,13,25,0.52,11,16,0.688,8,34,42,35,21.0,9,4,4,21,17,130,16.0,1,1,1,1,8,1,33,1,36,70,11,65,60,64,53,52,61,6,73,27,58,32,41,61,7,24,1.0
2015-16,1610612744,GSW,Golden State Warriors,0021500848,2016-02-24T00:00:00,GSW @ MIA,W,48.0,42,90,0.467,13,28,0.464,21,25,0.84,9,34,43,23,13.0,7,2,8,24,23,118,6.0,1,1,1,1,8,46,23,58,36,59,28,15,25,22,42,52,55,69,25,52,76,78,61,17,34,57,1.0
2015-16,1610612744,GSW,Golden State Warriors,0021500836,2016-02-22T00:00:00,GSW @ ATL,W,48.0,39,89,0.438,14,45,0.311,10,12,0.833,6,37,43,30,13.0,14,8,7,17,17,102,10.0,1,1,1,1,8,60,25,68,28,2,72,70,73,25,72,30,55,40,25,4,17,71,12,61,72,43,1.0
2015-16,1610612744,GSW,Golden State Warriors,0021500822,2016-02-20T00:00:00,GSW @ LAC,W,48.0,42,82,0.512,11,31,0.355,20,26,0.769,6,33,39,32,14.0,8,2,2,19,24,115,3.0,1,1,1,1,8,46,67,27,53,41,57,23,23,39,72,56,71,21,35,41,76,7,25,12,42,67,1.0
2015-16,1610612744,GSW,Golden State Warriors,0021500815,2016-02-19T00:00:00,GSW @ POR,L,48.0,36,92,0.391,12,34,0.353,21,28,0.75,14,33,47,25,20.0,7,4,4,17,21,105,-32.0,1,74,74,74,8,74,17,80,42,25,58,15,15,45,9,56,34,60,67,52,58,32,12,30,68,82,1.0
2015-16,1610612744,GSW,Golden State Warriors,0021500799,2016-02-10T00:00:00,GSW @ PHX,W,48.0,37,89,0.416,14,40,0.35,24,29,0.828,8,42,50,24,13.0,12,7,6,22,23,112,8.0,1,1,1,1,8,72,25,72,28,7,61,9,13,26,53,9,16,66,25,9,25,66,46,17,48,47,1.0
2015-16,1610612744,GSW,Golden State Warriors,0021500788,2016-02-09T00:00:00,GSW vs. HOU,W,48.0,44,94,0.468,12,34,0.353,23,26,0.885,14,35,49,28,12.0,5,6,4,26,22,123,13.0,1,1,1,1,8,30,12,57,42,25,58,11,23,11,9,43,21,47,19,68,37,32,76,23,21,34,1.0
2015-16,1610612744,GSW,Golden State Warriors,0021500769,2016-02-06T00:00:00,GSW vs. OKC,W,48.0,48,97,0.495,7,26,0.269,13,20,0.65,13,33,46,24,10.0,7,4,5,23,18,116,8.0,1,1,1,1,8,8,4,38,77,64,78,57,51,73,14,56,39,66,10,52,58,59,56,52,38,47,1.0
2015-16,1610612744,GSW,Golden State Warriors,0021500739,2016-02-03T00:00:00,GSW @ WAS,W,48.0,49,93,0.527,20,41,0.488,16,29,0.552,11,38,49,35,18.0,10,5,4,24,22,134,13.0,1,1,1,1,8,5,14,20,4,6,14,43,13,80,27,26,21,6,56,19,48,32,61,23,3,34,1.0
2015-16,1610612744,GSW,Golden State Warriors,0021500718,2016-01-31T00:00:00,GSW @ NYK,W,48.0,42,73,0.575,16,29,0.552,16,23,0.696,3,41,44,31,18.0,8,5,4,21,20,116,21.0,1,1,1,1,8,46,80,4,18,53,8,43,35,62,80,13,51,31,56,41,48,32,41,36,38,9,1.0
2015-16,1610612744,GSW,Golden State Warriors,0021500707,2016-01-30T00:00:00,GSW @ PHI,W,48.0,47,95,0.495,13,30,0.433,1,2,0.5,12,45,57,37,23.0,5,7,4,18,8,108,3.0,1,1,1,1,8,12,7,39,36,44,38,82,82,82,20,5,4,3,78,68,25,32,18,82,63,67,1.0
2015-16,1610612744,GSW,Golden State Warriors,0021500691,2016-01-27T00:00:00,GSW vs. DAL,W,48.0,47,81,0.58,14,29,0.483,19,21,0.905,7,33,40,33,9.0,5,4,0,18,21,127,20.0,1,1,1,1,8,12,70,2,28,53,16,26,46,9,61,56,67,16,7,68,58,1,18,30,15,13,1.0
2015-16,1610612744,GSW,Golden State Warriors,0021500675,2016-01-25T00:00:00,GSW vs. SAS,W,48.0,44,85,0.518,11,26,0.423,21,25,0.84,10,35,45,31,21.0,15,3,4,25,21,120,30.0,1,1,1,1,8,30,54,25,53,64,44,15,25,22,36,43,49,31,73,1,71,32,68,30,29,6,1.0
2015-16,1610612744,GSW,Golden State Warriors,0021500652,2016-01-22T00:00:00,GSW vs. IND,W,48.0,43,90,0.478,14,33,0.424,22,25,0.88,14,36,50,31,17.0,9,4,4,24,20,122,12.0,1,1,1,1,8,34,23,51,28,32,41,12,25,13,9,35,16,31,51,27,58,32,61,36,23,38,1.0
2015-16,1610612744,GSW,Golden State Warriors,0021500634,2016-01-20T00:00:00,GSW @ CHI,W,48.0,50,95,0.526,12,32,0.375,13,20,0.65,12,43,55,38,10.0,8,9,4,17,17,125,31.0,1,1,1,1,8,3,7,21,42,37,53,57,51,73,20,7,7,2,10,41,8,32,12,61,16,5,1.0
2015-16,1610612744,GSW,Golden State Warriors,0021500622,2016-01-18T00:00:00,GSW @ CLE,W,48.0,46,85,0.541,19,40,0.475,21,27,0.778,6,31,37,33,8.0,7,2,4,25,25,132,34.0,1,1,1,1,8,17,54,12,8,7,22,15,17,35,72,68,75,16,2,52,76,32,68,9,5,3,1.0
2015-16,1610612744,GSW,Golden State Warriors,0021500605,2016-01-16T00:00:00,GSW @ DET,L,48.0,34,94,0.362,10,25,0.4,17,23,0.739,14,33,47,18,13.0,6,9,11,16,22,95,-18.0,1,74,74,74,8,78,12,82,62,70,47,35,35,51,9,56,34,82,25,62,8,82,10,23,76,80,1.0
2015-16,1610612744,GSW,Golden State Warriors,0021500592,2016-01-14T00:00:00,GSW vs. LAL,W,48.0,43,86,0.5,13,33,0.394,17,20,0.85,12,35,47,26,20.0,12,4,3,17,19,116,18.0,1,1,1,1,8,34,49,33,36,32,48,35,51,19,20,43,34,55,67,9,58,17,12,43,38,19,1.0
2015-16,1610612744,GSW,Golden State Warriors,0021500583,2016-01-13T00:00:00,GSW @ DEN,L,48.0,42,88,0.477,10,26,0.385,16,20,0.8,7,32,39,25,13.0,9,11,3,25,18,110,-2.0,1,74,74,74,8,46,33,52,62,64,50,43,51,31,61,65,71,60,25,27,2,17,68,52,58,74,1.0
2015-16,1610612744,GSW,Golden State Warriors,0021500568,2016-01-11T00:00:00,GSW vs. MIA,W,48.0,41,86,0.477,7,23,0.304,22,30,0.733,9,40,49,25,9.0,5,1,4,18,19,111,8.0,1,1,1,1,8,54,49,53,77,77,73,12,11,53,42,16,21,60,7,68,81,32,18,43,53,47,1.0
2015-16,1610612744,GSW,Golden State Warriors,0021500556,2016-01-09T00:00:00,GSW @ SAC,W,48.0,49,87,0.563,19,37,0.514,11,15,0.733,9,39,48,35,19.0,5,8,3,25,22,128,12.0,1,1,1,1,8,5,39,8,8,14,13,65,64,53,42,21,29,6,65,68,17,17,68,23,10,38,1.0
2015-16,1610612744,GSW,Golden State Warriors,0021500548,2016-01-08T00:00:00,GSW @ POR,W,48.0,46,87,0.529,18,32,0.563,18,21,0.857,5,43,48,36,15.0,6,5,4,20,17,128,20.0,1,1,1,1,8,17,39,17,10,37,7,30,46,17,76,7,29,4,38,62,48,32,32,61,10,13,1.0
2015-16,1610612744,GSW,Golden State Warriors,0021500524,2016-01-05T00:00:00,GSW @ LAL,W,48.0,40,86,0.465,13,31,0.419,16,21,0.762,10,44,54,26,11.0,9,9,4,17,16,109,21.0,1,1,1,1,8,57,49,59,36,41,45,43,46,42,36,6,9,55,13,27,8,32,12,66,59,9,1.0
2015-16,1610612744,GSW,Golden State Warriors,0021500520,2016-01-04T00:00:00,GSW vs. CHA,W,48.0,45,87,0.517,15,34,0.441,6,6,1.0,3,34,37,32,11.0,4,9,1,19,12,111,10.0,1,1,1,1,8,26,39,26,24,25,33,80,81,1,80,52,75,21,13,76,8,3,25,79,53,43,1.0
2015-16,1610612744,GSW,Golden State Warriors,0021500504,2016-01-02T00:00:00,GSW vs. DEN,W,53.0,43,86,0.5,10,28,0.357,15,23,0.652,9,38,47,34,14.0,9,5,0,22,23,111,3.0,1,1,1,1,2,34,49,33,62,59,56,50,35,71,42,26,34,14,35,27,48,1,46,17,53,67,1.0
2015-16,1610612744,GSW,Golden State Warriors,0021500485,2015-12-31T00:00:00,GSW @ HOU,W,48.0,43,84,0.512,11,23,0.478,17,27,0.63,12,31,43,35,18.0,8,5,5,20,22,114,4.0,1,1,1,1,8,34,57,28,53,77,20,35,17,75,20,68,55,6,56,41,48,59,32,23,45,64,1.0
2015-16,1610612744,GSW,Golden State Warriors,0021500480,2015-12-30T00:00:00,GSW @ DAL,L,48.0,33,81,0.407,7,19,0.368,18,24,0.75,8,29,37,20,12.0,9,0,4,18,19,91,-23.0,1,74,74,74,8,80,70,75,77,81,55,30,31,45,53,77,75,77,19,27,82,32,18,43,80,81,1.0
2015-16,1610612744,GSW,Golden State Warriors,0021500468,2015-12-28T00:00:00,GSW vs. SAC,W,48.0,43,89,0.483,20,42,0.476,16,24,0.667,13,46,59,33,18.0,12,8,4,25,21,122,19.0,1,1,1,1,8,34,25,47,4,5,21,43,31,69,14,4,3,16,56,9,17,32,68,30,23,16,1.0
2015-16,1610612744,GSW,Golden State Warriors,0021500438,2015-12-25T00:00:00,GSW vs. CLE,W,48.0,32,78,0.41,5,18,0.278,20,27,0.741,8,41,49,21,16.0,7,10,4,19,22,89,6.0,1,1,1,1,8,81,77,74,81,82,76,23,17,50,53,13,21,75,44,52,4,32,25,23,81,57,1.0
2015-16,1610612744,GSW,Golden State Warriors,0021500434,2015-12-23T00:00:00,GSW vs. UTA,W,48.0,39,83,0.47,9,23,0.391,16,16,1.0,9,31,40,26,16.0,10,9,3,11,18,103,18.0,1,1,1,1,8,60,63,56,69,77,49,43,60,1,42,68,67,55,44,19,8,17,1,52,69,19,1.0
2015-16,1610612744,GSW,Golden State Warriors,0021500397,2015-12-18T00:00:00,GSW vs. MIL,W,48.0,42,87,0.483,9,26,0.346,28,37,0.757,15,31,46,31,15.0,7,4,7,22,29,121,9.0,1,1,1,1,8,46,39,48,69,64,62,4,3,44,6,68,39,31,38,52,58,71,46,3,25,45,1.0
2015-16,1610612744,GSW,Golden State Warriors,0021500381,2015-12-16T00:00:00,GSW vs. PHX,W,48.0,46,88,0.523,15,32,0.469,21,27,0.778,9,40,49,32,17.0,12,4,4,17,20,128,25.0,1,1,1,1,8,17,33,22,24,37,25,15,17,35,42,16,21,21,51,9,58,32,12,36,10,7,1.0
2015-16,1610612744,GSW,Golden State Warriors,0021500351,2015-12-12T00:00:00,GSW @ MIL,L,48.0,36,89,0.404,6,27,0.222,17,25,0.68,15,34,49,23,17.0,9,8,4,20,24,95,-13.0,1,74,74,74,8,74,25,76,80,61,80,35,25,65,6,52,21,69,51,27,17,32,32,12,76,78,1.0
2015-16,1610612744,GSW,Golden State Warriors,0021500336,2015-12-11T00:00:00,GSW @ BOS,W,58.0,42,107,0.393,9,31,0.29,31,39,0.795,17,50,67,28,18.0,10,11,9,22,30,124,5.0,1,1,1,1,1,46,1,79,69,41,75,1,1,34,3,2,1,47,56,19,2,80,46,1,19,61,1.0
2015-16,1610612744,GSW,Golden State Warriors,0021500314,2015-12-08T00:00:00,GSW @ IND,W,48.0,52,95,0.547,16,35,0.457,11,15,0.733,10,36,46,29,15.0,10,6,3,19,18,131,8.0,1,1,1,1,8,2,7,10,18,20,30,65,64,53,36,35,39,44,38,19,37,17,25,52,6,47,1.0
2015-16,1610612744,GSW,Golden State Warriors,0021500300,2015-12-06T00:00:00,GSW @ BKN,W,48.0,44,86,0.512,14,33,0.424,12,23,0.522,10,36,46,25,12.0,9,9,2,18,18,114,16.0,1,1,1,1,8,30,49,30,28,32,41,61,35,81,36,35,39,60,19,27,8,7,18,52,45,24,1.0
2015-16,1610612744,GSW,Golden State Warriors,0021500290,2015-12-05T00:00:00,GSW @ TOR,W,48.0,35,73,0.479,16,30,0.533,26,36,0.722,8,35,43,22,12.0,2,5,3,24,27,112,3.0,1,1,1,1,8,77,80,50,18,44,9,6,4,58,53,43,55,73,19,80,48,17,61,4,48,67,1.0
2015-16,1610612744,GSW,Golden State Warriors,0021500268,2015-12-02T00:00:00,GSW @ CHA,W,48.0,46,88,0.523,16,34,0.471,8,11,0.727,11,42,53,31,21.0,2,9,7,23,13,116,17.0,1,1,1,1,8,17,33,22,18,25,24,77,75,57,27,9,11,31,73,80,8,71,56,77,38,23,1.0
2015-16,1610612744,GSW,Golden State Warriors,0021500259,2015-11-30T00:00:00,GSW @ UTA,W,48.0,40,82,0.488,14,29,0.483,12,15,0.8,14,31,45,21,15.0,2,5,2,19,16,106,3.0,1,1,1,1,8,57,67,45,28,53,16,61,64,31,9,68,49,75,38,80,48,7,25,66,65,67,1.0
2015-16,1610612744,GSW,Golden State Warriors,0021500245,2015-11-28T00:00:00,GSW vs. SAC,W,48.0,39,80,0.488,16,30,0.533,26,31,0.839,13,35,48,32,16.0,8,7,7,19,24,120,19.0,1,1,1,1,8,60,74,46,18,44,9,6,8,24,14,43,29,21,44,41,25,71,25,12,29,16,1.0
2015-16,1610612744,GSW,Golden State Warriors,0021500236,2015-11-27T00:00:00,GSW @ PHX,W,48.0,46,81,0.568,22,38,0.579,21,31,0.677,11,42,53,32,24.0,7,9,2,26,26,135,19.0,1,1,1,1,8,17,70,7,1,11,2,15,8,68,27,9,11,21,80,52,8,7,76,5,2,16,1.0
2015-16,1610612744,GSW,Golden State Warriors,0021500214,2015-11-24T00:00:00,GSW vs. LAL,W,48.0,45,92,0.489,12,35,0.343,9,15,0.6,12,36,48,32,8.0,9,6,2,13,15,111,34.0,1,1,1,1,8,26,17,43,42,20,65,74,64,77,20,35,29,21,2,27,37,7,2,71,53,3,1.0
2015-16,1610612744,GSW,Golden State Warriors,0021500200,2015-11-22T00:00:00,GSW @ DEN,W,48.0,47,89,0.528,15,29,0.517,9,13,0.692,11,35,46,35,21.0,15,8,3,25,15,118,13.0,1,1,1,1,8,12,25,19,24,53,12,74,69,63,27,43,39,6,73,1,17,17,68,71,34,34,1.0
2015-16,1610612744,GSW,Golden State Warriors,0021500187,2015-11-20T00:00:00,GSW vs. CHI,W,48.0,39,79,0.494,10,29,0.345,18,24,0.75,11,38,49,20,16.0,7,6,2,15,19,106,12.0,1,1,1,1,8,60,76,42,62,53,64,30,31,45,27,26,21,77,44,52,37,7,6,43,65,38,1.0
2015-16,1610612744,GSW,Golden State Warriors,0021500177,2015-11-19T00:00:00,GSW @ LAC,W,48.0,38,73,0.521,17,30,0.567,31,36,0.861,8,36,44,31,19.0,4,4,2,20,25,124,7.0,1,1,1,1,8,68,80,24,15,44,5,1,4,16,53,35,51,31,65,76,58,7,32,9,19,54,1.0
2015-16,1610612744,GSW,Golden State Warriors,0021500164,2015-11-17T00:00:00,GSW vs. TOR,W,48.0,43,80,0.538,11,29,0.379,18,27,0.667,9,25,34,31,20.0,10,6,2,29,25,115,5.0,1,1,1,1,8,34,74,15,53,53,52,30,17,69,42,82,80,31,67,19,37,7,79,9,42,61,1.0
2015-16,1610612744,GSW,Golden State Warriors,0021500144,2015-11-14T00:00:00,GSW vs. BKN,W,53.0,43,97,0.443,12,34,0.353,9,10,0.9,11,39,50,31,15.0,9,10,4,19,13,107,8.0,1,1,1,1,2,34,4,66,42,25,58,74,77,10,27,21,16,31,38,27,4,32,25,77,64,47,1.0
2015-16,1610612744,GSW,Golden State Warriors,0021500125,2015-11-12T00:00:00,GSW @ MIN,W,48.0,48,89,0.539,18,38,0.474,15,16,0.938,6,27,33,34,11.0,8,7,1,25,18,129,13.0,1,1,1,1,8,8,25,14,10,11,23,50,60,3,72,81,81,14,13,41,25,3,68,52,9,34,1.0
2015-16,1610612744,GSW,Golden State Warriors,0021500120,2015-11-11T00:00:00,GSW @ MEM,W,48.0,36,75,0.48,11,27,0.407,17,23,0.739,7,29,36,22,23.0,12,8,5,30,26,100,16.0,1,1,1,1,8,74,79,49,53,61,46,35,35,51,61,77,79,73,78,9,17,59,82,5,74,24,1.0
2015-16,1610612744,GSW,Golden State Warriors,0021500104,2015-11-09T00:00:00,GSW vs. DET,W,48.0,43,91,0.473,12,21,0.571,11,13,0.846,13,28,41,29,16.0,13,4,3,18,14,109,14.0,1,1,1,1,8,34,21,55,42,80,4,65,69,21,14,79,65,44,44,5,58,17,18,75,59,32,1.0
2015-16,1610612744,GSW,Golden State Warriors,0021500092,2015-11-07T00:00:00,GSW @ SAC,W,48.0,38,92,0.413,8,39,0.205,19,22,0.864,15,31,46,27,18.0,13,2,3,15,19,103,9.0,1,1,1,1,8,68,17,73,75,10,81,26,43,15,6,68,39,52,56,5,76,17,6,43,69,45,1.0
2015-16,1610612744,GSW,Golden State Warriors,0021500083,2015-11-06T00:00:00,GSW vs. DEN,W,48.0,46,93,0.495,17,37,0.459,10,18,0.556,13,40,53,40,20.0,10,6,5,22,20,119,15.0,1,1,1,1,8,17,14,40,15,14,29,70,56,79,14,16,11,1,67,19,37,59,46,36,31,30,1.0
2015-16,1610612744,GSW,Golden State Warriors,0021500069,2015-11-04T00:00:00,GSW vs. LAC,W,48.0,39,85,0.459,10,26,0.385,24,31,0.774,9,33,42,28,12.0,6,5,4,22,26,112,4.0,1,1,1,1,8,60,54,61,62,64,50,9,8,38,42,56,61,47,19,62,48,32,46,5,48,64,1.0
2015-16,1610612744,GSW,Golden State Warriors,0021500051,2015-11-02T00:00:00,GSW vs. MEM,W,48.0,43,84,0.512,11,25,0.44,22,30,0.733,10,55,65,32,14.0,8,13,7,15,24,119,50.0,1,1,1,1,8,34,57,28,53,70,35,12,11,53,36,1,2,21,35,41,1,71,6,12,31,1,1.0
2015-16,1610612744,GSW,Golden State Warriors,0021500035,2015-10-31T00:00:00,GSW @ NOP,W,48.0,46,84,0.548,17,30,0.567,25,35,0.714,3,35,38,26,10.0,10,4,4,24,23,134,14.0,1,1,1,1,8,17,57,9,15,44,5,8,6,60,80,43,74,55,10,19,58,32,61,17,3,32,1.0
2015-16,1610612744,GSW,Golden State Warriors,0021500030,2015-10-30T00:00:00,GSW @ HOU,W,48.0,43,93,0.462,9,26,0.346,17,25,0.68,11,36,47,26,8.0,9,4,9,24,20,112,20.0,1,1,1,1,8,34,14,60,69,64,62,35,25,65,27,35,34,55,2,27,58,80,61,36,48,13,1.0
2015-16,1610612744,GSW,Golden State Warriors,0021500003,2015-10-27T00:00:00,GSW vs. NOP,W,48.0,41,96,0.427,9,30,0.3,20,22,0.909,21,35,56,29,20.0,8,7,3,29,26,111,16.0,1,1,1,1,8,54,6,71,69,44,74,23,43,7,1,43,5,44,67,41,25,17,79,5,53,24,1.0
2016-17,1610612744,GSW,Golden State Warriors,0021601229,2017-04-12T00:00:00,GSW vs. LAL,W,48.0,41,90,0.456,12,36,0.333,15,22,0.682,14,40,54,26,21.0,14,8,2,17,22,109,15.0,1,1,1,1,4,52,18,62,40,11,57,46,38,72,8,13,5,62,79,3,23,11,19,18,57,31,1.0
2016-17,1610612744,GSW,Golden State Warriors,0021601211,2017-04-10T00:00:00,GSW vs. UTA,L,48.0,39,80,0.488,9,25,0.36,12,17,0.706,8,34,42,25,13.0,5,6,3,17,17,99,-6.0,1,68,68,68,4,64,71,46,62,72,51,65,61,66,47,43,55,65,25,77,40,26,19,56,77,74,1.0
2016-17,1610612744,GSW,Golden State Warriors,0021601195,2017-04-08T00:00:00,GSW vs. NOP,W,48.0,49,96,0.51,10,33,0.303,15,16,0.938,14,39,53,37,9.0,2,4,1,15,15,123,22.0,1,1,1,1,4,11,6,30,56,25,65,46,66,3,8,20,8,6,3,82,60,4,8,68,21,19,1.0
2016-17,1610612744,GSW,Golden State Warriors,0021601171,2017-04-05T00:00:00,GSW @ PHX,W,48.0,45,89,0.506,13,30,0.433,17,24,0.708,7,32,39,25,15.0,13,9,2,19,22,120,9.0,1,1,1,1,4,23,23,35,29,44,29,35,27,65,55,53,68,65,37,12,19,11,38,18,31,49,1.0
2016-17,1610612744,GSW,Golden State Warriors,0021601162,2017-04-04T00:00:00,GSW vs. MIN,W,48.0,44,84,0.524,14,32,0.438,19,24,0.792,8,32,40,33,13.0,9,7,3,19,19,121,14.0,1,1,1,1,4,32,57,24,18,32,26,26,27,38,47,53,64,21,25,41,29,26,38,38,28,34,1.0
2016-17,1610612744,GSW,Golden State Warriors,0021601152,2017-04-02T00:00:00,GSW vs. WAS,W,48.0,50,88,0.568,16,36,0.444,23,26,0.885,10,34,44,34,16.0,7,10,3,20,20,139,24.0,1,1,1,1,4,6,33,8,8,11,23,22,23,14,29,43,39,19,48,64,12,26,45,33,4,14,1.0
2016-17,1610612744,GSW,Golden State Warriors,0021601136,2017-03-31T00:00:00,GSW vs. HOU,W,48.0,43,95,0.453,11,32,0.344,10,14,0.714,13,30,43,27,12.0,10,14,3,20,12,107,9.0,1,1,1,1,4,38,9,66,46,32,54,78,72,63,10,67,46,57,15,26,1,26,45,77,63,49,1.0
2016-17,1610612744,GSW,Golden State Warriors,0021601118,2017-03-29T00:00:00,GSW @ SAS,W,48.0,43,85,0.506,13,26,0.5,11,11,1.0,10,25,35,31,15.0,7,7,9,22,12,110,12.0,1,1,1,1,4,38,51,32,29,68,10,74,80,1,29,80,77,35,37,64,29,80,59,77,55,40,1.0
2016-17,1610612744,GSW,Golden State Warriors,0021601108,2017-03-28T00:00:00,GSW @ HOU,W,48.0,45,88,0.511,11,41,0.268,12,16,0.75,8,36,44,33,17.0,9,7,2,29,14,113,7.0,1,1,1,1,4,23,33,29,46,6,73,65,66,57,47,34,39,21,57,41,29,11,82,72,47,57,1.0
2016-17,1610612744,GSW,Golden State Warriors,0021601094,2017-03-26T00:00:00,GSW vs. MEM,W,48.0,39,71,0.549,17,31,0.548,11,15,0.733,7,30,37,30,18.0,9,4,0,15,13,106,12.0,1,1,1,1,4,64,82,16,5,39,3,74,70,60,55,67,74,44,65,41,60,1,8,76,65,40,1.0
2016-17,1610612744,GSW,Golden State Warriors,0021601081,2017-03-24T00:00:00,GSW vs. SAC,W,48.0,44,89,0.494,10,31,0.323,16,18,0.889,13,31,44,37,13.0,14,8,4,15,16,114,14.0,1,1,1,1,4,32,23,40,56,39,61,40,56,12,10,57,39,6,25,3,23,43,8,64,46,34,1.0
2016-17,1610612744,GSW,Golden State Warriors,0021601055,2017-03-21T00:00:00,GSW @ DAL,W,48.0,43,78,0.551,13,30,0.433,13,16,0.813,4,42,46,34,16.0,10,2,2,20,14,112,25.0,1,1,1,1,4,38,74,15,29,44,29,58,66,33,78,6,24,19,48,26,78,11,45,72,51,12,1.0
2016-17,1610612744,GSW,Golden State Warriors,0021601049,2017-03-20T00:00:00,GSW @ OKC,W,48.0,40,83,0.482,15,33,0.455,16,21,0.762,9,37,46,28,17.0,8,8,2,22,19,111,16.0,1,1,1,1,4,58,62,49,11,25,19,40,43,54,35,30,24,52,57,56,23,11,59,38,54,27,1.0
2016-17,1610612744,GSW,Golden State Warriors,0021601035,2017-03-18T00:00:00,GSW vs. MIL,W,48.0,45,75,0.6,12,23,0.522,15,19,0.789,6,38,44,30,14.0,5,6,7,16,17,117,25.0,1,1,1,1,4,23,80,4,40,76,6,46,53,42,65,25,39,44,33,77,40,74,12,56,38,12,1.0
2016-17,1610612744,GSW,Golden State Warriors,0021601019,2017-03-16T00:00:00,GSW vs. ORL,W,48.0,50,87,0.575,10,26,0.385,12,23,0.522,7,40,47,36,13.0,14,9,4,18,21,122,30.0,1,1,1,1,4,6,40,7,56,68,42,65,33,81,55,13,21,11,25,3,19,43,28,27,24,8,1.0
2016-17,1610612744,GSW,Golden State Warriors,0021601003,2017-03-14T00:00:00,GSW vs. PHI,W,48.0,32,88,0.364,14,32,0.438,28,35,0.8,13,30,43,24,18.0,12,11,10,24,26,106,2.0,1,1,1,1,4,82,33,81,18,32,26,6,6,36,10,67,46,72,65,16,8,81,72,6,65,66,1.0
2016-17,1610612744,GSW,Golden State Warriors,0021600980,2017-03-11T00:00:00,GSW @ SAS,L,48.0,33,92,0.359,5,17,0.294,14,23,0.609,20,29,49,19,15.0,10,4,7,16,18,85,-22.0,1,68,68,68,4,81,13,82,81,82,67,54,33,76,1,72,16,81,37,26,60,74,12,47,82,80,1.0
2016-17,1610612744,GSW,Golden State Warriors,0021600968,2017-03-10T00:00:00,GSW @ MIN,L,48.0,41,88,0.466,7,24,0.292,13,17,0.765,12,31,43,25,12.0,9,5,3,21,18,102,-1.0,1,68,68,68,4,52,33,57,75,75,68,58,61,51,19,57,46,65,15,41,49,26,55,47,74,68,1.0
2016-17,1610612744,GSW,Golden State Warriors,0021600959,2017-03-08T00:00:00,GSW vs. BOS,L,48.0,37,84,0.44,6,30,0.2,6,9,0.667,12,34,46,23,18.0,8,12,1,20,10,86,-13.0,1,68,68,68,4,73,57,74,78,44,80,81,81,73,19,43,24,75,65,56,7,4,45,81,81,77,1.0
2016-17,1610612744,GSW,Golden State Warriors,0021600937,2017-03-06T00:00:00,GSW @ ATL,W,48.0,41,87,0.471,20,44,0.455,17,22,0.773,13,30,43,33,16.0,10,4,6,22,23,119,8.0,1,1,1,1,4,52,40,54,2,2,19,35,38,48,10,67,46,21,48,26,60,64,59,14,33,52,1.0
2016-17,1610612744,GSW,Golden State Warriors,0021600928,2017-03-05T00:00:00,GSW @ NYK,W,48.0,40,88,0.455,13,35,0.371,19,23,0.826,11,24,35,21,8.0,11,3,6,18,20,112,7.0,1,1,1,1,4,58,33,63,29,18,45,26,33,29,25,81,77,80,1,20,74,64,28,33,51,57,1.0
2016-17,1610612744,GSW,Golden State Warriors,0021600906,2017-03-02T00:00:00,GSW @ CHI,L,48.0,34,88,0.386,6,30,0.2,13,14,0.929,6,35,41,23,15.0,10,6,5,18,15,87,-7.0,1,68,68,68,4,79,33,80,78,44,80,58,72,4,65,39,58,75,37,26,40,56,28,68,80,75,1.0
2016-17,1610612744,GSW,Golden State Warriors,0021600889,2017-02-28T00:00:00,GSW @ WAS,L,48.0,39,84,0.464,8,29,0.276,22,27,0.815,13,28,41,28,19.0,10,6,6,23,22,108,-4.0,1,68,68,68,4,64,57,59,69,53,70,23,20,32,10,75,58,52,74,26,40,64,68,18,60,72,1.0
2016-17,1610612744,GSW,Golden State Warriors,0021600883,2017-02-27T00:00:00,GSW @ PHI,W,48.0,40,89,0.449,6,29,0.207,33,39,0.846,16,29,45,31,14.0,14,4,3,18,25,119,11.0,1,1,1,1,4,58,23,68,78,53,79,1,1,21,3,72,33,35,33,3,60,26,28,9,33,43,1.0
2016-17,1610612744,GSW,Golden State Warriors,0021600873,2017-02-25T00:00:00,GSW vs. BKN,W,48.0,42,100,0.42,11,31,0.355,17,22,0.773,13,39,52,30,11.0,10,11,3,17,20,112,17.0,1,1,1,1,4,46,4,77,46,39,52,35,38,48,10,20,10,44,10,26,8,26,19,33,51,24,2.0
2016-17,1610612744,GSW,Golden State Warriors,0021600854,2017-02-23T00:00:00,GSW vs. LAC,W,48.0,43,81,0.531,13,25,0.52,24,26,0.923,10,43,53,31,21.0,11,11,0,27,16,123,10.0,1,1,1,1,4,38,68,19,29,72,7,17,23,6,29,4,8,35,79,20,8,1,80,64,21,45,1.0
2016-17,1610612744,GSW,Golden State Warriors,0021600847,2017-02-15T00:00:00,GSW vs. SAC,W,48.0,41,84,0.488,13,36,0.361,14,21,0.667,6,40,46,32,8.0,10,10,6,16,17,109,23.0,1,1,1,1,4,52,57,45,29,11,47,54,43,73,65,13,24,31,1,26,12,64,12,56,57,17,1.0
2016-17,1610612744,GSW,Golden State Warriors,0021600827,2017-02-13T00:00:00,GSW @ DEN,L,48.0,45,92,0.489,8,32,0.25,12,13,0.923,4,23,27,25,9.0,12,6,1,13,14,110,-22.0,1,68,68,68,4,23,13,43,69,32,76,65,76,6,78,82,82,65,3,16,40,4,3,72,55,80,1.0
2016-17,1610612744,GSW,Golden State Warriors,0021600813,2017-02-11T00:00:00,GSW @ OKC,W,48.0,46,87,0.529,13,31,0.419,25,35,0.714,10,30,40,28,12.0,10,3,8,22,23,130,16.0,1,1,1,1,4,17,40,20,29,39,31,14,6,63,29,67,64,52,15,26,74,79,59,14,9,27,1.0
2016-17,1610612744,GSW,Golden State Warriors,0021600803,2017-02-10T00:00:00,GSW @ MEM,W,48.0,39,77,0.506,15,33,0.455,29,38,0.763,5,29,34,31,12.0,14,13,4,26,28,122,15.0,1,1,1,1,4,64,76,31,11,25,19,3,4,53,72,72,81,35,15,3,4,43,78,3,24,31,1.0
2016-17,1610612744,GSW,Golden State Warriors,0021600792,2017-02-08T00:00:00,GSW vs. CHI,W,48.0,48,85,0.565,15,28,0.536,12,13,0.923,5,40,45,37,13.0,9,5,2,17,17,123,31.0,1,1,1,1,4,13,51,10,11,59,4,65,76,6,72,13,33,6,25,41,49,11,19,56,21,7,1.0
2016-17,1610612744,GSW,Golden State Warriors,0021600764,2017-02-04T00:00:00,GSW @ SAC,L,53.0,36,87,0.414,15,44,0.341,19,24,0.792,7,33,40,22,18.0,10,10,4,17,18,106,-3.0,1,68,68,68,2,76,40,78,11,2,56,26,27,38,55,49,64,79,65,26,12,43,19,47,65,70,1.0
2016-17,1610612744,GSW,Golden State Warriors,0021600745,2017-02-02T00:00:00,GSW @ LAC,W,48.0,52,99,0.525,14,34,0.412,15,18,0.833,15,31,46,38,12.0,10,2,7,26,18,133,13.0,1,1,1,1,4,4,5,23,18,21,33,46,56,24,5,57,24,5,15,26,78,74,78,47,7,36,1.0
2016-17,1610612744,GSW,Golden State Warriors,0021600741,2017-02-01T00:00:00,GSW vs. CHA,W,48.0,47,96,0.49,21,48,0.438,11,14,0.786,9,38,47,35,10.0,9,13,3,18,14,126,15.0,1,1,1,1,4,14,6,42,1,1,26,74,72,45,35,25,21,14,6,41,4,26,28,72,15,31,1.0
2016-17,1610612744,GSW,Golden State Warriors,0021600718,2017-01-29T00:00:00,GSW @ POR,W,48.0,36,79,0.456,8,26,0.308,33,39,0.846,8,31,39,28,18.0,13,6,2,18,24,113,2.0,1,1,1,1,4,76,73,61,69,68,64,1,1,21,47,57,68,52,65,12,40,11,28,11,47,66,1.0
2016-17,1610612744,GSW,Golden State Warriors,0021600707,2017-01-28T00:00:00,GSW vs. LAC,W,48.0,57,92,0.62,17,34,0.5,13,16,0.813,9,39,48,35,11.0,9,7,2,17,18,144,46.0,1,1,1,1,4,1,13,2,5,21,10,58,66,33,35,20,18,14,10,41,29,11,19,47,2,1,1.0
2016-17,1610612744,GSW,Golden State Warriors,0021600687,2017-01-25T00:00:00,GSW @ CHA,W,48.0,39,82,0.476,11,28,0.393,24,27,0.889,5,36,41,23,12.0,7,14,6,19,18,113,10.0,1,1,1,1,4,64,67,51,46,59,39,17,20,12,72,34,58,75,15,64,1,64,38,47,47,45,1.0
2016-17,1610612744,GSW,Golden State Warriors,0021600668,2017-01-23T00:00:00,GSW @ MIA,L,48.0,41,88,0.466,8,30,0.267,12,20,0.6,7,36,43,27,14.0,9,4,4,20,19,102,-3.0,1,68,68,68,4,52,33,57,69,44,74,65,47,77,55,34,46,57,33,41,60,43,45,38,74,70,1.0
2016-17,1610612744,GSW,Golden State Warriors,0021600661,2017-01-22T00:00:00,GSW @ ORL,W,48.0,42,89,0.472,19,42,0.452,15,19,0.789,13,39,52,27,19.0,8,4,7,15,21,118,20.0,1,1,1,1,4,46,23,52,3,5,22,46,53,42,10,20,10,57,74,56,60,74,8,27,37,22,1.0
2016-17,1610612744,GSW,Golden State Warriors,0021600646,2017-01-20T00:00:00,GSW @ HOU,W,48.0,47,89,0.528,15,38,0.395,16,21,0.762,8,33,41,30,15.0,8,7,3,18,17,125,17.0,1,1,1,1,4,14,23,21,11,7,38,40,43,54,47,49,58,44,37,56,29,26,28,56,17,24,1.0
2016-17,1610612744,GSW,Golden State Warriors,0021600634,2017-01-18T00:00:00,GSW vs. OKC,W,48.0,46,85,0.541,10,21,0.476,19,27,0.704,11,35,46,35,18.0,11,8,6,16,22,121,21.0,1,1,1,1,4,17,51,17,56,80,15,26,20,68,25,39,24,14,65,20,23,64,12,18,28,20,1.0
2016-17,1610612744,GSW,Golden State Warriors,0021600619,2017-01-16T00:00:00,GSW vs. CLE,W,48.0,46,91,0.505,15,34,0.441,19,24,0.792,11,47,58,37,17.0,10,11,4,22,21,126,35.0,1,1,1,1,4,17,16,37,11,21,24,26,27,38,25,2,2,6,57,26,8,43,59,27,15,6,1.0
2016-17,1610612744,GSW,Golden State Warriors,0021600590,2017-01-12T00:00:00,GSW vs. DET,W,48.0,50,89,0.562,15,29,0.517,12,18,0.667,6,31,37,39,18.0,14,4,4,14,19,127,20.0,1,1,1,1,4,6,23,11,11,53,8,65,56,73,65,57,74,4,65,3,60,43,5,38,10,22,1.0
2016-17,1610612744,GSW,Golden State Warriors,0021600578,2017-01-10T00:00:00,GSW vs. MIA,W,48.0,39,86,0.453,11,27,0.407,18,22,0.818,5,43,48,28,11.0,6,7,4,16,22,107,12.0,1,1,1,1,4,64,48,64,46,65,35,34,38,31,72,4,18,52,10,72,29,43,12,18,63,40,1.0
2016-17,1610612744,GSW,Golden State Warriors,0021600566,2017-01-08T00:00:00,GSW @ SAC,W,48.0,45,89,0.506,10,29,0.345,17,20,0.85,13,33,46,33,17.0,11,6,5,22,17,117,11.0,1,1,1,1,4,23,23,35,56,53,53,35,47,19,10,49,24,21,57,20,40,56,59,56,38,43,1.0
2016-17,1610612744,GSW,Golden State Warriors,0021600550,2017-01-06T00:00:00,GSW vs. MEM,L,53.0,41,83,0.494,8,30,0.267,29,39,0.744,7,37,44,23,16.0,7,5,0,21,28,119,-9.0,1,68,68,68,2,52,62,41,69,44,74,3,1,58,55,30,39,75,48,64,49,1,55,3,33,76,1.0
2016-17,1610612744,GSW,Golden State Warriors,0021600534,2017-01-04T00:00:00,GSW vs. POR,W,48.0,44,87,0.506,13,36,0.361,24,29,0.828,8,31,39,31,15.0,14,9,5,20,26,125,8.0,1,1,1,1,4,32,40,33,29,11,47,17,15,27,47,57,68,35,37,3,19,56,45,6,17,52,1.0
2016-17,1610612744,GSW,Golden State Warriors,0021600520,2017-01-02T00:00:00,GSW vs. DEN,W,48.0,50,95,0.526,11,25,0.44,16,21,0.762,12,31,43,33,13.0,7,2,2,14,21,127,8.0,1,1,1,1,4,6,9,22,46,72,25,40,43,54,19,57,46,21,25,64,78,11,5,27,10,52,1.0
2016-17,1610612744,GSW,Golden State Warriors,0021600501,2016-12-30T00:00:00,GSW vs. DAL,W,48.0,42,84,0.5,11,33,0.333,13,15,0.867,4,39,43,31,13.0,5,4,7,12,12,108,9.0,1,1,1,1,4,46,57,38,46,25,57,58,70,17,78,20,46,35,25,77,60,74,1,77,60,49,1.0
2016-17,1610612744,GSW,Golden State Warriors,0021600485,2016-12-28T00:00:00,GSW vs. TOR,W,48.0,46,81,0.568,14,23,0.609,15,18,0.833,9,42,51,33,20.0,4,9,6,16,18,121,10.0,1,1,1,1,4,17,68,9,18,76,2,46,56,24,35,6,12,21,76,80,19,64,12,47,28,45,1.0
2016-17,1610612744,GSW,Golden State Warriors,0021600457,2016-12-25T00:00:00,GSW @ CLE,L,48.0,37,77,0.481,9,30,0.3,25,29,0.862,5,37,42,25,20.0,8,4,2,24,19,108,-1.0,1,68,68,68,4,73,76,50,62,44,66,14,15,18,72,30,55,65,76,56,60,11,72,38,60,68,1.0
2016-17,1610612744,GSW,Golden State Warriors,0021600446,2016-12-23T00:00:00,GSW @ DET,W,48.0,43,77,0.558,11,27,0.407,22,24,0.917,4,37,41,35,23.0,9,2,3,21,22,119,6.0,1,1,1,1,4,38,76,13,46,65,35,23,27,9,78,30,58,14,81,41,78,26,55,18,33,60,1.0
2016-17,1610612744,GSW,Golden State Warriors,0021600437,2016-12-22T00:00:00,GSW @ BKN,W,48.0,47,104,0.452,12,37,0.324,11,14,0.786,11,40,51,29,13.0,19,7,6,19,15,117,16.0,1,1,1,1,4,14,1,67,40,9,60,74,72,45,25,13,12,51,25,1,29,64,38,68,38,27,1.0
2016-17,1610612744,GSW,Golden State Warriors,0021600427,2016-12-20T00:00:00,GSW vs. UTA,W,48.0,40,90,0.444,9,23,0.391,15,17,0.882,9,41,50,24,10.0,13,3,3,18,17,104,30.0,1,1,1,1,4,58,18,69,62,76,41,46,61,15,35,10,14,72,6,12,74,26,28,56,71,8,1.0
2016-17,1610612744,GSW,Golden State Warriors,0021600405,2016-12-17T00:00:00,GSW vs. POR,W,48.0,51,87,0.586,14,28,0.5,19,26,0.731,9,47,56,36,15.0,7,5,4,16,19,135,45.0,1,1,1,1,4,5,40,5,18,59,10,26,23,61,35,2,4,11,37,64,49,43,12,38,6,2,1.0
2016-17,1610612744,GSW,Golden State Warriors,0021600388,2016-12-15T00:00:00,GSW vs. NYK,W,48.0,45,96,0.469,9,32,0.281,4,8,0.5,15,42,57,41,17.0,7,10,5,17,10,103,13.0,1,1,1,1,4,23,6,56,62,32,69,82,82,82,5,6,3,3,57,64,12,56,19,81,73,36,1.0
2016-17,1610612744,GSW,Golden State Warriors,0021600371,2016-12-13T00:00:00,GSW @ NOP,W,48.0,42,95,0.442,14,34,0.412,15,19,0.789,9,36,45,30,12.0,6,5,11,12,18,113,4.0,1,1,1,1,4,46,9,71,18,21,33,46,53,42,35,34,33,44,15,72,49,82,1,47,47,64,1.0
2016-17,1610612744,GSW,Golden State Warriors,0021600358,2016-12-11T00:00:00,GSW @ MIN,W,48.0,38,83,0.458,13,32,0.406,27,30,0.9,6,31,37,30,9.0,9,4,2,24,21,116,8.0,1,1,1,1,4,72,62,60,29,32,37,8,14,10,65,57,74,44,3,41,60,11,72,27,41,52,1.0
2016-17,1610612744,GSW,Golden State Warriors,0021600351,2016-12-10T00:00:00,GSW @ MEM,L,48.0,34,77,0.442,9,27,0.333,12,20,0.6,10,32,42,15,23.0,6,8,5,23,19,89,-21.0,1,68,68,68,4,79,76,73,62,65,57,65,47,77,29,53,55,82,81,72,23,56,68,38,79,79,1.0
2016-17,1610612744,GSW,Golden State Warriors,0021600335,2016-12-08T00:00:00,GSW @ UTA,W,48.0,39,80,0.488,12,29,0.414,16,23,0.696,9,38,47,26,17.0,10,4,2,23,22,106,7.0,1,1,1,1,4,64,71,46,40,53,32,40,33,70,35,25,21,62,57,26,60,11,68,18,65,57,1.0
2016-17,1610612744,GSW,Golden State Warriors,0021600330,2016-12-07T00:00:00,GSW @ LAC,W,48.0,42,89,0.472,7,31,0.226,24,29,0.828,12,34,46,32,10.0,11,5,2,24,24,115,17.0,1,1,1,1,4,46,23,52,75,39,77,17,15,27,19,43,24,31,6,20,49,11,72,11,44,24,1.0
2016-17,1610612744,GSW,Golden State Warriors,0021600314,2016-12-05T00:00:00,GSW vs. IND,W,48.0,54,104,0.519,14,37,0.378,20,26,0.769,16,38,54,45,11.0,12,13,5,22,21,142,36.0,1,1,1,1,4,2,1,25,18,9,44,25,23,50,3,25,5,2,10,16,4,56,59,27,3,5,1.0
2016-17,1610612744,GSW,Golden State Warriors,0021600299,2016-12-03T00:00:00,GSW vs. PHX,W,48.0,49,78,0.628,14,21,0.667,26,34,0.765,6,32,38,37,17.0,9,5,2,19,29,138,29.0,1,1,1,1,4,11,74,1,18,80,1,11,9,51,65,53,72,6,57,41,49,11,38,1,5,10,1.0
2016-17,1610612744,GSW,Golden State Warriors,0021600281,2016-12-01T00:00:00,GSW vs. HOU,L,58.0,43,104,0.413,12,44,0.273,29,37,0.784,13,41,54,31,17.0,12,7,4,27,28,127,-5.0,1,68,68,68,1,38,1,79,40,2,72,3,5,47,10,10,5,35,57,16,29,43,80,3,10,73,1.0
2016-17,1610612744,GSW,Golden State Warriors,0021600259,2016-11-28T00:00:00,GSW vs. ATL,W,48.0,37,85,0.435,12,35,0.343,19,24,0.792,7,34,41,25,15.0,6,10,4,20,22,105,5.0,1,1,1,1,4,73,51,75,40,18,55,26,27,38,55,43,58,65,37,72,12,43,45,18,70,63,1.0
2016-17,1610612744,GSW,Golden State Warriors,0021600244,2016-11-26T00:00:00,GSW vs. MIN,W,48.0,45,81,0.556,11,22,0.5,14,17,0.824,12,33,45,25,18.0,9,8,3,14,15,115,13.0,1,1,1,1,4,23,68,14,46,79,10,54,61,30,19,49,33,65,65,41,23,26,5,68,44,36,1.0
2016-17,1610612744,GSW,Golden State Warriors,0021600238,2016-11-25T00:00:00,GSW @ LAL,W,48.0,43,83,0.518,11,28,0.393,12,17,0.706,4,40,44,31,18.0,10,10,3,21,16,109,24.0,1,1,1,1,4,38,62,26,46,59,39,65,61,66,78,13,39,35,65,26,12,26,55,64,57,14,1.0
2016-17,1610612744,GSW,Golden State Warriors,0021600223,2016-11-23T00:00:00,GSW vs. LAL,W,48.0,53,86,0.616,19,36,0.528,24,35,0.686,6,42,48,47,10.0,7,5,1,20,25,149,43.0,1,1,1,1,4,3,48,3,3,11,5,17,6,71,65,6,18,1,6,64,49,4,45,9,1,3,1.0
2016-17,1610612744,GSW,Golden State Warriors,0021600202,2016-11-21T00:00:00,GSW @ IND,W,48.0,40,90,0.444,13,36,0.361,27,32,0.844,12,48,60,31,12.0,9,10,4,17,23,120,37.0,1,1,1,1,4,58,18,69,29,11,47,8,11,23,19,1,1,35,15,41,12,43,19,14,31,4,1.0
2016-17,1610612744,GSW,Golden State Warriors,0021600191,2016-11-19T00:00:00,GSW @ MIL,W,48.0,42,95,0.442,14,38,0.368,26,32,0.813,18,27,45,30,12.0,8,5,1,25,23,124,3.0,1,1,1,1,4,46,9,71,18,7,46,11,11,33,2,78,33,44,15,56,49,4,76,14,20,65,1.0
2016-17,1610612744,GSW,Golden State Warriors,0021600179,2016-11-18T00:00:00,GSW @ BOS,W,48.0,44,90,0.489,9,28,0.321,7,12,0.583,9,41,50,33,11.0,10,7,3,20,12,104,16.0,1,1,1,1,4,32,18,44,62,59,62,80,78,80,35,10,14,21,10,26,29,26,45,77,71,27,1.0
2016-17,1610612744,GSW,Golden State Warriors,0021600165,2016-11-16T00:00:00,GSW @ TOR,W,48.0,44,87,0.506,13,36,0.361,26,28,0.929,7,28,35,33,12.0,9,7,1,25,22,127,6.0,1,1,1,1,4,32,40,33,29,11,47,11,18,4,55,75,77,21,15,41,29,4,76,18,10,60,1.0
2016-17,1610612744,GSW,Golden State Warriors,0021600143,2016-11-13T00:00:00,GSW vs. PHX,W,48.0,45,87,0.517,16,33,0.485,27,31,0.871,8,35,43,32,16.0,8,7,3,20,29,133,13.0,1,1,1,1,4,23,40,27,8,25,14,8,13,16,47,39,46,31,48,56,29,26,45,1,7,36,1.0
2016-17,1610612744,GSW,Golden State Warriors,0021600119,2016-11-10T00:00:00,GSW @ DEN,W,48.0,46,85,0.541,14,30,0.467,19,20,0.95,9,35,44,33,15.0,15,6,3,18,18,125,24.0,1,1,1,1,4,17,51,17,18,44,16,26,47,2,35,39,39,21,37,2,40,26,28,47,17,14,1.0
2016-17,1610612744,GSW,Golden State Warriors,0021600116,2016-11-09T00:00:00,GSW vs. DAL,W,48.0,43,74,0.581,17,33,0.515,13,22,0.591,5,34,39,33,15.0,3,5,2,22,20,116,21.0,1,1,1,1,4,38,81,6,5,25,9,58,38,79,72,43,68,21,37,81,49,11,59,33,41,20,1.0
2016-17,1610612744,GSW,Golden State Warriors,0021600099,2016-11-07T00:00:00,GSW vs. NOP,W,48.0,45,90,0.5,16,35,0.457,10,12,0.833,10,28,38,35,15.0,14,4,1,17,16,116,10.0,1,1,1,1,4,23,18,38,8,18,18,78,78,24,29,75,72,14,37,3,60,4,19,64,41,45,1.0
2016-17,1610612744,GSW,Golden State Warriors,0021600078,2016-11-04T00:00:00,GSW @ LAL,L,48.0,39,86,0.453,5,32,0.156,14,20,0.7,9,31,40,26,20.0,13,3,5,13,19,97,-20.0,1,68,68,68,4,64,48,64,81,32,82,54,47,69,35,57,64,62,76,12,74,56,3,38,78,78,1.0
2016-17,1610612744,GSW,Golden State Warriors,0021600069,2016-11-03T00:00:00,GSW vs. OKC,W,48.0,46,89,0.517,14,30,0.467,16,20,0.8,15,31,46,27,16.0,9,14,6,18,20,122,26.0,1,1,1,1,4,17,23,28,18,44,16,40,47,36,5,57,24,57,48,41,1,64,28,33,24,11,1.0
2016-17,1610612744,GSW,Golden State Warriors,0021600054,2016-11-01T00:00:00,GSW @ POR,W,48.0,50,89,0.562,10,26,0.385,17,23,0.739,7,38,45,36,16.0,14,4,4,19,17,127,23.0,1,1,1,1,4,6,23,11,56,68,42,35,33,59,55,25,33,11,48,3,60,43,38,56,10,17,1.0
2016-17,1610612744,GSW,Golden State Warriors,0021600036,2016-10-30T00:00:00,GSW @ PHX,W,48.0,35,83,0.422,8,29,0.276,28,33,0.848,7,36,43,27,16.0,6,5,6,23,26,106,6.0,1,1,1,1,4,78,62,76,69,53,70,6,10,20,55,34,46,57,48,72,49,64,68,6,65,60,1.0
2016-17,1610612744,GSW,Golden State Warriors,0021600025,2016-10-28T00:00:00,GSW @ NOP,W,48.0,44,91,0.484,9,28,0.321,25,28,0.893,9,40,49,32,14.0,8,2,5,22,24,122,8.0,1,1,1,1,4,32,16,48,62,59,62,14,18,11,35,13,16,31,33,56,78,56,59,11,24,52,1.0
2016-17,1610612744,GSW,Golden State Warriors,0021600003,2016-10-25T00:00:00,GSW vs. SAS,L,48.0,40,85,0.471,7,33,0.212,13,18,0.722,8,27,35,24,16.0,11,6,3,19,19,100,-29.0,1,68,68,68,4,58,51,55,75,25,78,58,56,62,47,78,77,72,48,20,40,26,38,38,76,82,1.0
2017-18,1610612744,GSW,Golden State Warriors,0021701217,2018-04-10T00:00:00,GSW @ UTA,L,48.0,30,86,0.349,5,19,0.263,14,16,0.875,9,30,39,14,16.0,7,3,6,18,20,79,-40.0,1,59,59,59,3,81,32,82,77,78,77,50,59,22,36,69,64,82,42,51,76,65,26,24,81,82,1.0
2017-18,1610612744,GSW,Golden State Warriors,0021701203,2018-04-08T00:00:00,GSW @ PHX,W,48.0,47,90,0.522,13,32,0.406,10,15,0.667,5,36,41,27,11.0,9,7,0,15,16,117,17.0,1,1,1,1,3,20,16,35,21,23,38,70,64,75,64,29,51,53,7,21,37,1,8,57,35,14,1.0
2017-18,1610612744,GSW,Golden State Warriors,0021701195,2018-04-07T00:00:00,GSW vs. NOP,L,48.0,49,90,0.544,15,33,0.455,7,11,0.636,8,34,42,31,17.0,3,0,6,21,16,120,-6.0,1,59,59,59,3,10,16,27,12,17,22,80,75,78,40,44,45,28,57,80,82,65,50,57,29,63,1.0
2017-18,1610612744,GSW,Golden State Warriors,0021701175,2018-04-05T00:00:00,GSW @ IND,L,48.0,37,83,0.446,9,29,0.31,23,24,0.958,13,26,39,29,16.0,6,5,3,14,24,106,-20.0,1,59,59,59,3,69,51,67,61,42,65,7,23,5,9,81,64,41,42,59,63,26,3,6,61,79,1.0
2017-18,1610612744,GSW,Golden State Warriors,0021701163,2018-04-03T00:00:00,GSW @ OKC,W,48.0,41,83,0.494,8,29,0.276,21,24,0.875,6,34,40,27,13.0,9,5,3,25,20,111,4.0,1,1,1,1,3,51,51,49,64,42,73,22,23,22,55,44,60,53,19,21,63,26,76,24,48,50,1.0
2017-18,1610612744,GSW,Golden State Warriors,0021701153,2018-04-01T00:00:00,GSW vs. PHX,W,48.0,48,89,0.539,13,28,0.464,8,9,0.889,7,38,45,31,15.0,10,7,4,14,12,117,10.0,1,1,1,1,3,11,20,29,21,46,19,79,80,18,45,19,31,28,30,12,37,45,3,79,35,33,1.0
2017-18,1610612744,GSW,Golden State Warriors,0021701142,2018-03-31T00:00:00,GSW @ SAC,W,48.0,41,83,0.494,9,26,0.346,21,28,0.75,6,36,42,28,11.0,9,6,6,18,23,112,16.0,1,1,1,1,3,51,51,49,61,55,56,22,7,61,55,29,45,47,7,21,51,65,26,9,44,17,1.0
2017-18,1610612744,GSW,Golden State Warriors,0021701128,2018-03-29T00:00:00,GSW vs. MIL,L,48.0,41,75,0.547,10,20,0.5,15,15,1.0,2,29,31,26,19.0,10,7,3,19,17,107,-9.0,1,59,59,59,3,51,79,26,49,75,7,45,64,1,80,72,81,57,71,12,37,26,37,48,59,69,1.0
2017-18,1610612744,GSW,Golden State Warriors,0021701114,2018-03-27T00:00:00,GSW vs. IND,L,48.0,35,86,0.407,5,17,0.294,6,9,0.667,17,34,51,21,17.0,4,9,2,17,14,81,-11.0,1,59,59,59,3,73,32,74,77,80,69,82,80,75,2,44,6,75,57,76,20,12,18,72,79,71,1.0
2017-18,1610612744,GSW,Golden State Warriors,0021701102,2018-03-25T00:00:00,GSW vs. UTA,L,48.0,38,91,0.418,6,15,0.4,9,10,0.9,14,27,41,24,11.0,9,7,8,19,16,91,-19.0,1,59,59,59,3,64,9,70,75,81,40,74,79,15,5,76,51,67,7,21,37,78,37,57,76,77,1.0
2017-18,1610612744,GSW,Golden State Warriors,0021701087,2018-03-23T00:00:00,GSW vs. ATL,W,48.0,42,93,0.452,12,30,0.4,10,11,0.909,10,36,46,28,7.0,8,6,5,17,14,106,12.0,1,1,1,1,3,46,8,66,31,33,40,70,75,11,26,29,27,47,1,34,51,54,18,72,61,30,1.0
2017-18,1610612744,GSW,Golden State Warriors,0021701056,2018-03-19T00:00:00,GSW @ SAS,L,48.0,30,74,0.405,3,19,0.158,12,16,0.75,2,34,36,17,15.0,7,9,5,24,20,75,-14.0,1,59,59,59,3,81,80,76,81,78,81,62,59,61,80,44,72,81,30,51,20,54,68,24,82,73,1.0
2017-18,1610612744,GSW,Golden State Warriors,0021701044,2018-03-17T00:00:00,GSW @ PHX,W,48.0,50,95,0.526,13,31,0.419,11,14,0.786,9,34,43,29,14.0,8,9,5,21,19,124,15.0,1,1,1,1,3,6,2,34,21,28,34,66,69,50,36,44,39,41,23,34,20,54,50,33,19,19,1.0
2017-18,1610612744,GSW,Golden State Warriors,0021701033,2018-03-16T00:00:00,GSW vs. SAC,L,48.0,34,81,0.42,12,26,0.462,13,18,0.722,9,31,40,21,12.0,10,5,4,21,16,93,-5.0,1,59,59,59,3,74,61,69,31,55,20,58,50,70,36,65,60,75,12,12,63,45,50,57,75,62,1.0
2017-18,1610612744,GSW,Golden State Warriors,0021701019,2018-03-14T00:00:00,GSW vs. LAL,W,48.0,44,81,0.543,6,20,0.3,23,28,0.821,11,39,50,25,21.0,8,6,8,24,19,117,11.0,1,1,1,1,3,33,61,28,75,75,68,7,7,43,18,14,10,62,76,34,51,78,68,33,35,31,1.0
2017-18,1610612744,GSW,Golden State Warriors,0021700994,2018-03-11T00:00:00,GSW @ MIN,L,48.0,37,91,0.407,10,36,0.278,19,21,0.905,12,38,50,22,13.0,6,7,3,17,15,103,-6.0,1,59,59,59,3,69,9,75,49,12,72,28,34,12,12,19,10,72,19,59,37,26,18,66,66,63,1.0
2017-18,1610612744,GSW,Golden State Warriors,0021700984,2018-03-09T00:00:00,GSW @ POR,L,48.0,38,78,0.487,12,28,0.429,20,24,0.833,6,27,33,20,12.0,5,3,2,20,17,108,-17.0,1,59,59,59,3,64,73,52,31,46,32,26,23,38,55,76,77,77,12,69,76,12,43,48,55,75,1.0
2017-18,1610612744,GSW,Golden State Warriors,0021700976,2018-03-08T00:00:00,GSW vs. SAS,W,48.0,41,95,0.432,8,30,0.267,20,23,0.87,12,37,49,30,10.0,6,12,3,18,20,110,3.0,1,1,1,1,3,51,2,68,64,33,76,26,28,26,12,24,15,36,3,59,6,26,26,24,50,54,1.0
2017-18,1610612744,GSW,Golden State Warriors,0021700963,2018-03-06T00:00:00,GSW vs. BKN,W,48.0,47,83,0.566,11,23,0.478,9,11,0.818,5,36,41,30,17.0,8,7,1,18,18,114,13.0,1,1,1,1,3,20,51,12,40,67,16,74,75,44,64,29,51,36,57,34,37,10,26,41,41,26,1.0
2017-18,1610612744,GSW,Golden State Warriors,0021700928,2018-03-02T00:00:00,GSW @ ATL,W,48.0,42,79,0.532,11,31,0.355,19,22,0.864,2,33,35,33,18.0,12,5,2,20,21,114,5.0,1,1,1,1,3,46,70,32,40,28,52,28,31,27,80,52,76,20,66,6,63,12,43,20,41,48,1.0
2017-18,1610612744,GSW,Golden State Warriors,0021700917,2018-02-28T00:00:00,GSW @ WAS,W,48.0,37,72,0.514,10,24,0.417,25,30,0.833,3,33,36,24,14.0,10,8,4,21,24,109,8.0,1,1,1,1,3,69,82,40,49,62,35,3,4,38,75,52,72,67,23,12,27,45,50,6,53,39,2.0
2017-18,1610612744,GSW,Golden State Warriors,0021700900,2018-02-26T00:00:00,GSW @ NYK,W,48.0,44,85,0.518,15,31,0.484,22,26,0.846,8,35,43,31,12.0,8,5,3,13,18,125,14.0,1,1,1,1,3,33,37,37,12,28,13,14,15,33,40,36,39,28,12,34,63,26,1,41,15,23,1.0
2017-18,1610612744,GSW,Golden State Warriors,0021700887,2018-02-24T00:00:00,GSW vs. OKC,W,48.0,42,89,0.472,17,38,0.447,11,13,0.846,12,42,54,36,16.0,8,6,3,21,17,112,32.0,1,1,1,1,3,46,20,60,5,5,25,66,71,33,12,7,3,10,42,34,51,26,50,48,44,3,1.0
2017-18,1610612744,GSW,Golden State Warriors,0021700872,2018-02-22T00:00:00,GSW vs. LAC,W,48.0,47,76,0.618,14,25,0.56,26,34,0.765,3,29,32,31,15.0,8,8,2,24,19,134,7.0,1,1,1,1,3,20,77,2,16,60,2,2,2,56,75,72,80,28,30,34,27,12,68,33,5,42,1.0
2017-18,1610612744,GSW,Golden State Warriors,0021700864,2018-02-14T00:00:00,GSW @ POR,L,48.0,43,90,0.478,13,37,0.351,18,19,0.947,8,33,41,24,16.0,8,7,0,24,18,117,-6.0,1,59,59,59,3,40,16,58,21,8,53,34,47,6,40,52,51,67,42,34,37,1,68,41,35,63,1.0
2017-18,1610612744,GSW,Golden State Warriors,0021700846,2018-02-12T00:00:00,GSW vs. PHX,W,48.0,52,89,0.584,11,26,0.423,14,21,0.667,7,42,49,36,12.0,8,16,3,18,17,129,46.0,1,1,1,1,3,3,20,7,40,55,33,50,34,75,45,7,15,10,12,34,1,26,26,48,8,2,1.0
2017-18,1610612744,GSW,Golden State Warriors,0021700831,2018-02-10T00:00:00,GSW vs. SAS,W,48.0,48,85,0.565,12,27,0.444,14,15,0.933,11,33,44,35,16.0,5,6,5,18,13,122,17.0,1,1,1,1,3,11,37,13,31,50,26,50,64,7,18,52,36,15,42,69,51,54,26,77,25,14,1.0
2017-18,1610612744,GSW,Golden State Warriors,0021700815,2018-02-08T00:00:00,GSW vs. DAL,W,48.0,45,88,0.511,14,29,0.483,17,20,0.85,18,33,51,37,16.0,6,7,7,18,16,121,18.0,1,1,1,1,3,31,25,41,16,42,14,38,41,31,1,52,6,4,42,59,37,76,26,57,26,13,1.0
2017-18,1610612744,GSW,Golden State Warriors,0021700803,2018-02-06T00:00:00,GSW vs. OKC,L,48.0,37,76,0.487,8,28,0.286,23,31,0.742,10,35,45,27,25.0,7,8,3,24,28,105,-20.0,1,59,59,59,3,69,77,53,64,46,71,7,3,68,26,36,31,53,80,51,27,26,68,1,65,79,1.0
2017-18,1610612744,GSW,Golden State Warriors,0021700782,2018-02-03T00:00:00,GSW @ DEN,L,48.0,43,86,0.5,8,31,0.258,14,23,0.609,11,31,42,28,14.0,9,10,0,23,17,108,-7.0,1,59,59,59,3,40,32,43,64,28,79,50,28,80,18,65,45,47,23,21,13,1,60,48,55,66,1.0
2017-18,1610612744,GSW,Golden State Warriors,0021700774,2018-02-02T00:00:00,GSW @ SAC,W,48.0,44,80,0.55,17,33,0.515,14,16,0.875,7,44,51,25,25.0,8,4,3,19,14,119,15.0,1,1,1,1,3,33,65,22,5,17,6,50,59,22,45,4,6,62,80,34,71,26,37,72,31,19,1.0
2017-18,1610612744,GSW,Golden State Warriors,0021700751,2018-01-30T00:00:00,GSW @ UTA,L,48.0,39,85,0.459,5,25,0.2,16,21,0.762,11,26,37,27,20.0,10,7,3,16,22,99,-30.0,1,59,59,59,3,60,37,64,77,60,80,41,34,60,18,81,70,53,75,12,37,26,13,15,71,81,1.0
2017-18,1610612744,GSW,Golden State Warriors,0021700728,2018-01-27T00:00:00,GSW vs. BOS,W,48.0,38,84,0.452,10,27,0.37,23,26,0.885,10,33,43,19,12.0,9,9,2,17,23,109,4.0,1,1,1,1,3,64,45,65,49,50,47,7,15,19,26,52,39,80,12,21,20,12,18,9,53,50,1.0
2017-18,1610612744,GSW,Golden State Warriors,0021700713,2018-01-25T00:00:00,GSW vs. MIN,W,48.0,48,89,0.539,21,37,0.568,9,15,0.6,11,36,47,37,16.0,9,8,3,17,15,126,13.0,1,1,1,1,3,11,20,29,1,8,1,74,64,81,18,29,23,4,42,21,27,26,18,66,13,26,1.0
2017-18,1610612744,GSW,Golden State Warriors,0021700699,2018-01-23T00:00:00,GSW vs. NYK,W,48.0,46,83,0.554,13,30,0.433,18,20,0.9,3,33,36,40,12.0,6,3,0,16,20,123,11.0,1,1,1,1,3,28,51,20,21,33,28,34,41,15,75,52,72,2,12,59,76,1,13,24,23,31,1.0
2017-18,1610612744,GSW,Golden State Warriors,0021700679,2018-01-20T00:00:00,GSW @ HOU,L,48.0,40,82,0.488,17,36,0.472,11,15,0.733,4,29,33,31,19.0,8,10,3,24,18,108,-8.0,1,59,59,59,3,56,57,51,5,12,18,66,64,69,70,72,77,28,71,34,13,26,68,41,55,67,2.0
2017-18,1610612744,GSW,Golden State Warriors,0021700657,2018-01-17T00:00:00,GSW @ CHI,W,48.0,42,84,0.5,13,33,0.394,22,25,0.88,5,44,49,24,15.0,5,3,2,16,19,119,7.0,1,1,1,1,3,46,45,43,21,17,43,14,20,20,64,4,15,67,30,69,76,12,13,33,31,42,1.0
2017-18,1610612744,GSW,Golden State Warriors,0021700646,2018-01-15T00:00:00,GSW @ CLE,W,48.0,41,85,0.482,12,32,0.375,24,30,0.8,13,35,48,33,17.0,8,6,5,23,22,118,10.0,1,1,1,1,3,51,37,55,31,23,45,5,4,48,9,36,21,20,57,34,51,54,60,15,33,33,1.0
2017-18,1610612744,GSW,Golden State Warriors,0021700631,2018-01-13T00:00:00,GSW @ TOR,W,48.0,47,81,0.58,9,24,0.375,24,28,0.857,3,27,30,28,7.0,4,3,2,20,23,127,2.0,1,1,1,1,3,20,61,10,61,62,45,5,7,29,75,76,82,47,1,76,76,12,43,9,10,57,1.0
2017-18,1610612744,GSW,Golden State Warriors,0021700622,2018-01-12T00:00:00,GSW @ MIL,W,48.0,44,79,0.557,5,15,0.333,15,18,0.833,10,33,43,28,11.0,7,3,6,13,20,108,14.0,1,1,1,1,3,33,70,19,77,81,58,45,50,38,26,52,39,47,7,51,76,65,1,24,55,23,1.0
2017-18,1610612744,GSW,Golden State Warriors,0021700613,2018-01-10T00:00:00,GSW vs. LAC,L,48.0,38,79,0.481,8,23,0.348,22,26,0.846,4,29,33,26,16.0,9,6,3,21,19,106,-19.0,1,59,59,59,3,64,70,57,64,67,54,14,15,33,70,72,77,57,42,21,51,26,50,33,61,77,1.0
2017-18,1610612744,GSW,Golden State Warriors,0021700597,2018-01-08T00:00:00,GSW vs. DEN,W,48.0,48,85,0.565,13,30,0.433,15,21,0.714,10,33,43,33,16.0,7,10,3,15,16,124,10.0,1,1,1,1,3,11,37,13,21,33,28,45,34,71,26,52,39,20,42,51,13,26,8,57,19,33,1.0
2017-18,1610612744,GSW,Golden State Warriors,0021700578,2018-01-06T00:00:00,GSW @ LAC,W,48.0,39,94,0.415,13,39,0.333,30,37,0.811,14,40,54,31,17.0,13,10,7,25,25,121,16.0,1,1,1,1,3,60,5,71,21,3,58,1,1,47,5,10,3,28,57,4,13,76,76,4,26,17,1.0
2017-18,1610612744,GSW,Golden State Warriors,0021700566,2018-01-04T00:00:00,GSW @ HOU,W,48.0,48,87,0.552,13,30,0.433,15,20,0.75,6,39,45,35,13.0,6,6,3,18,17,124,10.0,1,1,1,1,3,11,28,21,21,33,28,45,41,61,55,14,31,15,19,59,51,26,26,48,19,33,1.0
2017-18,1610612744,GSW,Golden State Warriors,0021700562,2018-01-03T00:00:00,GSW @ DAL,W,48.0,48,91,0.527,13,32,0.406,16,19,0.842,7,39,46,36,14.0,8,7,2,21,17,125,3.0,1,1,1,1,3,11,9,33,21,23,38,41,47,37,45,14,27,10,23,34,37,12,50,48,15,54,1.0
2017-18,1610612744,GSW,Golden State Warriors,0021700535,2017-12-30T00:00:00,GSW vs. MEM,W,48.0,50,85,0.588,18,33,0.545,23,25,0.92,7,31,38,37,10.0,3,6,0,17,22,141,13.0,1,1,1,1,3,6,37,5,2,17,3,7,20,9,45,65,68,4,3,80,51,1,18,15,2,26,1.0
2017-18,1610612744,GSW,Golden State Warriors,0021700528,2017-12-29T00:00:00,GSW vs. CHA,L,48.0,40,87,0.46,8,22,0.364,12,13,0.923,8,35,43,32,18.0,6,5,6,25,10,100,-11.0,1,59,59,59,3,56,28,62,64,72,51,62,71,8,40,36,39,25,66,59,63,65,76,80,70,71,1.0
2017-18,1610612744,GSW,Golden State Warriors,0021700514,2017-12-27T00:00:00,GSW vs. UTA,W,48.0,51,86,0.593,11,23,0.478,13,17,0.765,4,46,50,37,16.0,8,7,2,18,22,126,25.0,1,1,1,1,3,5,32,4,40,67,16,58,54,56,70,2,10,4,42,34,37,12,26,15,13,7,1.0
2017-18,1610612744,GSW,Golden State Warriors,0021700494,2017-12-25T00:00:00,GSW vs. CLE,W,48.0,38,82,0.463,10,37,0.27,13,17,0.765,10,37,47,28,15.0,7,7,0,18,19,99,7.0,1,1,1,1,3,64,57,61,49,8,74,58,54,56,26,24,23,47,30,51,37,1,26,33,71,42,1.0
2017-18,1610612744,GSW,Golden State Warriors,0021700489,2017-12-23T00:00:00,GSW vs. DEN,L,48.0,32,84,0.381,3,27,0.111,14,17,0.824,11,27,38,25,18.0,14,8,4,14,14,81,-15.0,1,59,59,59,3,79,45,80,81,50,82,50,54,42,18,76,68,62,66,2,27,45,3,72,79,74,1.0
2017-18,1610612744,GSW,Golden State Warriors,0021700479,2017-12-22T00:00:00,GSW vs. LAL,W,48.0,42,85,0.494,7,24,0.292,22,27,0.815,10,32,42,24,16.0,9,13,5,17,23,113,7.0,1,1,1,1,3,46,37,48,71,62,70,14,11,45,26,62,45,67,42,21,4,54,18,9,43,42,1.0
2017-18,1610612744,GSW,Golden State Warriors,0021700464,2017-12-20T00:00:00,GSW vs. MEM,W,48.0,34,74,0.459,7,21,0.333,22,25,0.88,14,30,44,26,16.0,9,8,6,19,23,97,13.0,1,1,1,1,3,74,80,63,71,74,58,14,20,20,5,69,36,57,42,21,27,65,37,9,73,26,1.0
2017-18,1610612744,GSW,Golden State Warriors,0021700450,2017-12-18T00:00:00,GSW @ LAL,W,53.0,43,107,0.402,11,34,0.324,19,21,0.905,15,46,61,25,15.0,6,10,9,26,26,116,2.0,1,1,1,1,1,40,1,78,40,16,61,28,34,12,3,2,1,62,30,59,13,81,80,2,40,57,1.0
2017-18,1610612744,GSW,Golden State Warriors,0021700417,2017-12-14T00:00:00,GSW vs. DAL,W,48.0,47,78,0.603,11,22,0.5,7,9,0.778,4,37,41,35,16.0,7,4,1,22,16,112,15.0,1,1,1,1,3,20,73,3,40,72,7,80,80,51,70,24,51,15,42,51,71,10,59,57,44,19,1.0
2017-18,1610612744,GSW,Golden State Warriors,0021700395,2017-12-11T00:00:00,GSW vs. POR,W,48.0,44,80,0.55,10,20,0.5,13,17,0.765,6,36,42,26,14.0,5,9,2,16,18,111,7.0,1,1,1,1,3,33,65,22,49,75,7,58,54,56,55,29,45,57,23,69,20,12,13,41,48,42,1.0
2017-18,1610612744,GSW,Golden State Warriors,0021700368,2017-12-08T00:00:00,GSW @ DET,W,48.0,39,81,0.481,7,26,0.269,17,22,0.773,5,40,45,29,14.0,5,15,2,19,17,102,4.0,1,1,1,1,3,60,61,56,71,55,75,38,31,53,64,10,31,41,23,69,2,12,37,48,67,50,1.0
2017-18,1610612744,GSW,Golden State Warriors,0021700358,2017-12-06T00:00:00,GSW @ CHA,W,48.0,40,84,0.476,11,30,0.367,10,13,0.769,8,39,47,26,15.0,8,12,3,20,13,101,14.0,1,1,1,1,3,56,45,59,40,33,49,70,71,54,40,14,23,57,30,34,6,26,43,77,68,23,1.0
2017-18,1610612744,GSW,Golden State Warriors,0021700346,2017-12-04T00:00:00,GSW @ NOP,W,48.0,45,87,0.517,16,33,0.485,19,27,0.704,5,35,40,36,17.0,14,5,4,17,26,125,10.0,1,1,1,1,3,31,28,38,8,17,12,28,11,73,64,36,60,10,57,2,63,45,18,2,15,33,1.0
2017-18,1610612744,GSW,Golden State Warriors,0021700335,2017-12-03T00:00:00,GSW @ MIA,W,48.0,47,84,0.56,11,30,0.367,18,24,0.75,7,34,41,32,10.0,4,4,4,14,15,123,28.0,1,1,1,1,3,20,45,16,40,33,49,34,23,61,45,44,51,25,3,76,71,45,3,66,23,5,1.0
2017-18,1610612744,GSW,Golden State Warriors,0021700318,2017-12-01T00:00:00,GSW @ ORL,W,48.0,55,88,0.625,12,24,0.5,11,11,1.0,7,35,42,46,19.0,9,11,4,16,15,133,21.0,1,1,1,1,3,1,25,1,31,62,7,66,75,1,45,36,45,1,71,21,9,45,13,66,6,9,1.0
2017-18,1610612744,GSW,Golden State Warriors,0021700312,2017-11-29T00:00:00,GSW @ LAL,W,53.0,47,94,0.5,12,30,0.4,21,28,0.75,12,37,49,30,22.0,10,4,5,19,23,127,4.0,1,1,1,1,1,20,5,43,31,33,40,22,7,61,12,24,15,36,77,12,71,54,37,9,10,50,1.0
2017-18,1610612744,GSW,Golden State Warriors,0021700296,2017-11-27T00:00:00,GSW vs. SAC,L,48.0,40,80,0.5,16,37,0.432,10,14,0.714,9,27,36,31,15.0,9,6,6,15,15,106,-4.0,1,59,59,59,3,56,65,43,8,8,31,70,69,71,36,76,72,28,30,21,51,65,8,66,61,60,1.0
2017-18,1610612744,GSW,Golden State Warriors,0021700284,2017-11-25T00:00:00,GSW vs. NOP,W,48.0,39,94,0.415,10,33,0.303,22,27,0.815,11,33,44,30,10.0,11,6,9,24,24,110,15.0,1,1,1,1,3,60,5,71,49,17,67,14,11,45,18,52,36,36,3,8,51,81,68,6,50,19,1.0
2017-18,1610612744,GSW,Golden State Warriors,0021700276,2017-11-24T00:00:00,GSW vs. CHI,W,48.0,53,91,0.582,16,36,0.444,21,21,1.0,6,43,49,36,11.0,11,11,2,15,17,143,49.0,1,1,1,1,3,2,9,9,8,12,26,22,34,1,55,6,15,10,7,8,9,12,8,48,1,1,1.0
2017-18,1610612744,GSW,Golden State Warriors,0021700263,2017-11-22T00:00:00,GSW @ OKC,L,48.0,33,80,0.413,10,31,0.323,15,18,0.833,7,32,39,22,22.0,11,8,5,20,21,91,-17.0,1,59,59,59,3,76,65,73,49,28,62,45,50,38,45,62,64,72,77,8,27,54,43,20,76,75,2.0
2017-18,1610612744,GSW,Golden State Warriors,0021700236,2017-11-19T00:00:00,GSW @ BKN,W,48.0,46,90,0.511,10,24,0.417,16,23,0.696,6,51,57,29,15.0,8,14,2,27,21,118,7.0,1,1,1,1,3,28,16,42,49,62,35,41,28,74,55,1,2,41,30,34,3,12,81,20,33,42,1.0
2017-18,1610612744,GSW,Golden State Warriors,0021700231,2017-11-18T00:00:00,GSW @ PHI,W,48.0,50,91,0.549,7,23,0.304,17,20,0.85,11,37,48,25,13.0,5,6,5,18,22,124,8.0,1,1,1,1,3,6,9,24,71,67,66,38,41,31,18,24,21,62,19,69,51,54,26,15,19,39,1.0
2017-18,1610612744,GSW,Golden State Warriors,0021700215,2017-11-16T00:00:00,GSW @ BOS,L,48.0,33,82,0.402,10,32,0.313,12,19,0.632,7,40,47,22,15.0,9,10,5,24,15,88,-4.0,1,59,59,59,3,76,57,77,49,23,64,62,47,79,45,10,23,72,30,21,13,54,68,66,78,60,1.0
2017-18,1610612744,GSW,Golden State Warriors,0021700199,2017-11-13T00:00:00,GSW vs. ORL,W,48.0,44,88,0.5,8,23,0.348,14,16,0.875,12,38,50,35,16.0,4,5,3,21,18,110,10.0,1,1,1,1,3,33,25,43,64,67,54,50,59,22,12,19,10,15,42,76,63,26,50,41,50,33,1.0
2017-18,1610612744,GSW,Golden State Warriors,0021700184,2017-11-11T00:00:00,GSW vs. PHI,W,48.0,48,82,0.585,14,27,0.519,25,26,0.962,4,35,39,31,22.0,15,11,2,23,19,135,21.0,1,1,1,1,3,11,57,6,16,50,5,3,15,4,70,36,64,28,77,1,9,12,60,33,4,9,1.0
2017-18,1610612744,GSW,Golden State Warriors,0021700163,2017-11-08T00:00:00,GSW vs. MIN,W,48.0,48,85,0.565,15,36,0.417,14,18,0.778,3,42,45,37,19.0,10,9,0,23,14,125,24.0,1,1,1,1,3,11,37,13,12,12,35,50,50,51,75,7,31,4,71,12,20,1,60,72,15,8,1.0
2017-18,1610612744,GSW,Golden State Warriors,0021700148,2017-11-06T00:00:00,GSW vs. MIA,W,48.0,32,87,0.368,11,32,0.344,22,24,0.917,13,38,51,20,15.0,12,10,6,21,20,97,17.0,1,1,1,1,3,79,28,81,40,23,57,14,23,10,9,19,6,77,30,6,13,65,50,24,73,14,1.0
2017-18,1610612744,GSW,Golden State Warriors,0021700135,2017-11-04T00:00:00,GSW @ DEN,W,48.0,50,91,0.549,18,40,0.45,9,17,0.529,7,34,41,38,15.0,13,4,6,23,18,127,19.0,1,1,1,1,3,6,9,24,2,1,23,74,54,82,45,44,51,3,30,4,71,65,60,41,10,12,1.0
2017-18,1610612744,GSW,Golden State Warriors,0021700117,2017-11-02T00:00:00,GSW @ SAS,W,48.0,43,83,0.518,14,28,0.5,12,16,0.75,5,36,41,30,14.0,11,12,8,20,10,112,20.0,1,1,1,1,3,40,51,36,16,46,7,62,59,61,64,29,51,36,23,8,6,78,43,80,44,11,2.0
2017-18,1610612744,GSW,Golden State Warriors,0021700100,2017-10-30T00:00:00,GSW @ LAC,W,48.0,52,89,0.584,14,29,0.483,23,30,0.767,14,32,46,37,12.0,8,8,3,23,20,141,28.0,1,1,1,1,3,3,20,7,16,42,14,7,4,55,5,62,27,4,12,34,27,26,60,24,2,5,2.0
2017-18,1610612744,GSW,Golden State Warriors,0021700091,2017-10-29T00:00:00,GSW vs. DET,L,48.0,44,77,0.571,10,27,0.37,9,12,0.75,10,30,40,29,26.0,3,11,0,14,9,107,-8.0,1,59,59,59,3,33,75,11,49,50,47,74,74,61,26,69,60,41,82,80,9,1,3,82,59,67,1.0
2017-18,1610612744,GSW,Golden State Warriors,0021700075,2017-10-27T00:00:00,GSW vs. WAS,W,48.0,46,95,0.484,10,38,0.263,18,20,0.9,15,38,53,33,18.0,7,13,6,20,21,120,3.0,1,1,1,1,3,28,2,54,49,5,77,34,41,15,3,19,5,20,66,51,4,65,43,20,29,54,1.0
2017-18,1610612744,GSW,Golden State Warriors,0021700063,2017-10-25T00:00:00,GSW vs. TOR,W,48.0,43,77,0.558,12,26,0.462,19,22,0.864,6,31,37,32,17.0,10,7,6,15,16,117,5.0,1,1,1,1,3,40,75,17,31,55,20,28,31,27,55,65,70,25,57,12,37,65,8,57,35,48,1.0
2017-18,1610612744,GSW,Golden State Warriors,0021700045,2017-10-23T00:00:00,GSW @ DAL,W,48.0,48,86,0.558,15,39,0.385,22,26,0.846,10,40,50,33,16.0,6,8,0,23,20,133,30.0,1,1,1,1,3,11,32,18,12,3,44,14,15,33,26,10,10,20,42,59,27,1,60,24,6,4,1.0
2017-18,1610612744,GSW,Golden State Warriors,0021700033,2017-10-21T00:00:00,GSW @ MEM,L,48.0,33,84,0.393,12,38,0.316,23,27,0.852,12,34,46,20,17.0,10,7,4,28,25,101,-10.0,1,59,59,59,3,76,45,79,31,5,63,7,11,30,12,44,27,77,57,12,37,45,82,4,68,70,1.0
2017-18,1610612744,GSW,Golden State Warriors,0021700025,2017-10-20T00:00:00,GSW @ NOP,W,48.0,47,91,0.516,18,40,0.45,16,20,0.8,10,39,49,29,18.0,6,8,4,23,19,128,8.0,1,1,1,1,3,20,9,39,2,1,23,41,41,48,26,14,15,41,66,59,27,45,60,33,9,39,
2017-18,1610612744,GSW,Golden State Warriors,0021700002,2017-10-17T00:00:00,GSW vs. HOU,L,48.0,43,80,0.538,16,30,0.533,19,21,0.905,6,35,41,34,17.0,5,9,5,25,16,121,-1.0,1,59,59,59,3,40,65,31,8,33,4,28,34,12,55,36,51,19,57,69,20,54,76,57,26,59,1.0
2018-19,1610612744,GSW,Golden State Warriors,0021801225,2019-04-10T00:00:00,GSW @ MEM,L,48.0,46,92,0.5,13,30,0.433,12,14,0.857,9,30,39,32,14.0,3,5,0,17,18,117,-15.0,1,58,58,58,6,23,30,33,36,61,27,62,66,26,39,73,70,23,32,77,55,1,8,48,39,74,1.0
2018-19,1610612744,GSW,Golden State Warriors,0021801215,2019-04-09T00:00:00,GSW @ NOP,W,48.0,43,89,0.483,12,30,0.4,14,21,0.667,11,47,58,25,15.0,8,3,1,17,15,112,9.0,1,1,1,1,6,44,39,45,50,61,35,53,35,77,27,2,4,65,40,33,74,5,8,69,54,35,1.0
2018-19,1610612744,GSW,Golden State Warriors,0021801205,2019-04-07T00:00:00,GSW vs. LAC,W,48.0,53,97,0.546,12,37,0.324,13,15,0.867,11,37,48,34,11.0,16,8,4,22,22,131,27.0,1,1,1,1,6,3,11,15,50,26,61,59,62,21,27,30,29,15,15,1,16,38,42,20,11,8,1.0
2018-19,1610612744,GSW,Golden State Warriors,0021801191,2019-04-05T00:00:00,GSW vs. CLE,W,48.0,46,87,0.529,20,37,0.541,8,8,1.0,4,34,38,29,13.0,2,8,1,21,11,120,6.0,1,1,1,1,6,23,53,22,6,26,4,77,79,1,80,60,74,39,26,80,16,5,36,79,32,43,1.0
2018-19,1610612744,GSW,Golden State Warriors,0021801179,2019-04-04T00:00:00,GSW @ LAL,W,48.0,43,98,0.439,18,46,0.391,4,5,0.8,9,42,51,30,15.0,11,5,7,18,10,108,18.0,1,1,1,1,6,44,6,69,12,4,36,81,82,49,39,7,13,35,40,7,55,78,13,82,65,18,1.0
2018-19,1610612744,GSW,Golden State Warriors,0021801164,2019-04-02T00:00:00,GSW vs. DEN,W,48.0,50,92,0.543,13,34,0.382,3,8,0.375,13,42,55,36,24.0,11,11,4,21,15,116,14.0,1,1,1,1,6,11,30,16,36,40,40,82,79,82,13,7,7,10,82,7,1,38,36,69,44,27,1.0
2018-19,1610612744,GSW,Golden State Warriors,0021801150,2019-03-31T00:00:00,GSW vs. CHA,W,48.0,53,88,0.602,21,33,0.636,10,12,0.833,10,40,50,41,15.0,7,10,4,19,11,137,47.0,1,1,1,1,6,3,46,2,3,46,1,68,71,35,32,15,14,2,40,41,4,38,18,79,7,1,1.0
2018-19,1610612744,GSW,Golden State Warriors,0021801132,2019-03-29T00:00:00,GSW @ MIN,L,53.0,46,98,0.469,18,40,0.45,20,28,0.714,8,37,45,27,15.0,11,3,3,24,24,130,-1.0,1,58,58,58,1,23,6,51,12,17,22,18,10,62,48,30,49,53,40,7,74,23,57,9,13,58,1.0
2018-19,1610612744,GSW,Golden State Warriors,0021801118,2019-03-27T00:00:00,GSW @ MEM,W,48.0,45,84,0.536,15,31,0.484,13,15,0.867,6,40,46,30,14.0,9,7,5,19,16,118,15.0,1,1,1,1,6,29,65,19,23,56,16,59,62,21,69,15,39,35,32,23,27,59,18,63,38,26,1.0
2018-19,1610612744,GSW,Golden State Warriors,0021801101,2019-03-24T00:00:00,GSW vs. DET,W,48.0,46,74,0.622,13,25,0.52,16,19,0.842,7,30,37,31,16.0,3,5,0,23,13,121,7.0,1,1,1,1,6,23,82,1,36,75,10,43,49,34,60,73,76,29,58,77,55,1,52,75,30,39,1.0
2018-19,1610612744,GSW,Golden State Warriors,0021801092,2019-03-23T00:00:00,GSW vs. DAL,L,48.0,36,90,0.4,4,30,0.133,15,21,0.714,8,28,36,22,10.0,6,2,2,22,22,91,-35.0,1,58,58,58,6,77,37,80,81,61,82,50,35,62,48,81,80,74,6,51,78,14,42,20,81,82,1.0
2018-19,1610612744,GSW,Golden State Warriors,0021801079,2019-03-21T00:00:00,GSW vs. IND,W,48.0,44,89,0.494,13,36,0.361,11,16,0.688,10,40,50,32,16.0,6,8,3,19,18,112,23.0,1,1,1,1,6,36,39,35,36,32,49,65,57,75,32,15,14,23,58,51,16,23,18,48,54,12,1.0
2018-19,1610612744,GSW,Golden State Warriors,0021801062,2019-03-19T00:00:00,GSW @ MIN,W,48.0,44,91,0.484,19,42,0.452,10,14,0.714,8,38,46,39,13.0,6,7,0,25,14,117,10.0,1,1,1,1,6,36,34,44,7,14,21,68,66,62,48,21,39,4,26,51,27,1,69,71,39,30,1.0
2018-19,1610612744,GSW,Golden State Warriors,0021801055,2019-03-18T00:00:00,GSW @ SAS,L,48.0,41,88,0.466,13,39,0.333,10,12,0.833,7,36,43,27,13.0,7,6,5,20,12,105,-6.0,1,58,58,58,6,57,46,54,36,21,59,68,71,35,60,39,57,53,26,41,41,59,29,76,69,68,1.0
2018-19,1610612744,GSW,Golden State Warriors,0021801038,2019-03-16T00:00:00,GSW @ OKC,W,48.0,39,83,0.47,15,35,0.429,17,22,0.773,8,45,53,25,17.0,10,6,5,22,18,110,22.0,1,1,1,1,6,66,69,50,23,36,29,34,29,51,48,4,10,65,63,14,41,59,42,48,60,14,1.0
2018-19,1610612744,GSW,Golden State Warriors,0021801018,2019-03-13T00:00:00,GSW @ HOU,W,48.0,42,85,0.494,12,32,0.375,10,10,1.0,12,32,44,28,15.0,7,2,3,20,16,106,2.0,1,1,1,1,6,49,59,39,50,53,44,68,76,1,18,69,52,45,40,41,78,23,29,63,68,52,1.0
2018-19,1610612744,GSW,Golden State Warriors,0021801000,2019-03-10T00:00:00,GSW vs. PHX,L,48.0,42,95,0.442,10,43,0.233,17,22,0.773,15,34,49,34,17.0,10,6,4,24,18,111,-4.0,1,58,58,58,6,49,17,67,62,11,75,34,29,51,5,60,19,15,63,14,41,38,57,48,58,65,1.0
2018-19,1610612744,GSW,Golden State Warriors,0021800984,2019-03-08T00:00:00,GSW vs. DEN,W,48.0,45,84,0.536,18,35,0.514,14,21,0.667,7,36,43,32,17.0,11,10,3,28,22,122,17.0,1,1,1,1,6,29,65,19,12,36,11,53,35,77,60,39,57,23,63,7,4,23,79,20,28,20,1.0
2018-19,1610612744,GSW,Golden State Warriors,0021800964,2019-03-05T00:00:00,GSW vs. BOS,L,48.0,34,85,0.4,8,35,0.229,19,23,0.826,9,36,45,26,22.0,5,2,5,24,24,95,-33.0,1,58,58,58,6,81,59,80,72,36,78,22,25,41,39,39,49,60,81,63,78,59,57,9,77,81,1.0
2018-19,1610612744,GSW,Golden State Warriors,0021800938,2019-03-02T00:00:00,GSW @ PHI,W,48.0,41,81,0.506,14,33,0.424,24,34,0.706,4,35,39,23,14.0,14,7,3,22,25,120,3.0,1,1,1,1,6,57,76,28,28,46,30,8,4,68,80,48,70,71,32,2,27,23,42,7,32,51,1.0
2018-19,1610612744,GSW,Golden State Warriors,0021800923,2019-02-28T00:00:00,GSW @ ORL,L,48.0,39,97,0.402,9,40,0.225,9,10,0.9,9,38,47,16,12.0,5,3,9,14,14,96,-7.0,1,58,58,58,6,66,11,78,68,17,79,75,76,15,39,21,34,82,16,63,74,82,1,71,76,70,1.0
2018-19,1610612744,GSW,Golden State Warriors,0021800915,2019-02-27T00:00:00,GSW @ MIA,L,48.0,44,89,0.494,17,48,0.354,20,28,0.714,8,29,37,21,10.0,7,3,6,21,31,125,-1.0,1,58,58,58,6,36,39,35,17,2,52,18,10,62,48,78,76,77,6,41,74,72,36,1,23,58,1.0
2018-19,1610612744,GSW,Golden State Warriors,0021800897,2019-02-25T00:00:00,GSW @ CHA,W,48.0,48,95,0.505,14,41,0.341,11,13,0.846,13,36,49,35,15.0,9,8,6,18,11,121,11.0,1,1,1,1,6,18,17,32,28,15,58,65,69,32,13,39,19,13,40,23,16,72,13,79,30,29,1.0
2018-19,1610612744,GSW,Golden State Warriors,0021800892,2019-02-23T00:00:00,GSW vs. HOU,L,48.0,42,90,0.467,14,36,0.389,14,20,0.7,9,36,45,26,18.0,9,10,7,19,23,112,-6.0,1,58,58,58,6,49,37,53,28,32,37,53,47,70,39,39,49,60,71,23,4,78,18,13,54,68,1.0
2018-19,1610612744,GSW,Golden State Warriors,0021800871,2019-02-21T00:00:00,GSW vs. SAC,W,48.0,43,94,0.457,19,46,0.413,20,24,0.833,8,41,49,32,15.0,5,11,3,26,24,125,2.0,1,1,1,1,6,44,23,60,7,4,33,18,20,35,48,12,19,23,40,63,1,23,72,9,23,52,1.0
2018-19,1610612744,GSW,Golden State Warriors,0021800862,2019-02-13T00:00:00,GSW @ POR,L,48.0,39,97,0.402,13,38,0.342,16,18,0.889,18,31,49,26,9.0,1,9,4,26,16,107,-22.0,1,58,58,58,6,66,11,78,36,24,57,43,52,16,1,71,19,60,4,82,10,38,72,63,67,77,1.0
2018-19,1610612744,GSW,Golden State Warriors,0021800852,2019-02-12T00:00:00,GSW vs. UTA,W,48.0,44,89,0.494,13,41,0.317,14,21,0.667,5,35,40,29,7.0,12,7,4,20,21,115,7.0,1,1,1,1,6,36,39,35,36,15,64,53,35,77,77,48,66,39,1,5,27,38,29,29,50,39,1.0
2018-19,1610612744,GSW,Golden State Warriors,0021800838,2019-02-10T00:00:00,GSW vs. MIA,W,48.0,44,82,0.537,13,36,0.361,19,26,0.731,7,29,36,28,12.0,8,5,4,16,22,120,2.0,1,1,1,1,6,36,73,18,36,32,49,22,15,59,60,78,80,45,16,33,55,38,3,20,32,52,1.0
2018-19,1610612744,GSW,Golden State Warriors,0021800822,2019-02-08T00:00:00,GSW @ PHX,W,48.0,41,81,0.506,10,29,0.345,25,35,0.714,9,40,49,30,18.0,5,9,1,23,28,117,10.0,1,1,1,1,6,57,76,28,62,65,56,5,3,62,39,15,19,35,71,63,10,5,52,4,39,30,1.0
2018-19,1610612744,GSW,Golden State Warriors,0021800810,2019-02-06T00:00:00,GSW vs. SAS,W,48.0,55,95,0.579,16,34,0.471,15,21,0.714,14,38,52,42,12.0,14,5,5,20,19,141,39.0,1,1,1,1,6,2,17,6,19,40,18,50,35,62,10,21,12,1,16,2,55,59,29,41,6,2,1.0
2018-19,1610612744,GSW,Golden State Warriors,0021800782,2019-02-02T00:00:00,GSW vs. LAL,W,48.0,43,91,0.473,11,34,0.324,18,19,0.947,7,37,44,31,10.0,4,9,4,17,18,115,14.0,1,1,1,1,6,44,34,49,58,40,62,31,49,5,60,30,52,29,6,74,10,38,8,48,50,27,1.0
2018-19,1610612744,GSW,Golden State Warriors,0021800768,2019-01-31T00:00:00,GSW vs. PHI,L,48.0,41,88,0.466,11,38,0.289,11,16,0.688,9,28,37,30,15.0,13,7,5,19,19,104,-9.0,1,58,58,58,6,57,46,54,58,24,68,65,57,75,39,81,76,35,40,4,27,59,18,41,71,71,1.0
2018-19,1610612744,GSW,Golden State Warriors,0021800745,2019-01-28T00:00:00,GSW @ IND,W,48.0,53,98,0.541,13,31,0.419,13,16,0.813,13,35,48,39,14.0,9,7,5,19,18,132,32.0,1,1,1,1,6,3,6,17,36,56,32,59,57,44,13,48,29,4,32,23,27,59,18,48,9,4,1.0
2018-19,1610612744,GSW,Golden State Warriors,0021800732,2019-01-26T00:00:00,GSW @ BOS,W,48.0,37,83,0.446,12,33,0.364,29,34,0.853,11,42,53,25,15.0,8,7,4,19,22,115,4.0,1,1,1,1,6,75,69,66,50,46,48,2,4,30,27,7,10,65,40,33,27,38,18,20,50,48,1.0
2018-19,1610612744,GSW,Golden State Warriors,0021800716,2019-01-24T00:00:00,GSW @ WAS,W,48.0,50,88,0.568,7,20,0.35,19,21,0.905,8,42,50,34,15.0,5,6,2,21,22,126,8.0,1,1,1,1,6,11,46,9,73,79,53,22,35,13,48,7,14,15,40,63,41,14,36,20,22,36,1.0
2018-19,1610612744,GSW,Golden State Warriors,0021800701,2019-01-21T00:00:00,GSW @ LAL,W,48.0,50,98,0.51,16,37,0.432,14,19,0.737,13,37,50,41,12.0,8,6,4,27,19,130,19.0,1,1,1,1,6,11,6,27,19,26,28,53,49,58,13,30,14,2,16,33,41,38,75,41,13,17,1.0
2018-19,1610612744,GSW,Golden State Warriors,0021800676,2019-01-18T00:00:00,GSW @ LAC,W,48.0,42,86,0.488,9,37,0.243,19,27,0.704,3,40,43,31,10.0,11,8,4,24,30,112,18.0,1,1,1,1,6,49,57,41,68,26,72,22,13,69,82,15,57,29,6,7,16,38,57,2,54,18,1.0
2018-19,1610612744,GSW,Golden State Warriors,0021800663,2019-01-16T00:00:00,GSW vs. NOP,W,48.0,49,102,0.48,24,49,0.49,25,31,0.806,10,47,57,33,10.0,8,5,5,24,23,147,7.0,1,1,1,1,6,15,3,47,1,1,14,5,7,48,32,2,6,20,6,33,55,59,57,13,2,39,1.0
2018-19,1610612744,GSW,Golden State Warriors,0021800655,2019-01-15T00:00:00,GSW @ DEN,W,48.0,57,95,0.6,21,39,0.538,7,10,0.7,12,38,50,38,10.0,6,4,3,20,12,142,31.0,1,1,1,1,6,1,17,3,3,21,5,78,76,70,18,21,14,7,6,51,68,23,29,76,5,5,1.0
2018-19,1610612744,GSW,Golden State Warriors,0021800642,2019-01-13T00:00:00,GSW @ DAL,W,48.0,45,99,0.455,19,45,0.422,10,12,0.833,16,33,49,26,10.0,9,8,4,22,14,119,5.0,1,1,1,1,6,29,5,62,7,7,31,68,71,35,4,65,19,60,6,23,16,38,42,71,37,46,1.0
2018-19,1610612744,GSW,Golden State Warriors,0021800629,2019-01-11T00:00:00,GSW vs. CHI,W,48.0,53,92,0.576,18,39,0.462,22,26,0.846,11,38,49,38,12.0,6,8,1,27,21,146,37.0,1,1,1,1,6,3,30,7,12,21,19,12,15,32,27,21,19,7,16,51,16,5,75,29,3,3,1.0
2018-19,1610612744,GSW,Golden State Warriors,0021800605,2019-01-08T00:00:00,GSW vs. NYK,W,48.0,49,96,0.51,14,45,0.311,10,12,0.833,15,34,49,36,16.0,9,10,1,14,12,122,27.0,1,1,1,1,6,15,14,26,28,7,65,68,71,35,5,60,19,10,58,23,4,5,1,76,28,8,1.0
2018-19,1610612744,GSW,Golden State Warriors,0021800583,2019-01-05T00:00:00,GSW @ SAC,W,48.0,47,93,0.505,21,47,0.447,12,14,0.857,12,35,47,29,14.0,5,8,0,16,18,127,4.0,1,1,1,1,6,21,26,31,3,3,23,62,66,26,18,48,34,39,32,63,16,1,3,48,21,48,1.0
2018-19,1610612744,GSW,Golden State Warriors,0021800565,2019-01-03T00:00:00,GSW vs. HOU,L,53.0,53,102,0.52,14,37,0.378,14,15,0.933,9,38,47,33,15.0,8,6,5,19,20,134,-1.0,1,58,58,58,1,3,3,24,28,26,42,53,62,10,39,21,34,20,40,33,41,59,18,38,8,58,1.0
2018-19,1610612744,GSW,Golden State Warriors,0021800548,2018-12-31T00:00:00,GSW @ PHX,W,48.0,46,84,0.548,14,28,0.5,26,32,0.813,7,37,44,31,15.0,7,8,3,24,29,132,23.0,1,1,1,1,6,23,65,14,28,68,12,4,6,44,60,30,52,29,40,41,16,23,57,3,9,12,1.0
2018-19,1610612744,GSW,Golden State Warriors,0021800534,2018-12-29T00:00:00,GSW @ POR,W,48.0,40,80,0.5,12,25,0.48,23,28,0.821,5,37,42,27,12.0,9,4,4,18,17,115,10.0,1,1,1,1,6,64,79,33,50,75,17,10,10,42,77,30,63,53,16,23,68,38,13,61,50,30,1.0
2018-19,1610612744,GSW,Golden State Warriors,0021800516,2018-12-27T00:00:00,GSW vs. POR,L,53.0,45,106,0.425,13,44,0.295,6,15,0.4,14,45,59,36,15.0,10,9,4,19,18,109,-1.0,1,58,58,58,1,29,1,73,36,10,66,79,62,81,10,4,3,10,40,14,10,38,18,48,63,58,1.0
2018-19,1610612744,GSW,Golden State Warriors,0021800500,2018-12-25T00:00:00,GSW vs. LAL,L,48.0,38,93,0.409,9,36,0.25,16,21,0.762,7,30,37,28,14.0,5,1,3,21,20,101,-26.0,1,58,58,58,6,73,26,76,68,32,71,43,35,55,60,73,76,45,32,63,81,23,36,38,74,79,1.0
2018-19,1610612744,GSW,Golden State Warriors,0021800494,2018-12-23T00:00:00,GSW vs. LAC,W,48.0,42,93,0.452,14,40,0.35,31,36,0.861,15,31,46,22,7.0,9,7,1,27,25,129,2.0,1,1,1,1,6,49,26,63,28,17,53,1,1,25,5,71,39,74,1,23,27,5,75,7,16,52,1.0
2018-19,1610612744,GSW,Golden State Warriors,0021800484,2018-12-22T00:00:00,GSW vs. DAL,W,48.0,45,98,0.459,15,43,0.349,15,16,0.938,15,39,54,34,13.0,7,7,3,23,14,120,4.0,1,1,1,1,6,29,6,57,23,11,55,50,57,9,5,20,8,15,26,41,27,23,52,71,32,48,1.0
2018-19,1610612744,GSW,Golden State Warriors,0021800464,2018-12-19T00:00:00,GSW @ UTA,L,48.0,38,95,0.4,10,31,0.323,17,18,0.944,10,38,48,18,12.0,10,9,6,21,16,103,-5.0,1,58,58,58,6,73,17,80,62,56,63,34,52,6,32,21,29,80,16,14,10,72,36,63,72,66,1.0
2018-19,1610612744,GSW,Golden State Warriors,0021800449,2018-12-17T00:00:00,GSW vs. MEM,W,48.0,37,85,0.435,12,31,0.387,24,27,0.889,6,36,42,23,10.0,10,5,4,19,23,110,17.0,1,1,1,1,6,75,59,70,50,56,38,8,13,16,69,39,63,71,6,14,55,38,18,13,60,20,1.0
2018-19,1610612744,GSW,Golden State Warriors,0021800428,2018-12-14T00:00:00,GSW @ SAC,W,48.0,44,96,0.458,15,40,0.375,27,36,0.75,15,45,60,32,18.0,5,0,3,23,28,130,5.0,1,1,1,1,6,36,14,59,23,17,44,3,1,56,5,4,2,23,71,63,82,23,52,4,13,46,1.0
2018-19,1610612744,GSW,Golden State Warriors,0021800415,2018-12-12T00:00:00,GSW vs. TOR,L,48.0,39,82,0.476,6,26,0.231,9,13,0.692,5,35,40,28,19.0,5,11,3,18,17,93,-20.0,1,58,58,58,6,66,73,48,78,71,76,75,69,74,77,48,66,45,77,63,1,23,13,61,79,75,1.0
2018-19,1610612744,GSW,Golden State Warriors,0021800400,2018-12-10T00:00:00,GSW vs. MIN,W,48.0,39,93,0.419,19,43,0.442,19,21,0.905,14,35,49,25,17.0,6,5,6,26,18,116,8.0,1,1,1,1,6,66,26,75,7,11,25,22,35,13,10,48,19,65,63,51,55,72,72,48,44,36,1.0
2018-19,1610612744,GSW,Golden State Warriors,0021800377,2018-12-07T00:00:00,GSW @ MIL,W,48.0,40,89,0.449,19,46,0.413,6,7,0.857,6,37,43,32,18.0,7,6,3,20,21,105,10.0,1,1,1,1,6,64,39,64,7,4,33,79,81,26,69,30,57,23,71,41,41,23,29,29,69,30,1.0
2018-19,1610612744,GSW,Golden State Warriors,0021800355,2018-12-05T00:00:00,GSW @ CLE,W,48.0,45,85,0.529,18,34,0.529,21,24,0.875,9,37,46,29,9.0,6,5,2,17,19,129,24.0,1,1,1,1,6,29,59,21,12,40,8,14,20,19,39,30,39,39,4,51,55,14,8,41,16,11,1.0
2018-19,1610612744,GSW,Golden State Warriors,0021800344,2018-12-03T00:00:00,GSW @ ATL,W,48.0,48,82,0.585,13,24,0.542,19,22,0.864,6,33,39,33,20.0,10,8,4,24,21,128,17.0,1,1,1,1,6,18,73,5,36,77,2,22,29,23,69,65,70,20,79,14,16,38,57,29,18,20,1.0
2018-19,1610612744,GSW,Golden State Warriors,0021800331,2018-12-01T00:00:00,GSW @ DET,L,48.0,39,85,0.459,6,26,0.231,18,21,0.857,8,36,44,23,15.0,6,5,2,22,21,102,-9.0,1,58,58,58,6,66,59,58,78,71,76,31,35,26,48,39,52,71,40,51,55,14,42,29,73,71,1.0
2018-19,1610612744,GSW,Golden State Warriors,0021800316,2018-11-29T00:00:00,GSW @ TOR,L,53.0,50,103,0.485,11,30,0.367,17,20,0.85,17,29,46,27,15.0,6,5,6,22,23,128,-3.0,1,58,58,58,1,11,2,43,58,61,47,34,47,31,2,78,39,53,40,51,55,72,42,13,18,63,1.0
2018-19,1610612744,GSW,Golden State Warriors,0021800300,2018-11-26T00:00:00,GSW vs. ORL,W,48.0,41,84,0.488,13,35,0.371,21,23,0.913,10,36,46,21,15.0,8,7,2,19,21,116,6.0,1,1,1,1,6,57,65,42,36,36,46,14,25,12,32,39,39,77,40,33,27,14,18,29,44,43,1.0
2018-19,1610612744,GSW,Golden State Warriors,0021800285,2018-11-24T00:00:00,GSW vs. SAC,W,48.0,41,88,0.466,10,34,0.294,25,29,0.862,12,42,54,28,15.0,5,6,4,24,22,117,1.0,1,1,1,1,6,57,46,54,62,40,67,5,9,24,18,7,8,45,40,63,41,38,57,20,39,56,1.0
2018-19,1610612744,GSW,Golden State Warriors,0021800277,2018-11-23T00:00:00,GSW vs. POR,W,48.0,48,85,0.565,17,32,0.531,12,16,0.75,6,37,43,29,15.0,11,10,2,22,16,125,28.0,1,1,1,1,6,18,59,10,17,53,7,62,57,56,69,30,57,39,40,7,4,14,42,63,23,6,1.0
2018-19,1610612744,GSW,Golden State Warriors,0021800264,2018-11-21T00:00:00,GSW vs. OKC,L,48.0,36,83,0.434,7,29,0.241,16,24,0.667,7,35,42,24,17.0,7,10,5,18,23,95,-28.0,1,58,58,58,6,77,69,71,73,65,73,43,20,77,60,48,63,69,63,41,4,59,13,13,77,80,1.0
2018-19,1610612744,GSW,Golden State Warriors,0021800238,2018-11-18T00:00:00,GSW @ SAS,L,48.0,35,86,0.407,5,26,0.192,17,21,0.81,10,36,46,20,12.0,6,4,5,17,18,92,-12.0,1,58,58,58,6,80,57,77,80,71,81,34,35,46,32,39,39,79,16,51,68,59,8,48,80,73,1.0
2018-19,1610612744,GSW,Golden State Warriors,0021800232,2018-11-17T00:00:00,GSW @ DAL,L,48.0,42,94,0.447,9,33,0.273,16,17,0.941,12,35,47,24,12.0,6,6,5,27,18,109,-3.0,1,58,58,58,6,49,23,65,68,46,69,43,56,8,18,48,34,69,16,51,41,59,75,48,63,63,1.0
2018-19,1610612744,GSW,Golden State Warriors,0021800213,2018-11-15T00:00:00,GSW @ HOU,L,48.0,32,76,0.421,4,18,0.222,18,22,0.818,12,32,44,18,17.0,2,5,4,24,21,86,-21.0,1,58,58,58,6,82,81,74,81,81,80,31,29,43,18,69,52,80,63,80,55,38,57,29,82,76,1.0
2018-19,1610612744,GSW,Golden State Warriors,0021800201,2018-11-13T00:00:00,GSW vs. ATL,W,48.0,39,91,0.429,12,27,0.444,20,21,0.952,13,35,48,28,13.0,8,6,2,20,18,110,7.0,1,1,1,1,6,66,34,72,50,70,24,18,35,4,13,48,29,45,26,33,41,14,29,48,60,39,1.0
2018-19,1610612744,GSW,Golden State Warriors,0021800198,2018-11-12T00:00:00,GSW @ LAC,L,53.0,44,94,0.468,12,31,0.387,16,23,0.696,11,35,46,27,17.0,7,8,5,25,23,116,-5.0,1,58,58,58,1,36,23,52,50,56,38,43,25,73,27,48,39,53,63,41,16,59,69,13,44,66,1.0
2018-19,1610612744,GSW,Golden State Warriors,0021800182,2018-11-10T00:00:00,GSW vs. BKN,W,48.0,46,83,0.554,7,16,0.438,17,21,0.81,6,30,36,27,10.0,9,7,2,24,22,116,16.0,1,1,1,1,6,23,69,12,73,82,26,34,35,46,69,73,80,53,6,23,27,14,57,20,44,24,1.0
2018-19,1610612744,GSW,Golden State Warriors,0021800166,2018-11-08T00:00:00,GSW vs. MIL,L,48.0,42,87,0.483,10,28,0.357,17,22,0.773,8,30,38,31,18.0,5,6,7,22,23,111,-23.0,1,58,58,58,6,49,53,46,62,68,51,34,29,51,48,73,74,29,71,63,41,78,42,13,58,78,1.0
2018-19,1610612744,GSW,Golden State Warriors,0021800147,2018-11-05T00:00:00,GSW vs. MEM,W,48.0,41,81,0.506,13,24,0.542,22,23,0.957,8,38,46,29,13.0,4,4,8,25,19,117,16.0,1,1,1,1,6,57,76,28,36,77,2,12,25,3,48,21,39,39,26,74,68,81,69,41,39,24,1.0
2018-19,1610612744,GSW,Golden State Warriors,0021800124,2018-11-02T00:00:00,GSW vs. MIN,W,48.0,43,88,0.489,13,34,0.382,17,22,0.773,12,49,61,31,16.0,3,9,4,16,16,116,17.0,1,1,1,1,6,44,46,40,36,40,40,34,29,51,18,1,1,29,58,77,10,38,3,63,44,20,1.0
2018-19,1610612744,GSW,Golden State Warriors,0021800108,2018-10-31T00:00:00,GSW vs. NOP,W,48.0,47,89,0.528,16,32,0.5,21,30,0.7,12,34,46,39,17.0,10,4,2,24,26,131,10.0,1,1,1,1,6,21,39,23,19,53,12,14,8,70,18,60,39,4,63,14,68,14,57,6,11,30,1.0
2018-19,1610612744,GSW,Golden State Warriors,0021800091,2018-10-29T00:00:00,GSW @ CHI,W,48.0,53,96,0.552,24,45,0.533,19,26,0.731,8,41,49,34,7.0,9,7,3,29,19,149,25.0,1,1,1,1,6,3,14,13,1,7,6,22,15,59,48,12,19,15,1,23,27,23,80,41,1,10,1.0
2018-19,1610612744,GSW,Golden State Warriors,0021800083,2018-10-28T00:00:00,GSW @ BKN,W,48.0,44,89,0.494,11,33,0.333,21,24,0.875,12,35,47,28,12.0,11,7,3,16,20,120,6.0,1,1,1,1,6,36,39,35,58,46,59,14,20,19,18,48,34,45,16,7,27,23,3,38,32,43,1.0
2018-19,1610612744,GSW,Golden State Warriors,0021800068,2018-10-26T00:00:00,GSW @ NYK,W,48.0,51,87,0.586,16,33,0.485,10,12,0.833,6,33,39,26,14.0,10,6,1,16,18,128,28.0,1,1,1,1,6,10,53,4,19,46,15,68,71,35,69,65,70,60,32,14,41,5,3,48,18,6,1.0
2018-19,1610612744,GSW,Golden State Warriors,0021800062,2018-10-24T00:00:00,GSW vs. WAS,W,48.0,53,92,0.576,15,33,0.455,23,25,0.92,10,38,48,37,18.0,6,5,1,22,24,144,22.0,1,1,1,1,6,3,30,7,23,46,20,10,19,11,32,21,29,9,71,51,55,5,42,9,4,14,1.0
2018-19,1610612744,GSW,Golden State Warriors,0021800047,2018-10-22T00:00:00,GSW vs. PHX,W,48.0,45,88,0.511,14,37,0.378,19,26,0.731,7,33,40,35,14.0,12,4,1,24,21,123,20.0,1,1,1,1,6,29,46,25,28,26,42,22,15,59,60,65,66,13,32,5,68,5,57,29,27,16,1.0
2018-19,1610612744,GSW,Golden State Warriors,0021800038,2018-10-21T00:00:00,GSW @ DEN,L,48.0,36,79,0.456,7,29,0.241,19,24,0.792,6,34,40,22,19.0,4,6,4,29,22,98,-2.0,1,58,58,58,6,77,80,61,73,65,73,22,20,50,69,60,66,74,77,74,41,38,80,20,75,62,1.0
2018-19,1610612744,GSW,Golden State Warriors,0021800024,2018-10-19T00:00:00,GSW @ UTA,W,48.0,49,87,0.563,10,19,0.526,16,18,0.889,8,35,43,27,16.0,10,6,4,23,19,124,1.0,1,1,1,1,6,15,53,11,62,80,9,43,52,16,48,48,57,53,58,14,41,38,52,41,26,56,1.0
2018-19,1610612744,GSW,Golden State Warriors,0021800002,2018-10-16T00:00:00,GSW vs. OKC,W,48.0,42,95,0.442,7,26,0.269,17,18,0.944,17,41,58,28,21.0,7,7,6,29,21,108,8.0,1,1,1,1,6,49,17,67,73,71,70,34,52,6,2,12,4,45,80,41,27,72,80,29,65,36,1.0
2019-20,1610612744,GSW,Golden State Warriors,0021900967,2020-03-10T00:00:00,GSW vs. LAC,L,48.0,37,79,0.468,11,38,0.289,22,27,0.815,4,31,35,25,10.0,3,0,2,17,19,107,-24.0,1,16,16,16,6,36,55,19,22,12,44,19,19,33,63,42,54,33,10,65,64,4,14,40,30,56,1.0
2019-20,1610612744,GSW,Golden State Warriors,0021900944,2020-03-07T00:00:00,GSW vs. PHI,W,48.0,44,80,0.55,9,25,0.36,21,28,0.75,7,28,35,30,7.0,4,2,2,19,21,118,4.0,1,1,1,1,6,8,53,1,35,54,25,21,16,44,43,52,54,12,1,58,51,4,26,23,12,13,1.0
2019-20,1610612744,GSW,Golden State Warriors,0021900929,2020-03-05T00:00:00,GSW vs. TOR,L,48.0,40,98,0.408,14,52,0.269,19,25,0.76,14,38,52,34,16.0,4,5,3,23,24,113,-8.0,1,16,16,16,6,25,7,45,12,1,51,26,21,43,9,10,7,4,36,58,28,10,46,7,18,30,1.0
2019-20,1610612744,GSW,Golden State Warriors,0021900913,2020-03-03T00:00:00,GSW @ DEN,W,48.0,42,82,0.512,18,41,0.439,14,22,0.636,5,30,35,31,11.0,8,3,5,23,26,116,16.0,1,1,1,1,6,16,47,5,3,4,11,48,37,63,58,48,54,6,16,29,41,31,46,2,14,3,1.0
2019-20,1610612744,GSW,Golden State Warriors,0021900901,2020-03-01T00:00:00,GSW vs. WAS,L,48.0,42,89,0.472,9,28,0.321,17,24,0.708,18,34,52,25,22.0,7,7,5,24,20,110,-14.0,1,16,16,16,6,16,28,16,35,39,32,36,27,56,3,24,7,33,60,38,7,31,51,28,23,42,1.0
2019-20,1610612744,GSW,Golden State Warriors,0021900894,2020-02-29T00:00:00,GSW @ PHX,W,48.0,41,87,0.471,9,30,0.3,24,32,0.75,13,36,49,30,10.0,9,6,5,21,25,115,16.0,1,1,1,1,6,21,34,17,35,33,41,14,6,44,12,14,13,12,10,21,16,31,37,4,16,3,1.0
2019-20,1610612744,GSW,Golden State Warriors,0021900876,2020-02-27T00:00:00,GSW vs. LAL,L,48.0,34,80,0.425,9,32,0.281,9,10,0.9,5,32,37,27,27.0,7,3,5,27,17,86,-30.0,1,16,16,16,6,53,53,39,35,28,47,64,65,9,58,36,49,23,65,38,41,31,62,51,62,61,1.0
2019-20,1610612744,GSW,Golden State Warriors,0021900863,2020-02-25T00:00:00,GSW vs. SAC,L,48.0,35,79,0.443,4,28,0.143,20,24,0.833,5,29,34,21,17.0,7,2,4,25,23,94,-18.0,1,16,16,16,6,47,55,28,63,39,64,23,27,24,58,50,57,52,41,38,51,22,56,14,55,51,1.0
2019-20,1610612744,GSW,Golden State Warriors,0021900847,2020-02-23T00:00:00,GSW vs. NOP,L,48.0,40,92,0.435,11,35,0.314,10,15,0.667,11,37,48,28,15.0,9,7,5,16,15,101,-14.0,1,16,16,16,6,25,18,33,22,17,36,58,56,59,23,11,15,18,32,21,7,31,8,58,43,42,1.0
2019-20,1610612744,GSW,Golden State Warriors,0021900825,2020-02-20T00:00:00,GSW vs. HOU,L,48.0,44,89,0.494,7,33,0.212,10,12,0.833,13,27,40,26,23.0,11,7,7,16,15,105,-30.0,1,16,16,16,6,8,28,7,53,24,57,58,61,24,12,55,40,31,63,9,7,49,8,58,34,61,1.0
2019-20,1610612744,GSW,Golden State Warriors,0021900815,2020-02-12T00:00:00,GSW @ PHX,L,48.0,39,77,0.506,11,31,0.355,17,19,0.895,4,34,38,27,22.0,8,7,4,20,21,106,-6.0,1,16,16,16,6,28,58,6,22,31,28,36,47,10,63,24,47,23,60,29,7,22,33,23,31,25,1.0
2019-20,1610612744,GSW,Golden State Warriors,0021900800,2020-02-10T00:00:00,GSW vs. MIA,L,48.0,30,77,0.39,11,34,0.324,30,34,0.882,6,34,40,23,16.0,8,2,3,21,19,101,-12.0,1,16,16,16,6,62,58,57,22,22,30,3,4,13,52,24,40,43,36,29,51,10,37,40,43,40,1.0
2019-20,1610612744,GSW,Golden State Warriors,0021900783,2020-02-08T00:00:00,GSW vs. LAL,L,48.0,46,89,0.517,13,32,0.406,15,23,0.652,8,25,33,31,18.0,15,6,2,27,22,120,-5.0,1,16,16,16,6,4,28,4,14,28,15,42,32,61,40,62,61,6,45,1,16,4,62,20,10,22,1.0
2019-20,1610612744,GSW,Golden State Warriors,0021900757,2020-02-05T00:00:00,GSW @ BKN,L,48.0,35,96,0.365,5,39,0.128,13,18,0.722,7,27,34,20,7.0,6,7,1,14,15,88,-41.0,1,16,16,16,6,47,8,64,59,7,65,51,49,49,43,55,57,54,1,50,7,1,4,58,60,64,1.0
2019-20,1610612744,GSW,Golden State Warriors,0021900744,2020-02-03T00:00:00,GSW @ WAS,W,48.0,43,87,0.494,15,30,0.5,24,31,0.774,12,32,44,31,14.0,8,6,4,25,24,125,8.0,1,1,1,1,6,11,34,8,8,33,3,14,9,38,18,36,25,6,28,29,16,22,56,7,5,12,1.0
2019-20,1610612744,GSW,Golden State Warriors,0021900730,2020-02-01T00:00:00,GSW @ CLE,W,48.0,48,90,0.533,18,35,0.514,17,19,0.895,10,34,44,39,11.0,11,10,3,16,15,131,19.0,1,1,1,1,6,2,25,3,3,17,2,36,47,10,29,24,25,1,16,9,1,10,8,58,2,1,1.0
2019-20,1610612744,GSW,Golden State Warriors,0021900717,2020-01-30T00:00:00,GSW @ BOS,L,48.0,33,77,0.429,12,39,0.308,26,30,0.867,3,27,30,24,17.0,11,6,4,19,24,104,-15.0,1,16,16,16,6,57,58,36,17,7,39,10,12,18,65,55,64,38,41,9,16,22,26,7,37,45,1.0
2019-20,1610612744,GSW,Golden State Warriors,0021900702,2020-01-28T00:00:00,GSW @ PHI,L,48.0,37,87,0.425,15,40,0.375,15,21,0.714,6,34,40,29,14.0,6,3,3,24,18,104,-11.0,1,16,16,16,6,36,34,38,8,5,23,42,42,53,52,24,40,15,28,50,41,10,51,47,37,37,1.0
2019-20,1610612744,GSW,Golden State Warriors,0021900679,2020-01-24T00:00:00,GSW vs. IND,L,48.0,40,82,0.488,19,39,0.487,19,23,0.826,7,31,38,31,20.0,6,3,4,16,20,118,-11.0,1,16,16,16,6,25,47,12,2,7,5,26,32,30,43,42,47,6,53,50,41,22,8,28,12,37,1.0
2019-20,1610612744,GSW,Golden State Warriors,0021900665,2020-01-22T00:00:00,GSW vs. UTA,L,48.0,35,88,0.398,6,23,0.261,20,24,0.833,11,26,37,20,8.0,5,5,3,23,19,96,-33.0,1,16,16,16,6,47,33,50,56,58,52,23,27,24,23,60,49,54,3,54,28,10,46,40,53,63,1.0
2019-20,1610612744,GSW,Golden State Warriors,0021900652,2020-01-20T00:00:00,GSW @ POR,L,53.0,48,116,0.414,9,36,0.25,19,22,0.864,19,41,60,30,9.0,7,5,11,25,19,124,-5.0,1,16,16,16,1,2,1,43,35,16,55,26,37,19,1,5,2,12,6,38,28,64,56,40,6,22,1.0
2019-20,1610612744,GSW,Golden State Warriors,0021900634,2020-01-18T00:00:00,GSW vs. ORL,W,48.0,43,94,0.457,12,40,0.3,11,11,1.0,7,37,44,25,11.0,9,2,5,13,12,109,14.0,1,1,1,1,6,11,13,23,17,5,41,56,64,1,43,11,25,33,16,21,51,31,3,64,26,5,1.0
2019-20,1610612744,GSW,Golden State Warriors,0021900617,2020-01-16T00:00:00,GSW vs. DEN,L,53.0,42,95,0.442,20,45,0.444,27,31,0.871,10,32,42,36,19.0,12,6,6,20,23,131,-3.0,1,16,16,16,1,16,12,29,1,2,9,6,9,16,29,36,34,3,50,6,16,44,33,14,2,17,1.0
2019-20,1610612744,GSW,Golden State Warriors,0021900602,2020-01-14T00:00:00,GSW vs. DAL,L,48.0,39,87,0.448,9,32,0.281,10,13,0.769,7,29,36,27,14.0,4,1,2,16,17,97,-27.0,1,16,16,16,6,28,34,27,35,28,47,58,59,39,43,50,53,23,28,58,59,4,8,51,51,59,1.0
2019-20,1610612744,GSW,Golden State Warriors,0021900588,2020-01-12T00:00:00,GSW @ MEM,L,48.0,35,92,0.38,17,34,0.5,15,21,0.714,12,35,47,23,22.0,11,6,7,18,16,102,-20.0,1,16,16,16,6,47,18,61,6,22,3,42,42,53,18,20,17,43,60,9,16,49,21,55,41,53,1.0
2019-20,1610612744,GSW,Golden State Warriors,0021900576,2020-01-10T00:00:00,GSW @ LAC,L,48.0,37,96,0.385,8,39,0.205,18,25,0.72,13,33,46,28,10.0,9,1,7,22,24,100,-9.0,1,16,16,16,6,36,8,60,50,7,58,33,21,52,12,32,20,18,10,21,59,49,41,7,45,34,1.0
2019-20,1610612744,GSW,Golden State Warriors,0021900562,2020-01-08T00:00:00,GSW vs. MIL,L,48.0,33,87,0.379,15,38,0.395,17,20,0.85,12,40,52,29,19.0,7,4,3,30,19,98,-9.0,1,16,16,16,6,57,34,62,8,12,18,36,46,21,18,7,7,15,50,38,35,10,65,40,49,34,1.0
2019-20,1610612744,GSW,Golden State Warriors,0021900547,2020-01-06T00:00:00,GSW @ SAC,L,48.0,34,86,0.395,5,26,0.192,25,32,0.781,10,34,44,19,19.0,13,4,3,18,23,98,-13.0,1,16,16,16,6,53,41,54,59,52,59,11,6,37,29,24,25,57,50,3,35,10,21,14,49,41,1.0
2019-20,1610612744,GSW,Golden State Warriors,0021900532,2020-01-04T00:00:00,GSW vs. DET,L,48.0,33,82,0.402,11,21,0.524,27,32,0.844,11,31,42,26,14.0,13,3,5,19,25,104,-7.0,1,16,16,16,6,57,47,48,22,62,1,6,6,22,23,42,34,31,28,3,41,31,26,4,37,29,1.0
2019-20,1610612744,GSW,Golden State Warriors,0021900512,2020-01-02T00:00:00,GSW @ MIN,L,48.0,33,77,0.429,3,20,0.15,15,21,0.714,7,36,43,20,17.0,9,1,7,20,20,84,-15.0,1,16,16,16,6,57,58,36,64,63,63,42,42,53,43,14,31,54,41,21,59,49,33,28,63,45,1.0
2019-20,1610612744,GSW,Golden State Warriors,0021900502,2019-12-31T00:00:00,GSW @ SAS,L,53.0,44,96,0.458,12,27,0.444,13,18,0.722,9,35,44,31,9.0,5,6,6,14,18,113,-4.0,1,16,16,16,1,8,8,22,17,48,9,51,49,49,35,20,25,6,6,54,16,44,4,47,18,19,1.0
2019-20,1610612744,GSW,Golden State Warriors,0021900482,2019-12-28T00:00:00,GSW vs. DAL,L,48.0,45,93,0.484,18,39,0.462,13,17,0.765,9,33,42,28,13.0,4,3,7,19,17,121,-20.0,1,16,16,16,6,5,16,13,3,7,7,51,52,41,35,32,34,18,25,58,41,49,26,51,9,53,1.0
2019-20,1610612744,GSW,Golden State Warriors,0021900471,2019-12-27T00:00:00,GSW vs. PHX,W,48.0,38,92,0.413,9,27,0.333,20,25,0.8,11,30,41,22,11.0,10,5,1,17,21,105,9.0,1,1,1,1,6,32,18,44,35,48,29,23,21,34,23,48,38,49,16,16,28,1,14,23,34,9,1.0
2019-20,1610612744,GSW,Golden State Warriors,0021900457,2019-12-25T00:00:00,GSW vs. HOU,W,48.0,41,87,0.471,9,28,0.321,25,28,0.893,11,43,54,27,16.0,7,8,3,18,25,116,12.0,1,1,1,1,6,21,34,17,35,39,32,11,16,12,23,1,5,23,36,38,5,10,21,4,14,7,1.0
2019-20,1610612744,GSW,Golden State Warriors,0021900454,2019-12-23T00:00:00,GSW vs. MIN,W,48.0,38,87,0.437,12,30,0.4,25,30,0.833,13,42,55,27,20.0,11,6,7,27,18,113,9.0,1,1,1,1,6,32,34,32,17,33,16,11,12,24,12,3,3,23,53,9,16,49,62,47,18,9,1.0
2019-20,1610612744,GSW,Golden State Warriors,0021900429,2019-12-20T00:00:00,GSW vs. NOP,W,48.0,36,83,0.434,10,33,0.303,24,25,0.96,10,37,47,25,18.0,10,4,5,24,19,106,4.0,1,1,1,1,6,42,45,34,29,24,40,14,21,4,29,11,17,33,45,16,35,31,51,40,31,13,1.0
2019-20,1610612744,GSW,Golden State Warriors,0021900415,2019-12-18T00:00:00,GSW @ POR,L,48.0,41,103,0.398,16,38,0.421,14,23,0.609,17,33,50,24,8.0,7,7,8,23,22,112,-10.0,1,16,16,16,6,21,4,49,7,12,13,48,32,64,5,32,12,38,3,38,7,59,46,20,21,36,1.0
2019-20,1610612744,GSW,Golden State Warriors,0021900393,2019-12-15T00:00:00,GSW vs. SAC,L,48.0,30,76,0.395,6,25,0.24,13,18,0.722,7,18,25,24,21.0,14,1,3,17,20,79,-21.0,1,16,16,16,6,62,64,55,56,54,56,51,49,49,43,65,65,38,58,2,59,10,14,28,64,55,1.0
2019-20,1610612744,GSW,Golden State Warriors,0021900379,2019-12-13T00:00:00,GSW @ UTA,L,48.0,41,91,0.451,9,29,0.31,15,22,0.682,14,34,48,19,12.0,9,7,3,26,20,106,-8.0,1,16,16,16,6,21,22,26,35,36,37,42,37,57,9,24,15,57,22,21,7,10,60,28,31,30,1.0
2019-20,1610612744,GSW,Golden State Warriors,0021900366,2019-12-11T00:00:00,GSW vs. NYK,L,53.0,45,104,0.433,10,37,0.27,22,30,0.733,14,32,46,27,8.0,10,6,7,25,24,122,-2.0,1,16,16,16,1,5,2,35,29,15,50,19,12,47,9,36,20,23,3,16,16,49,56,7,7,16,1.0
2019-20,1610612744,GSW,Golden State Warriors,0021900351,2019-12-09T00:00:00,GSW vs. MEM,L,48.0,35,93,0.376,11,27,0.407,21,25,0.84,10,36,46,23,16.0,10,6,6,21,20,102,-8.0,1,16,16,16,6,47,16,63,22,48,14,21,21,23,29,14,20,43,36,16,16,44,37,28,41,30,1.0
2019-20,1610612744,GSW,Golden State Warriors,0021900325,2019-12-06T00:00:00,GSW @ CHI,W,48.0,38,71,0.535,9,24,0.375,15,22,0.682,6,33,39,24,20.0,9,4,2,19,20,100,2.0,1,1,1,1,6,32,65,2,35,57,23,42,37,57,52,32,44,38,53,21,35,4,26,28,45,15,1.0
2019-20,1610612744,GSW,Golden State Warriors,0021900306,2019-12-04T00:00:00,GSW @ CHA,L,48.0,36,78,0.462,9,23,0.391,10,15,0.667,6,31,37,18,16.0,7,3,7,12,20,91,-15.0,1,16,16,16,6,42,57,21,35,58,20,58,56,59,52,42,49,60,36,38,41,49,1,28,59,45,1.0
2019-20,1610612744,GSW,Golden State Warriors,0021900295,2019-12-02T00:00:00,GSW @ ATL,L,48.0,33,83,0.398,3,17,0.176,10,12,0.833,18,28,46,17,25.0,11,8,4,20,12,79,-25.0,1,16,16,16,6,57,45,51,64,65,61,58,61,24,3,52,20,63,64,9,5,22,33,64,64,57,1.0
2019-20,1610612744,GSW,Golden State Warriors,0021900290,2019-12-01T00:00:00,GSW @ ORL,L,48.0,36,91,0.396,6,23,0.261,18,23,0.783,15,31,46,21,12.0,6,5,8,17,20,96,-4.0,1,16,16,16,6,42,22,53,56,58,52,33,32,36,7,42,20,52,22,50,28,59,14,28,53,19,1.0
2019-20,1610612744,GSW,Golden State Warriors,0021900273,2019-11-29T00:00:00,GSW @ MIA,L,48.0,30,77,0.39,10,28,0.357,35,40,0.875,5,26,31,19,9.0,4,3,3,23,30,105,-17.0,1,16,16,16,6,62,58,57,29,39,26,1,1,14,58,60,63,57,6,58,41,10,46,1,34,48,1.0
2019-20,1610612744,GSW,Golden State Warriors,0021900266,2019-11-27T00:00:00,GSW vs. CHI,W,48.0,37,81,0.457,11,29,0.379,19,26,0.731,13,41,54,31,21.0,12,9,4,17,20,104,14.0,1,1,1,1,6,36,52,25,22,36,22,26,20,48,12,5,5,6,58,6,3,22,14,28,37,5,1.0
2019-20,1610612744,GSW,Golden State Warriors,0021900250,2019-11-25T00:00:00,GSW vs. OKC,L,48.0,37,89,0.416,9,20,0.45,14,16,0.875,9,32,41,27,13.0,10,7,13,17,16,97,-3.0,1,16,16,16,6,36,28,41,35,63,8,48,55,14,35,36,38,23,25,16,7,65,14,55,51,17,1.0
2019-20,1610612744,GSW,Golden State Warriors,0021900223,2019-11-22T00:00:00,GSW @ UTA,L,48.0,43,94,0.457,12,28,0.429,11,12,0.917,6,31,37,28,9.0,11,3,10,18,14,109,-4.0,1,16,16,16,6,11,13,23,17,39,12,56,61,6,52,42,49,18,6,9,41,62,21,63,26,19,1.0
2019-20,1610612744,GSW,Golden State Warriors,0021900208,2019-11-20T00:00:00,GSW @ DAL,L,48.0,35,90,0.389,8,27,0.296,16,25,0.64,9,25,34,18,10.0,7,5,7,16,21,94,-48.0,1,16,16,16,6,47,25,59,50,48,43,41,21,62,35,62,57,60,10,38,28,49,8,23,55,65,1.0
2019-20,1610612744,GSW,Golden State Warriors,0021900198,2019-11-19T00:00:00,GSW @ MEM,W,48.0,43,90,0.478,9,29,0.31,19,22,0.864,11,40,51,33,15.0,5,10,4,24,23,114,19.0,1,1,1,1,6,11,25,15,35,36,37,26,37,19,23,7,10,5,32,54,1,22,51,14,17,1,1.0
2019-20,1610612744,GSW,Golden State Warriors,0021900187,2019-11-17T00:00:00,GSW @ NOP,L,48.0,37,91,0.407,7,25,0.28,19,23,0.826,9,34,43,23,12.0,7,3,5,19,21,100,-8.0,1,16,16,16,6,36,22,46,53,54,49,26,32,30,35,24,31,43,22,38,41,31,26,23,45,30,1.0
2019-20,1610612744,GSW,Golden State Warriors,0021900173,2019-11-15T00:00:00,GSW vs. BOS,L,48.0,34,82,0.415,5,28,0.179,27,34,0.794,12,43,55,17,20.0,8,4,5,19,24,100,-5.0,1,16,16,16,6,53,47,42,59,39,60,6,4,35,18,1,3,63,53,29,35,31,26,7,45,22,1.0
2019-20,1610612744,GSW,Golden State Warriors,0021900159,2019-11-13T00:00:00,GSW @ LAL,L,48.0,36,89,0.404,9,35,0.257,13,17,0.765,10,23,33,29,17.0,8,7,6,14,18,94,-26.0,1,16,16,16,6,42,28,47,35,17,54,51,52,41,29,64,61,15,41,29,7,44,4,47,55,58,1.0
2019-20,1610612744,GSW,Golden State Warriors,0021900144,2019-11-11T00:00:00,GSW vs. UTA,L,48.0,45,94,0.479,10,31,0.323,8,14,0.571,8,36,44,23,10.0,8,2,3,24,16,108,-14.0,1,16,16,16,6,5,13,14,29,31,31,65,58,65,40,14,25,43,10,29,51,10,51,55,28,42,1.0
2019-20,1610612744,GSW,Golden State Warriors,0021900131,2019-11-09T00:00:00,GSW @ OKC,L,48.0,42,85,0.494,7,22,0.318,17,17,1.0,6,28,34,22,15.0,9,6,5,18,17,108,-6.0,1,16,16,16,6,16,43,9,53,61,35,36,52,1,52,52,57,49,32,21,16,31,21,51,28,25,1.0
2019-20,1610612744,GSW,Golden State Warriors,0021900120,2019-11-08T00:00:00,GSW @ MIN,L,53.0,43,103,0.417,10,35,0.286,23,24,0.958,13,36,49,18,20.0,12,9,10,26,23,119,-6.0,1,16,16,16,1,11,4,40,29,17,45,17,27,5,12,14,13,60,53,6,3,62,60,14,11,25,1.0
2019-20,1610612744,GSW,Golden State Warriors,0021900107,2019-11-06T00:00:00,GSW @ HOU,L,48.0,38,96,0.396,13,33,0.394,23,28,0.821,16,35,51,22,11.0,7,1,9,12,20,112,-17.0,1,16,16,16,6,32,8,52,14,24,19,17,16,32,6,20,10,49,16,38,59,61,1,28,21,48,1.0
2019-20,1610612744,GSW,Golden State Warriors,0021900096,2019-11-04T00:00:00,GSW vs. POR,W,48.0,42,86,0.488,10,26,0.385,33,36,0.917,8,39,47,28,10.0,4,4,6,17,23,127,9.0,1,1,1,1,6,16,41,11,29,52,21,2,2,6,40,9,17,18,10,58,35,44,14,14,4,9,1.0
2019-20,1610612744,GSW,Golden State Warriors,0021900083,2019-11-02T00:00:00,GSW vs. CHA,L,48.0,34,77,0.442,9,28,0.321,10,13,0.769,5,35,40,23,18.0,5,5,1,22,15,87,-6.0,1,16,16,16,6,53,58,30,35,39,32,58,59,39,58,20,40,43,45,54,28,1,41,58,61,25,1.0
2019-20,1610612744,GSW,Golden State Warriors,0021900076,2019-11-01T00:00:00,GSW vs. SAS,L,48.0,39,84,0.464,13,28,0.464,19,21,0.905,7,32,39,25,11.0,4,2,2,22,19,110,-17.0,1,16,16,16,6,28,44,20,14,39,6,26,42,8,43,36,44,33,16,58,51,4,41,40,23,48,1.0
2019-20,1610612744,GSW,Golden State Warriors,0021900065,2019-10-30T00:00:00,GSW vs. PHX,L,48.0,36,82,0.439,8,28,0.286,30,36,0.833,7,36,43,24,18.0,8,6,4,22,22,110,-11.0,1,16,16,16,6,42,47,31,50,39,45,3,2,24,43,14,31,38,45,29,16,22,41,20,23,37,2.0
2019-20,1610612744,GSW,Golden State Warriors,0021900047,2019-10-28T00:00:00,GSW @ NOP,W,48.0,51,104,0.49,14,35,0.4,18,24,0.75,19,42,61,37,18.0,8,2,7,22,20,134,11.0,1,1,1,1,6,1,2,10,12,17,16,33,27,44,1,3,1,2,45,29,51,49,41,28,1,8,1.0
2019-20,1610612744,GSW,Golden State Warriors,0021900036,2019-10-27T00:00:00,GSW @ OKC,L,48.0,30,92,0.326,5,33,0.152,27,31,0.871,12,27,39,17,15.0,13,2,5,15,26,92,-28.0,1,16,16,16,6,62,18,65,59,24,62,6,9,16,18,55,44,63,32,3,51,31,7,2,58,60,1.0
2019-20,1610612744,GSW,Golden State Warriors,0021900016,2019-10-24T00:00:00,GSW vs. LAC,L,48.0,39,99,0.394,15,42,0.357,29,30,0.967,15,27,42,27,13.0,7,0,5,21,24,122,-19.0,1,16,16,16,6,28,6,56,8,3,26,5,12,3,7,55,34,23,25,38,64,31,37,7,7,52,1.0
2020-21,1610612744,GSW,Golden State Warriors,0022001070,2021-05-16T00:00:00,GSW vs. MEM,W,48.0,41,83,0.494,15,39,0.385,16,18,0.889,12,34,46,26,20.0,9,4,5,19,21,113,12.0,1,1,1,1,2,35,56,25,27,31,33,32,46,10,5,36,18,41,65,23,36,38,15,28,40,20,1.0
2020-21,1610612744,GSW,Golden State Warriors,0022001059,2021-05-14T00:00:00,GSW vs. NOP,W,48.0,42,87,0.483,17,39,0.436,24,30,0.8,8,38,46,29,12.0,4,4,3,21,23,125,3.0,1,1,1,1,2,29,42,32,15,31,16,10,9,30,34,19,18,28,14,64,36,17,35,12,12,34,1.0
2020-21,1610612744,GSW,Golden State Warriors,0022001039,2021-05-11T00:00:00,GSW vs. PHX,W,48.0,47,95,0.495,11,40,0.275,17,20,0.85,12,28,40,33,10.0,8,1,6,20,20,122,6.0,1,1,1,1,2,8,10,22,56,26,63,28,38,20,5,68,48,10,1,33,66,51,30,33,16,30,1.0
2020-21,1610612744,GSW,Golden State Warriors,0022001030,2021-05-10T00:00:00,GSW vs. UTA,W,48.0,41,88,0.466,14,42,0.333,23,25,0.92,9,32,41,26,10.0,8,2,1,20,20,119,3.0,1,1,1,1,2,35,33,39,38,20,52,11,15,3,21,49,42,41,1,33,60,2,30,33,21,34,1.0
2020-21,1610612744,GSW,Golden State Warriors,0022001017,2021-05-08T00:00:00,GSW vs. OKC,W,48.0,47,81,0.58,27,54,0.5,15,18,0.833,2,44,46,31,19.0,5,4,1,19,16,136,39.0,1,1,1,1,2,8,62,2,1,1,6,36,46,22,72,4,18,17,62,58,36,2,15,53,5,1,1.0
2020-21,1610612744,GSW,Golden State Warriors,0022001001,2021-05-06T00:00:00,GSW vs. OKC,W,48.0,42,86,0.488,19,47,0.404,15,18,0.833,7,42,49,36,14.0,4,1,1,19,19,118,21.0,1,1,1,1,2,29,44,28,9,5,25,36,46,22,42,7,9,7,28,64,66,2,15,39,24,11,1.0
2020-21,1610612744,GSW,Golden State Warriors,0022000987,2021-05-04T00:00:00,GSW @ NOP,L,48.0,39,93,0.419,20,53,0.377,5,7,0.714,8,40,48,22,18.0,7,9,3,17,9,103,-5.0,1,40,40,40,2,45,14,59,5,2,38,72,72,52,34,12,11,60,57,44,4,17,8,71,57,47,1.0
2020-21,1610612744,GSW,Golden State Warriors,0022000977,2021-05-03T00:00:00,GSW @ NOP,W,48.0,47,88,0.534,17,44,0.386,12,14,0.857,5,33,38,31,15.0,9,8,4,28,8,123,15.0,1,1,1,1,2,8,33,10,15,15,32,57,62,17,54,43,57,17,34,23,6,28,68,72,14,15,1.0
2020-21,1610612744,GSW,Golden State Warriors,0022000958,2021-05-01T00:00:00,GSW @ HOU,W,48.0,39,84,0.464,18,46,0.391,17,24,0.708,4,46,50,32,17.0,10,8,3,18,18,113,26.0,1,1,1,1,2,45,53,42,11,8,30,28,20,55,62,1,7,13,52,15,6,17,9,44,40,7,1.0
2020-21,1610612744,GSW,Golden State Warriors,0022000946,2021-04-29T00:00:00,GSW @ MIN,L,48.0,42,85,0.494,15,38,0.395,15,21,0.714,4,30,34,28,10.0,10,7,2,21,21,114,-12.0,1,40,40,40,2,29,50,24,27,36,28,36,32,52,62,62,69,33,1,15,13,8,35,28,35,57,1.0
2020-21,1610612744,GSW,Golden State Warriors,0022000932,2021-04-27T00:00:00,GSW vs. DAL,L,48.0,34,84,0.405,16,43,0.372,19,24,0.792,10,33,43,25,18.0,11,5,4,18,19,103,-30.0,1,40,40,40,2,64,53,62,23,17,40,21,20,33,13,43,37,46,57,11,28,28,9,39,57,69,1.0
2020-21,1610612744,GSW,Golden State Warriors,0022000915,2021-04-25T00:00:00,GSW vs. SAC,W,48.0,46,95,0.484,14,36,0.389,11,15,0.733,17,36,53,30,17.0,5,3,5,16,15,117,4.0,1,1,1,1,2,13,10,30,38,49,31,60,58,47,1,26,3,23,52,58,51,38,6,62,27,32,1.0
2020-21,1610612744,GSW,Golden State Warriors,0022000903,2021-04-23T00:00:00,GSW vs. DEN,W,48.0,45,84,0.536,15,39,0.385,13,18,0.722,7,45,52,40,15.0,8,4,7,15,14,118,21.0,1,1,1,1,2,20,53,8,27,31,33,51,46,49,42,2,5,2,34,33,36,64,4,66,24,11,1.0
2020-21,1610612744,GSW,Golden State Warriors,0022000885,2021-04-21T00:00:00,GSW @ WAS,L,48.0,40,101,0.396,15,45,0.333,19,21,0.905,10,34,44,22,17.0,15,5,7,23,16,114,-4.0,1,40,40,40,2,42,2,64,27,11,52,21,32,6,13,36,34,60,52,2,28,64,44,53,35,44,1.0
2020-21,1610612744,GSW,Golden State Warriors,0022000870,2021-04-19T00:00:00,GSW @ PHI,W,48.0,34,76,0.447,14,32,0.438,25,32,0.781,6,39,45,15,16.0,2,5,6,19,21,107,11.0,1,1,1,1,2,64,71,50,38,63,15,9,7,36,48,14,29,71,42,71,28,51,15,28,49,23,1.0
2020-21,1610612744,GSW,Golden State Warriors,0022000858,2021-04-17T00:00:00,GSW @ BOS,L,48.0,41,80,0.513,17,40,0.425,15,20,0.75,8,32,40,22,18.0,6,2,2,23,18,114,-5.0,1,40,40,40,2,35,65,15,15,26,18,36,38,42,34,49,48,60,57,48,60,8,44,44,35,47,1.0
2020-21,1610612744,GSW,Golden State Warriors,0022000841,2021-04-15T00:00:00,GSW @ CLE,W,48.0,47,92,0.511,17,46,0.37,8,10,0.8,9,38,47,33,16.0,9,5,2,24,20,119,18.0,1,1,1,1,2,8,17,17,15,8,41,68,68,30,21,19,15,10,42,23,28,8,53,33,21,13,1.0
2020-21,1610612744,GSW,Golden State Warriors,0022000836,2021-04-14T00:00:00,GSW @ OKC,W,48.0,52,95,0.547,24,47,0.511,19,23,0.826,9,32,41,39,14.0,12,6,2,20,22,147,38.0,1,1,1,1,2,1,10,6,2,5,5,21,25,27,21,49,42,3,28,8,17,8,30,17,1,2,1.0
2020-21,1610612744,GSW,Golden State Warriors,0022000821,2021-04-12T00:00:00,GSW vs. DEN,W,48.0,39,81,0.481,18,44,0.409,20,22,0.909,4,32,36,23,16.0,11,3,2,22,24,116,9.0,1,1,1,1,2,45,62,33,11,15,22,17,30,5,62,49,64,55,42,11,51,8,40,8,29,26,1.0
2020-21,1610612744,GSW,Golden State Warriors,0022000802,2021-04-10T00:00:00,GSW vs. HOU,W,48.0,49,91,0.538,14,35,0.4,13,16,0.813,9,36,45,31,16.0,13,5,3,19,17,125,16.0,1,1,1,1,2,5,20,7,38,53,26,51,56,29,21,26,29,17,42,4,28,17,15,47,12,14,1.0
2020-21,1610612744,GSW,Golden State Warriors,0022000798,2021-04-09T00:00:00,GSW vs. WAS,L,48.0,41,88,0.466,11,36,0.306,14,21,0.667,8,33,41,27,13.0,15,3,1,20,16,107,-3.0,1,40,40,40,2,35,33,39,56,49,59,47,32,65,34,43,42,36,18,2,51,2,30,53,49,43,1.0
2020-21,1610612744,GSW,Golden State Warriors,0022000774,2021-04-06T00:00:00,GSW vs. MIL,W,48.0,46,96,0.479,15,40,0.375,15,17,0.882,12,30,42,28,11.0,6,5,2,18,13,122,1.0,1,1,1,1,2,13,9,34,27,26,39,36,54,12,5,62,41,33,7,48,28,8,9,69,16,37,1.0
2020-21,1610612744,GSW,Golden State Warriors,0022000759,2021-04-04T00:00:00,GSW @ ATL,L,48.0,43,92,0.467,10,40,0.25,15,21,0.714,9,36,45,25,16.0,12,6,3,26,19,111,-6.0,1,40,40,40,2,27,17,38,62,26,66,36,32,52,21,26,29,46,42,8,17,17,62,39,42,50,1.0
2020-21,1610612744,GSW,Golden State Warriors,0022000737,2021-04-02T00:00:00,GSW @ TOR,L,48.0,26,79,0.329,11,34,0.324,14,18,0.778,7,31,38,19,21.0,5,4,8,18,17,77,-53.0,1,40,40,40,2,72,66,72,56,56,56,47,46,37,42,56,57,69,69,58,36,68,9,47,72,72,1.0
2020-21,1610612744,GSW,Golden State Warriors,0022000733,2021-04-01T00:00:00,GSW @ MIA,L,48.0,36,82,0.439,15,37,0.405,22,25,0.88,12,34,46,23,20.0,7,3,6,26,22,109,-7.0,1,40,40,40,2,61,60,52,27,43,23,14,15,13,5,36,18,55,65,44,51,51,62,17,45,51,1.0
2020-21,1610612744,GSW,Golden State Warriors,0022000716,2021-03-29T00:00:00,GSW vs. CHI,W,48.0,46,92,0.5,16,38,0.421,8,9,0.889,10,29,39,28,15.0,9,8,5,14,18,116,14.0,1,1,1,1,2,13,17,20,23,36,21,68,70,10,13,66,54,33,34,23,6,38,3,44,29,17,1.0
2020-21,1610612744,GSW,Golden State Warriors,0022000692,2021-03-26T00:00:00,GSW vs. ATL,L,48.0,39,79,0.494,12,28,0.429,18,26,0.692,5,28,33,29,13.0,7,4,5,22,23,108,-16.0,1,40,40,40,2,45,66,26,53,69,17,25,13,61,54,68,70,28,18,44,36,38,40,12,46,59,1.0
2020-21,1610612744,GSW,Golden State Warriors,0022000682,2021-03-25T00:00:00,GSW @ SAC,L,48.0,45,88,0.511,17,32,0.531,12,12,1.0,7,31,38,24,12.0,4,0,4,19,13,119,-22.0,1,40,40,40,2,20,33,16,15,63,2,57,65,1,42,56,57,53,14,64,71,28,15,69,21,63,1.0
2020-21,1610612744,GSW,Golden State Warriors,0022000665,2021-03-23T00:00:00,GSW vs. PHI,L,48.0,36,83,0.434,8,25,0.32,18,26,0.692,6,32,38,22,13.0,5,7,4,23,24,98,-10.0,1,40,40,40,2,61,56,54,68,71,57,25,13,61,48,49,57,60,18,58,13,28,44,8,65,55,1.0
2020-21,1610612744,GSW,Golden State Warriors,0022000642,2021-03-20T00:00:00,GSW @ MEM,L,48.0,31,90,0.344,13,41,0.317,28,34,0.824,7,39,46,23,12.0,8,7,5,25,22,103,-8.0,1,40,40,40,2,70,24,70,45,23,58,3,4,28,42,14,18,55,14,33,13,38,58,17,57,53,1.0
2020-21,1610612744,GSW,Golden State Warriors,0022000636,2021-03-19T00:00:00,GSW @ MEM,W,48.0,44,91,0.484,15,41,0.366,13,18,0.722,8,35,43,31,13.0,13,6,6,16,17,116,13.0,1,1,1,1,2,23,20,31,27,23,42,51,46,49,34,33,37,17,18,4,17,51,6,47,29,19,1.0
2020-21,1610612744,GSW,Golden State Warriors,0022000622,2021-03-17T00:00:00,GSW @ HOU,W,48.0,41,90,0.456,16,45,0.356,10,12,0.833,6,42,48,32,13.0,7,4,3,26,15,108,14.0,1,1,1,1,2,35,24,45,23,11,45,62,65,22,48,7,11,13,18,44,36,17,62,62,46,17,1.0
2020-21,1610612744,GSW,Golden State Warriors,0022000608,2021-03-15T00:00:00,GSW vs. LAL,L,48.0,34,79,0.43,13,37,0.351,16,24,0.667,9,21,30,24,22.0,9,2,3,23,25,97,-31.0,1,40,40,40,2,64,66,57,45,43,46,32,20,65,21,72,72,53,71,23,60,17,44,7,68,70,1.0
2020-21,1610612744,GSW,Golden State Warriors,0022000594,2021-03-14T00:00:00,GSW vs. UTA,W,48.0,50,89,0.562,16,31,0.516,15,18,0.833,5,35,40,33,14.0,12,2,6,26,16,131,12.0,1,1,1,1,2,4,27,4,23,65,3,36,46,22,54,33,48,10,28,8,60,51,62,53,7,20,1.0
2020-21,1610612744,GSW,Golden State Warriors,0022000576,2021-03-11T00:00:00,GSW @ LAC,L,48.0,38,88,0.432,9,36,0.25,19,27,0.704,5,39,44,20,16.0,6,6,6,23,22,104,-26.0,1,40,40,40,2,51,33,55,65,49,66,21,11,57,54,14,34,68,42,48,17,51,44,17,54,66,1.0
2020-21,1610612744,GSW,Golden State Warriors,0022000185,2021-03-04T00:00:00,GSW @ PHX,L,48.0,38,88,0.432,12,35,0.343,10,16,0.625,9,31,40,22,17.0,9,4,4,11,16,98,-22.0,1,40,40,40,2,51,33,55,53,53,49,62,56,71,21,56,48,60,52,23,36,28,1,53,65,63,1.0
2020-21,1610612744,GSW,Golden State Warriors,0022000550,2021-03-03T00:00:00,GSW @ POR,L,48.0,41,97,0.423,15,42,0.357,9,14,0.643,17,37,54,27,11.0,8,1,4,24,16,106,-2.0,1,40,40,40,2,35,6,58,27,20,44,65,62,69,1,22,1,36,7,33,66,28,53,53,52,40,1.0
2020-21,1610612744,GSW,Golden State Warriors,0022000527,2021-02-28T00:00:00,GSW @ LAL,L,48.0,35,86,0.407,8,34,0.235,13,19,0.684,3,32,35,26,20.0,10,4,6,25,21,91,-26.0,1,40,40,40,2,63,44,61,68,56,69,51,42,63,69,49,66,41,65,15,36,51,58,28,71,66,1.0
2020-21,1610612744,GSW,Golden State Warriors,0022000511,2021-02-26T00:00:00,GSW vs. CHA,W,48.0,48,79,0.608,11,24,0.458,23,25,0.92,4,33,37,38,25.0,10,3,1,19,23,130,9.0,1,1,1,1,2,7,66,1,56,72,11,11,15,3,62,43,62,4,72,15,51,2,15,12,8,26,1.0
2020-21,1610612744,GSW,Golden State Warriors,0022000489,2021-02-24T00:00:00,GSW @ IND,W,48.0,39,83,0.47,5,26,0.192,28,31,0.903,8,33,41,27,18.0,10,4,6,25,22,111,4.0,1,1,1,1,2,45,56,36,72,70,72,3,8,7,34,43,42,36,57,15,36,51,58,17,42,32,1.0
2020-21,1610612744,GSW,Golden State Warriors,0022000483,2021-02-23T00:00:00,GSW @ NYK,W,48.0,40,89,0.449,13,38,0.342,21,24,0.875,7,34,41,30,10.0,9,8,5,18,23,114,8.0,1,1,1,1,2,42,27,49,45,36,50,15,20,15,42,36,42,23,1,23,6,38,9,12,35,28,1.0
2020-21,1610612744,GSW,Golden State Warriors,0022000459,2021-02-20T00:00:00,GSW @ CHA,L,48.0,37,85,0.435,13,39,0.333,13,17,0.765,9,30,39,23,14.0,10,3,2,12,22,100,-2.0,1,40,40,40,2,59,50,53,45,31,52,51,54,38,21,62,54,55,28,15,51,8,2,17,61,40,1.0
2020-21,1610612744,GSW,Golden State Warriors,0022000449,2021-02-19T00:00:00,GSW @ ORL,L,48.0,46,97,0.474,19,42,0.452,9,15,0.6,9,36,45,37,13.0,8,0,8,19,19,120,-4.0,1,40,40,40,2,13,6,35,9,20,12,65,58,72,21,26,29,5,18,33,71,68,15,39,19,44,1.0
2020-21,1610612744,GSW,Golden State Warriors,0022000443,2021-02-17T00:00:00,GSW vs. MIA,W,53.0,43,95,0.453,18,52,0.346,16,21,0.762,9,37,46,32,16.0,10,1,5,19,22,120,8.0,1,1,1,1,1,27,10,47,11,3,48,32,32,40,21,22,18,13,42,15,66,38,15,17,19,28,1.0
2020-21,1610612744,GSW,Golden State Warriors,0022000424,2021-02-15T00:00:00,GSW vs. CLE,W,48.0,46,88,0.523,17,37,0.459,20,21,0.952,5,34,39,34,14.0,9,10,3,23,24,129,31.0,1,1,1,1,2,13,33,14,15,43,10,17,32,2,54,36,54,8,28,23,1,17,44,8,10,3,1.0
2020-21,1610612744,GSW,Golden State Warriors,0022000409,2021-02-13T00:00:00,GSW vs. BKN,L,48.0,44,90,0.489,9,34,0.265,20,25,0.8,5,32,37,25,13.0,6,6,5,15,15,117,-17.0,1,40,40,40,2,23,24,27,65,56,65,17,15,30,54,49,62,46,18,48,17,38,4,62,27,60,1.0
2020-21,1610612744,GSW,Golden State Warriors,0022000393,2021-02-11T00:00:00,GSW vs. ORL,W,48.0,41,88,0.466,20,50,0.4,9,12,0.75,9,37,46,29,17.0,6,6,6,20,17,111,6.0,1,1,1,1,2,35,33,39,5,4,26,65,65,42,21,22,18,28,52,48,17,51,30,47,42,30,1.0
2020-21,1610612744,GSW,Golden State Warriors,0022000378,2021-02-09T00:00:00,GSW @ SAS,W,48.0,42,91,0.462,17,40,0.425,13,19,0.684,10,40,50,26,11.0,8,4,5,19,16,114,23.0,1,1,1,1,2,29,20,43,15,26,18,51,42,63,13,12,7,41,7,33,36,38,15,53,35,8,1.0
2020-21,1610612744,GSW,Golden State Warriors,0022000371,2021-02-08T00:00:00,GSW @ SAS,L,48.0,38,86,0.442,13,37,0.351,11,15,0.733,6,43,49,29,20.0,4,6,6,19,16,100,-5.0,1,40,40,40,2,51,44,51,45,43,46,60,58,47,48,6,9,28,65,64,17,51,15,53,61,47,1.0
2020-21,1610612744,GSW,Golden State Warriors,0022000360,2021-02-06T00:00:00,GSW @ DAL,L,48.0,46,86,0.535,20,45,0.444,20,23,0.87,6,34,40,27,16.0,11,4,0,24,19,132,-2.0,1,40,40,40,2,13,44,9,5,11,13,17,25,16,48,36,48,36,42,11,36,1,53,39,6,40,1.0
2020-21,1610612744,GSW,Golden State Warriors,0022000339,2021-02-04T00:00:00,GSW @ DAL,W,48.0,51,89,0.573,22,43,0.512,23,27,0.852,4,41,45,37,10.0,6,6,3,19,24,147,31.0,1,1,1,1,2,2,27,3,4,17,4,11,11,19,62,10,29,5,1,48,17,17,15,8,1,3,1.0
2020-21,1610612744,GSW,Golden State Warriors,0022000326,2021-02-02T00:00:00,GSW vs. BOS,L,48.0,38,83,0.458,15,37,0.405,16,23,0.696,6,30,36,30,11.0,9,4,4,23,20,107,-4.0,1,40,40,40,2,51,56,44,27,43,23,32,25,60,48,62,64,23,7,23,36,28,44,33,49,44,1.0
2020-21,1610612744,GSW,Golden State Warriors,0022000305,2021-01-30T00:00:00,GSW vs. DET,W,48.0,47,89,0.528,17,36,0.472,7,10,0.7,8,39,47,34,14.0,6,5,4,23,14,118,27.0,1,1,1,1,2,8,27,12,15,49,8,70,68,58,34,14,15,8,28,48,28,28,44,66,24,6,1.0
2020-21,1610612744,GSW,Golden State Warriors,0022000286,2021-01-28T00:00:00,GSW @ PHX,L,48.0,38,99,0.384,11,38,0.289,6,8,0.75,12,36,48,21,13.0,8,1,1,19,14,93,-21.0,1,40,40,40,2,51,3,66,56,36,61,71,71,42,5,26,11,65,18,33,66,2,15,66,70,62,1.0
2020-21,1610612744,GSW,Golden State Warriors,0022000283,2021-01-27T00:00:00,GSW vs. MIN,W,48.0,45,85,0.529,15,34,0.441,18,23,0.783,11,35,46,32,21.0,11,5,7,28,22,123,12.0,1,1,1,1,2,20,50,11,27,56,14,25,25,35,11,33,18,13,69,11,28,64,68,17,14,20,1.0
2020-21,1610612744,GSW,Golden State Warriors,0022000266,2021-01-25T00:00:00,GSW vs. MIN,W,48.0,44,89,0.494,14,30,0.467,28,37,0.757,15,31,46,21,15.0,13,10,5,19,28,130,22.0,1,1,1,1,2,23,27,23,38,66,9,3,2,41,3,56,18,65,34,4,1,38,15,2,8,9,1.0
2020-21,1610612744,GSW,Golden State Warriors,0022000242,2021-01-23T00:00:00,GSW @ UTA,L,48.0,42,93,0.452,14,39,0.359,10,15,0.667,4,31,35,30,11.0,6,8,4,21,20,108,-19.0,1,40,40,40,2,29,14,48,38,31,43,62,58,65,62,56,66,23,7,48,6,28,35,33,46,61,1.0
2020-21,1610612744,GSW,Golden State Warriors,0022000228,2021-01-21T00:00:00,GSW vs. NYK,L,48.0,33,86,0.384,9,38,0.237,29,39,0.744,9,37,46,27,10.0,5,3,9,26,29,104,-15.0,1,40,40,40,2,69,44,67,65,36,68,1,1,46,21,22,18,36,1,58,51,70,62,1,54,58,1.0
2020-21,1610612744,GSW,Golden State Warriors,0022000223,2021-01-20T00:00:00,GSW vs. SAS,W,48.0,46,91,0.505,15,38,0.395,14,20,0.7,10,44,54,31,15.0,6,2,2,22,15,121,22.0,1,1,1,1,2,13,20,19,27,36,28,47,38,58,13,4,1,17,34,48,60,8,40,62,18,9,1.0
2020-21,1610612744,GSW,Golden State Warriors,0022000212,2021-01-18T00:00:00,GSW @ LAL,W,48.0,44,87,0.506,12,37,0.324,15,20,0.75,5,27,32,31,13.0,8,3,5,27,22,115,2.0,1,1,1,1,2,23,42,18,53,43,55,36,38,42,54,70,71,17,18,33,51,38,67,17,33,36,1.0
2020-21,1610612744,GSW,Golden State Warriors,0022000177,2021-01-14T00:00:00,GSW @ DEN,L,48.0,38,81,0.469,11,29,0.379,17,24,0.708,5,38,43,29,19.0,9,4,5,25,23,104,-10.0,1,40,40,40,2,51,62,37,56,68,37,28,20,55,54,19,37,28,62,23,36,38,58,12,54,55,1.0
2020-21,1610612744,GSW,Golden State Warriors,0022000163,2021-01-12T00:00:00,GSW vs. IND,L,48.0,34,89,0.382,13,38,0.342,14,22,0.636,10,36,46,25,16.0,8,8,9,21,17,95,-9.0,1,40,40,40,2,64,27,68,45,36,50,47,30,70,13,26,18,46,42,33,6,70,35,47,69,54,1.0
2020-21,1610612744,GSW,Golden State Warriors,0022000148,2021-01-10T00:00:00,GSW vs. TOR,W,48.0,38,93,0.409,13,46,0.283,17,19,0.895,12,39,51,30,15.0,2,10,10,18,22,106,1.0,1,1,1,1,2,51,14,60,45,8,62,28,42,9,5,14,6,23,34,71,1,72,9,17,52,37,1.0
2020-21,1610612744,GSW,Golden State Warriors,0022000130,2021-01-08T00:00:00,GSW vs. LAC,W,48.0,40,82,0.488,20,41,0.488,15,18,0.833,9,29,38,25,16.0,13,3,5,19,16,115,10.0,1,1,1,1,2,42,60,29,5,23,7,36,46,22,21,66,57,46,42,4,51,38,15,53,33,24,1.0
2020-21,1610612744,GSW,Golden State Warriors,0022000116,2021-01-06T00:00:00,GSW vs. LAC,L,48.0,39,86,0.453,8,30,0.267,15,19,0.789,8,27,35,25,13.0,10,2,3,21,26,101,-7.0,1,40,40,40,2,45,44,46,68,66,64,36,42,34,34,70,66,46,18,15,60,17,35,5,60,51,1.0
2020-21,1610612744,GSW,Golden State Warriors,0022000101,2021-01-04T00:00:00,GSW vs. SAC,W,48.0,51,97,0.526,23,43,0.535,12,14,0.857,3,45,48,41,11.0,4,6,6,28,20,137,31.0,1,1,1,1,2,2,6,13,3,17,1,57,62,17,69,2,11,1,7,64,17,51,68,33,3,3,1.0
2020-21,1610612744,GSW,Golden State Warriors,0022000092,2021-01-03T00:00:00,GSW vs. POR,W,48.0,49,88,0.557,13,34,0.382,26,34,0.765,11,42,53,23,15.0,4,7,2,24,27,137,15.0,1,1,1,1,2,5,33,5,45,56,36,7,4,38,11,7,3,55,34,64,13,8,53,3,3,15,1.0
2020-21,1610612744,GSW,Golden State Warriors,0022000078,2021-01-01T00:00:00,GSW vs. POR,L,48.0,31,79,0.392,7,35,0.2,29,33,0.879,3,41,44,19,15.0,4,9,3,28,27,98,-25.0,1,40,40,40,2,70,66,65,71,53,71,1,6,14,69,10,34,69,34,64,4,17,68,3,65,65,1.0
2020-21,1610612744,GSW,Golden State Warriors,0022000047,2020-12-29T00:00:00,GSW @ DET,W,48.0,38,76,0.5,14,33,0.424,26,36,0.722,4,36,40,21,19.0,8,8,6,28,26,116,10.0,1,1,1,1,2,51,71,20,38,61,20,7,3,49,62,26,48,65,62,33,6,51,68,5,29,24,1.0
2020-21,1610612744,GSW,Golden State Warriors,0022000038,2020-12-27T00:00:00,GSW @ CHI,W,48.0,42,104,0.404,18,47,0.383,27,30,0.9,10,31,41,25,12.0,17,4,6,23,21,129,1.0,1,1,1,1,2,29,1,63,11,5,35,6,9,8,13,56,42,46,14,1,36,51,44,28,10,37,1.0
2020-21,1610612744,GSW,Golden State Warriors,0022000006,2020-12-25T00:00:00,GSW @ MIL,L,48.0,34,99,0.343,10,45,0.222,21,25,0.84,10,33,43,14,11.0,5,6,4,22,17,99,-39.0,1,40,40,40,2,64,3,71,62,11,70,15,15,21,13,43,37,72,7,58,17,28,40,47,63,71,1.0
2020-21,1610612744,GSW,Golden State Warriors,0022000001,2020-12-22T00:00:00,GSW @ BKN,L,48.0,37,99,0.374,10,33,0.303,15,23,0.652,13,34,47,26,18.0,6,6,7,24,22,99,-26.0,1,40,40,40,2,59,3,69,62,61,60,36,25,68,4,36,15,41,57,48,17,64,53,17,63,66,1.0
2021-22,1610612744,GSW,Golden State Warriors,0022101225,2022-04-10T00:00:00,GSW @ NOP,W,48.0,49,81,0.605,19,33,0.576,11,13,0.846,7,34,41,33,17.0,5,2,0,15,17,128,21.0,1,1,1,1,3,3,66,1,9,67,2,62,68,17,58,47,59,8,58,67,66,1,3,46,4,9,1.0
2021-22,1610612744,GSW,Golden State Warriors,0022101215,2022-04-09T00:00:00,GSW @ SAS,W,48.0,33,81,0.407,8,32,0.25,26,33,0.788,13,38,51,23,12.0,8,1,3,22,24,100,6.0,1,1,1,1,3,74,66,72,78,71,74,4,4,36,11,21,13,62,15,40,79,25,48,6,68,43,1.0
2021-22,1610612744,GSW,Golden State Warriors,0022101202,2022-04-07T00:00:00,GSW vs. LAL,W,48.0,51,97,0.526,16,32,0.5,10,10,1.0,9,36,45,39,15.0,10,5,4,26,13,128,16.0,1,1,1,1,3,2,2,11,22,71,4,69,77,1,42,36,43,1,33,24,27,44,74,73,4,14,1.0
2021-22,1610612744,GSW,Golden State Warriors,0022101176,2022-04-03T00:00:00,GSW @ SAC,W,48.0,41,79,0.519,16,34,0.471,11,15,0.733,7,40,47,29,17.0,8,8,1,28,15,109,19.0,1,1,1,1,3,37,75,15,22,63,12,62,63,59,58,13,28,28,58,40,4,3,78,62,49,12,1.0
2021-22,1610612744,GSW,Golden State Warriors,0022101165,2022-04-02T00:00:00,GSW vs. UTA,W,48.0,40,84,0.476,20,48,0.417,11,12,0.917,6,35,41,30,11.0,5,6,2,22,17,111,4.0,1,1,1,1,3,44,50,41,4,3,19,62,74,5,75,43,59,20,9,67,19,9,48,46,44,44,1.0
2021-22,1610612744,GSW,Golden State Warriors,0022101145,2022-03-30T00:00:00,GSW vs. PHX,L,48.0,35,83,0.422,13,38,0.342,20,25,0.8,10,38,48,26,21.0,7,4,1,24,19,103,-4.0,1,54,54,54,3,68,54,67,52,51,48,14,18,31,28,21,23,43,77,56,41,3,61,27,61,59,1.0
2021-22,1610612744,GSW,Golden State Warriors,0022101129,2022-03-28T00:00:00,GSW @ MEM,L,48.0,33,81,0.407,9,29,0.31,20,26,0.769,7,33,40,18,17.0,6,7,3,27,21,95,-28.0,1,54,54,54,3,74,66,72,75,81,64,14,17,42,58,54,67,81,58,62,12,25,75,15,75,82,1.0
2021-22,1610612744,GSW,Golden State Warriors,0022101117,2022-03-27T00:00:00,GSW @ WAS,L,48.0,38,89,0.427,8,33,0.242,31,39,0.795,13,33,46,20,10.0,8,2,8,24,24,115,-8.0,1,54,54,54,3,60,30,62,78,67,76,2,2,34,11,54,38,74,7,40,66,77,61,6,33,67,1.0
2021-22,1610612744,GSW,Golden State Warriors,0022101102,2022-03-25T00:00:00,GSW @ ATL,L,48.0,43,90,0.478,14,41,0.341,10,13,0.769,14,33,47,27,16.0,4,1,4,22,18,110,-11.0,1,54,54,54,3,24,22,39,41,32,49,69,68,42,8,54,28,36,46,76,79,44,48,33,46,73,1.0
2021-22,1610612744,GSW,Golden State Warriors,0022101088,2022-03-23T00:00:00,GSW @ MIA,W,48.0,40,77,0.519,15,36,0.417,23,27,0.852,7,38,45,23,13.0,5,2,1,24,19,118,14.0,1,1,1,1,3,44,80,14,28,59,19,10,14,15,58,21,43,62,21,67,66,3,61,27,23,22,1.0
2021-22,1610612744,GSW,Golden State Warriors,0022101080,2022-03-22T00:00:00,GSW @ ORL,L,48.0,34,85,0.4,11,32,0.344,11,16,0.688,12,36,48,21,18.0,6,3,6,23,14,90,-4.0,1,54,54,54,3,71,45,76,65,71,47,62,57,69,14,36,23,71,70,62,51,65,55,69,78,59,1.0
2021-22,1610612744,GSW,Golden State Warriors,0022101070,2022-03-20T00:00:00,GSW vs. SAS,L,48.0,41,90,0.456,11,33,0.333,15,21,0.714,20,37,57,26,15.0,5,1,2,20,18,108,-2.0,1,54,54,54,3,37,22,47,65,67,50,37,33,61,2,30,2,43,33,67,79,9,33,33,50,55,1.0
2021-22,1610612744,GSW,Golden State Warriors,0022101042,2022-03-16T00:00:00,GSW vs. BOS,L,48.0,32,86,0.372,11,48,0.229,13,16,0.813,7,31,38,19,8.0,8,4,4,21,15,88,-22.0,1,54,54,54,3,79,39,80,65,3,79,51,57,28,58,69,75,79,3,40,41,44,41,62,79,80,1.0
2021-22,1610612744,GSW,Golden State Warriors,0022101025,2022-03-14T00:00:00,GSW vs. WAS,W,48.0,45,84,0.536,18,45,0.4,18,22,0.818,6,38,44,26,13.0,7,4,1,21,18,126,14.0,1,1,1,1,3,11,50,8,13,12,23,23,27,27,75,21,48,43,21,56,41,3,41,33,7,22,1.0
2021-22,1610612744,GSW,Golden State Warriors,0022101008,2022-03-12T00:00:00,GSW vs. MIL,W,48.0,45,93,0.484,18,45,0.4,14,15,0.933,12,43,55,33,12.0,3,7,2,19,16,122,13.0,1,1,1,1,3,11,9,34,13,12,23,44,63,4,14,5,4,8,15,81,12,9,22,52,16,27,1.0
2021-22,1610612744,GSW,Golden State Warriors,0022100994,2022-03-10T00:00:00,GSW @ DEN,W,48.0,42,88,0.477,14,42,0.333,15,20,0.75,8,28,36,26,8.0,9,4,6,25,20,113,11.0,1,1,1,1,3,30,31,40,41,24,50,37,41,50,50,81,80,43,3,32,41,65,69,23,39,33,1.0
2021-22,1610612744,GSW,Golden State Warriors,0022100980,2022-03-08T00:00:00,GSW vs. LAC,W,48.0,44,92,0.478,13,34,0.382,11,13,0.846,10,41,51,33,16.0,8,6,3,20,12,112,15.0,1,1,1,1,3,19,12,37,52,63,32,62,68,17,28,8,13,8,46,40,19,25,33,77,43,16,1.0
2021-22,1610612744,GSW,Golden State Warriors,0022100528,2022-03-07T00:00:00,GSW @ DEN,L,48.0,45,88,0.511,17,40,0.425,17,23,0.739,9,32,41,29,14.0,5,0,5,30,25,124,-7.0,1,54,54,54,3,11,31,21,17,35,16,26,25,57,42,61,59,28,27,67,82,57,82,3,11,66,1.0
2021-22,1610612744,GSW,Golden State Warriors,0022100959,2022-03-05T00:00:00,GSW @ LAL,L,48.0,46,92,0.5,15,34,0.441,9,19,0.474,10,31,41,22,16.0,11,4,6,20,18,116,-8.0,1,54,54,54,3,8,12,23,28,63,14,75,44,82,28,69,59,67,46,18,41,65,33,33,29,67,1.0
2021-22,1610612744,GSW,Golden State Warriors,0022100943,2022-03-03T00:00:00,GSW @ DAL,L,48.0,44,81,0.543,15,30,0.5,10,13,0.769,10,27,37,26,15.0,7,5,1,19,16,113,-9.0,1,54,54,54,3,19,66,4,28,77,4,69,68,42,28,82,78,43,33,56,27,3,22,52,39,71,1.0
2021-22,1610612744,GSW,Golden State Warriors,0022100930,2022-03-01T00:00:00,GSW @ MIN,L,48.0,41,90,0.456,13,45,0.289,19,22,0.864,8,32,40,26,17.0,11,3,2,25,20,114,-15.0,1,54,54,54,3,37,22,47,52,12,70,20,27,11,50,61,67,43,58,18,51,9,69,23,36,74,1.0
2021-22,1610612744,GSW,Golden State Warriors,0022100917,2022-02-27T00:00:00,GSW vs. DAL,L,48.0,39,91,0.429,11,39,0.282,12,20,0.6,12,32,44,27,11.0,15,2,7,23,18,101,-6.0,1,54,54,54,3,51,19,61,65,46,71,56,41,78,14,61,48,36,9,3,66,72,55,33,66,65,1.0
2021-22,1610612744,GSW,Golden State Warriors,0022100894,2022-02-24T00:00:00,GSW @ POR,W,48.0,45,88,0.511,15,41,0.366,27,32,0.844,10,36,46,36,12.0,10,7,4,23,29,132,37.0,1,1,1,1,3,11,31,21,28,32,37,3,5,20,28,36,38,5,15,24,12,44,55,1,2,4,1.0
2021-22,1610612744,GSW,Golden State Warriors,0022100883,2022-02-16T00:00:00,GSW vs. DEN,L,48.0,45,87,0.517,10,34,0.294,16,24,0.667,8,29,37,26,11.0,13,5,1,21,18,116,-1.0,1,54,54,54,3,11,35,19,71,63,69,34,20,72,50,77,78,43,9,8,27,3,41,33,29,54,1.0
2021-22,1610612744,GSW,Golden State Warriors,0022100866,2022-02-14T00:00:00,GSW @ LAC,L,48.0,39,86,0.453,16,41,0.39,10,13,0.769,7,31,38,23,14.0,7,3,3,18,18,104,-15.0,1,54,54,54,3,51,39,50,22,32,30,69,68,42,58,69,75,62,27,56,51,25,16,33,58,74,1.0
2021-22,1610612744,GSW,Golden State Warriors,0022100854,2022-02-12T00:00:00,GSW vs. LAL,W,48.0,40,90,0.444,12,38,0.316,25,34,0.735,10,40,50,24,9.0,4,3,6,24,24,117,2.0,1,1,1,1,3,44,22,53,61,51,61,5,3,58,28,13,17,59,6,76,51,65,61,6,26,49,1.0
2021-22,1610612744,GSW,Golden State Warriors,0022100837,2022-02-10T00:00:00,GSW vs. NYK,L,48.0,42,91,0.462,15,45,0.333,15,17,0.882,5,33,38,27,8.0,4,5,3,24,18,114,-2.0,1,54,54,54,3,30,19,46,28,12,50,37,53,8,78,54,75,36,3,76,27,25,61,33,36,55,1.0
2021-22,1610612744,GSW,Golden State Warriors,0022100828,2022-02-09T00:00:00,GSW @ UTA,L,48.0,28,78,0.359,16,43,0.372,13,17,0.765,3,32,35,17,13.0,8,3,9,19,16,85,-26.0,1,54,54,54,3,82,79,81,22,20,35,51,53,46,82,61,81,82,21,40,51,79,22,52,81,81,1.0
2021-22,1610612744,GSW,Golden State Warriors,0022100813,2022-02-07T00:00:00,GSW @ OKC,W,48.0,41,82,0.5,15,43,0.349,13,17,0.765,6,34,40,30,15.0,12,3,2,19,14,110,12.0,1,1,1,1,3,37,61,23,28,20,44,51,53,46,75,47,67,20,33,10,51,9,22,69,46,30,1.0
2021-22,1610612744,GSW,Golden State Warriors,0022100785,2022-02-03T00:00:00,GSW vs. SAC,W,48.0,47,84,0.56,20,42,0.476,12,16,0.75,9,31,40,27,16.0,11,3,3,19,16,126,12.0,1,1,1,1,3,5,50,3,4,24,10,56,57,50,42,69,67,36,46,18,51,25,22,52,7,30,1.0
2021-22,1610612744,GSW,Golden State Warriors,0022100771,2022-02-01T00:00:00,GSW @ SAS,W,48.0,43,96,0.448,20,46,0.435,18,18,1.0,15,31,46,30,16.0,10,3,7,17,17,124,4.0,1,1,1,1,3,24,5,51,4,7,15,23,45,1,5,69,38,20,46,24,51,72,7,46,11,44,1.0
2021-22,1610612744,GSW,Golden State Warriors,0022100764,2022-01-31T00:00:00,GSW @ HOU,W,48.0,43,80,0.538,17,40,0.425,19,23,0.826,7,34,41,23,15.0,10,8,3,24,19,122,14.0,1,1,1,1,3,24,72,6,17,35,16,20,25,26,58,47,59,62,33,24,4,25,61,27,16,22,1.0
2021-22,1610612744,GSW,Golden State Warriors,0022100750,2022-01-29T00:00:00,GSW vs. BKN,W,48.0,40,98,0.408,14,45,0.311,16,18,0.889,16,39,55,24,12.0,8,8,10,23,15,110,4.0,1,1,1,1,3,44,1,71,41,12,63,34,45,7,4,18,4,59,15,40,4,82,55,62,46,44,1.0
2021-22,1610612744,GSW,Golden State Warriors,0022100734,2022-01-27T00:00:00,GSW vs. MIN,W,48.0,44,82,0.537,21,36,0.583,15,21,0.714,10,37,47,31,19.0,8,3,4,23,15,124,9.0,1,1,1,1,3,19,61,7,2,59,1,37,33,61,28,30,28,13,72,40,51,44,55,62,11,35,1.0
2021-22,1610612744,GSW,Golden State Warriors,0022100720,2022-01-25T00:00:00,GSW vs. DAL,W,48.0,49,92,0.533,17,43,0.395,15,18,0.833,12,46,58,31,14.0,8,2,4,17,17,130,38.0,1,1,1,1,3,3,12,10,17,20,28,37,45,21,14,1,1,13,27,40,66,44,7,46,3,3,1.0
2021-22,1610612744,GSW,Golden State Warriors,0022100708,2022-01-23T00:00:00,GSW vs. UTA,W,48.0,36,83,0.434,13,42,0.31,9,10,0.9,10,30,40,19,10.0,8,5,2,19,13,94,2.0,1,1,1,1,3,66,54,58,52,24,65,75,77,6,28,75,67,79,7,40,27,9,22,73,76,49,1.0
2021-22,1610612744,GSW,Golden State Warriors,0022100694,2022-01-21T00:00:00,GSW vs. HOU,W,48.0,39,81,0.481,10,30,0.333,17,22,0.773,7,34,41,25,19.0,4,9,3,18,15,105,2.0,1,1,1,1,3,51,66,36,71,77,50,26,27,41,58,47,59,54,72,76,1,25,16,62,54,49,1.0
2021-22,1610612744,GSW,Golden State Warriors,0022100683,2022-01-20T00:00:00,GSW vs. IND,L,53.0,42,94,0.447,9,42,0.214,24,29,0.828,15,38,53,28,21.0,11,6,3,28,23,117,-4.0,1,54,54,54,1,30,7,52,75,24,80,8,9,25,5,21,8,31,77,18,19,25,78,10,26,59,1.0
2021-22,1610612744,GSW,Golden State Warriors,0022100667,2022-01-18T00:00:00,GSW vs. DET,W,48.0,34,83,0.41,14,42,0.333,20,27,0.741,13,41,54,26,13.0,12,3,5,25,23,102,16.0,1,1,1,1,3,71,54,70,41,24,50,14,14,55,11,8,6,43,21,10,51,57,69,10,63,14,1.0
2021-22,1610612744,GSW,Golden State Warriors,0022100652,2022-01-16T00:00:00,GSW @ MIN,L,48.0,32,82,0.39,13,42,0.31,22,29,0.759,7,40,47,20,15.0,6,3,9,17,21,99,-20.0,1,54,54,54,3,79,61,79,52,24,65,11,9,49,58,13,28,74,33,62,51,79,7,15,70,79,1.0
2021-22,1610612744,GSW,Golden State Warriors,0022100637,2022-01-14T00:00:00,GSW @ CHI,W,48.0,53,94,0.564,19,42,0.452,13,17,0.765,9,38,47,39,7.0,12,5,5,17,19,138,42.0,1,1,1,1,3,1,7,2,9,24,13,51,53,46,42,21,28,1,1,10,27,57,7,27,1,1,1.0
2021-22,1610612744,GSW,Golden State Warriors,0022100627,2022-01-13T00:00:00,GSW @ MIL,L,48.0,33,95,0.347,16,48,0.333,17,24,0.708,12,37,49,20,15.0,9,2,7,15,16,99,-19.0,1,54,54,54,3,74,6,82,22,3,50,26,20,66,14,30,19,74,33,32,66,72,3,52,70,77,1.0
2021-22,1610612744,GSW,Golden State Warriors,0022100614,2022-01-11T00:00:00,GSW @ MEM,L,48.0,35,82,0.427,13,36,0.361,25,29,0.862,4,41,45,25,17.0,8,5,8,19,18,108,-8.0,1,54,54,54,3,68,61,63,52,59,38,5,9,12,80,8,43,54,58,40,27,77,22,33,50,67,1.0
2021-22,1610612744,GSW,Golden State Warriors,0022100604,2022-01-09T00:00:00,GSW vs. CLE,W,48.0,39,97,0.402,10,42,0.238,8,10,0.8,22,32,54,24,15.0,16,5,3,20,10,96,14.0,1,1,1,1,3,51,2,75,71,24,77,79,77,31,1,61,6,59,33,2,27,25,33,80,72,22,1.0
2021-22,1610612744,GSW,Golden State Warriors,0022100580,2022-01-06T00:00:00,GSW @ NOP,L,48.0,37,87,0.425,7,33,0.212,15,18,0.833,8,35,43,22,14.0,12,6,5,24,18,96,-5.0,1,54,54,54,3,64,35,64,81,67,81,37,45,21,50,43,50,67,27,10,19,57,61,33,72,63,1.0
2021-22,1610612744,GSW,Golden State Warriors,0022100572,2022-01-05T00:00:00,GSW @ DAL,L,48.0,33,81,0.407,5,28,0.179,11,16,0.688,8,38,46,20,17.0,10,5,5,20,15,82,-17.0,1,54,54,54,3,74,66,72,82,82,82,62,57,69,50,21,38,74,58,24,27,57,33,62,82,76,1.0
2021-22,1610612744,GSW,Golden State Warriors,0022100559,2022-01-03T00:00:00,GSW vs. MIA,W,48.0,45,92,0.489,14,38,0.368,11,13,0.846,7,36,43,39,12.0,11,6,2,17,13,115,7.0,1,1,1,1,3,11,12,30,41,51,36,62,68,17,58,36,50,1,15,18,19,9,7,73,33,40,1.0
2021-22,1610612744,GSW,Golden State Warriors,0022100544,2022-01-01T00:00:00,GSW @ UTA,W,48.0,46,86,0.535,17,32,0.531,14,21,0.667,7,33,40,39,15.0,10,2,0,24,21,123,7.0,1,1,1,1,3,8,39,9,17,71,3,44,33,72,58,54,67,1,33,24,66,1,61,15,14,40,1.0
2021-22,1610612744,GSW,Golden State Warriors,0022100514,2021-12-28T00:00:00,GSW vs. DEN,L,48.0,30,72,0.417,10,32,0.313,16,31,0.516,8,35,43,20,17.0,8,2,5,20,19,86,-3.0,1,54,54,54,3,81,82,69,71,71,62,34,6,80,50,43,50,74,58,40,66,57,33,27,80,57,1.0
2021-22,1610612744,GSW,Golden State Warriors,0022100490,2021-12-25T00:00:00,GSW @ PHX,W,48.0,42,85,0.494,14,37,0.378,18,21,0.857,12,30,42,28,11.0,11,7,2,22,17,116,9.0,1,1,1,1,3,30,45,27,41,55,33,23,33,13,14,75,56,31,9,18,12,9,48,46,29,35,1.0
2021-22,1610612744,GSW,Golden State Warriors,0022100485,2021-12-23T00:00:00,GSW vs. MEM,W,48.0,40,82,0.488,19,40,0.475,14,18,0.778,8,31,39,30,19.0,9,9,6,19,20,113,9.0,1,1,1,1,3,44,61,33,9,35,11,44,45,38,50,69,73,20,72,32,1,65,22,23,39,35,1.0
2021-22,1610612744,GSW,Golden State Warriors,0022100462,2021-12-20T00:00:00,GSW vs. SAC,W,48.0,46,88,0.523,15,37,0.405,6,9,0.667,10,32,42,28,16.0,12,9,3,18,9,113,15.0,1,1,1,1,3,8,31,13,28,55,22,81,80,72,28,61,56,31,46,10,1,25,16,81,39,16,1.0
2021-22,1610612744,GSW,Golden State Warriors,0022100443,2021-12-18T00:00:00,GSW @ TOR,L,48.0,37,79,0.468,11,36,0.306,15,21,0.714,11,36,47,26,20.0,5,5,3,21,21,100,-19.0,1,54,54,54,3,64,75,45,65,59,67,37,33,61,22,36,28,43,76,67,27,25,41,15,68,77,1.0
2021-22,1610612744,GSW,Golden State Warriors,0022100435,2021-12-17T00:00:00,GSW @ BOS,W,48.0,39,90,0.433,16,46,0.348,17,21,0.81,12,33,45,27,14.0,9,8,2,25,19,111,4.0,1,1,1,1,3,51,22,59,22,7,46,26,33,29,14,54,43,36,27,32,4,9,69,27,44,44,1.0
2021-22,1610612744,GSW,Golden State Warriors,0022100414,2021-12-14T00:00:00,GSW @ NYK,W,48.0,35,77,0.455,15,40,0.375,20,27,0.741,7,42,49,28,12.0,3,6,6,22,21,105,9.0,1,1,1,1,3,68,80,49,28,35,34,14,14,55,58,7,19,31,15,81,19,65,48,15,54,35,1.0
2021-22,1610612744,GSW,Golden State Warriors,0022100405,2021-12-13T00:00:00,GSW @ IND,W,48.0,42,84,0.5,8,30,0.267,10,14,0.714,9,38,47,21,18.0,6,6,5,25,18,102,2.0,1,1,1,1,3,30,50,23,78,77,73,69,65,61,42,21,28,71,70,62,19,57,69,33,63,49,1.0
2021-22,1610612744,GSW,Golden State Warriors,0022100396,2021-12-11T00:00:00,GSW @ PHI,L,48.0,34,85,0.4,12,48,0.25,13,18,0.722,10,32,42,21,13.0,5,5,5,22,16,93,-9.0,1,54,54,54,3,71,45,76,61,3,74,51,45,60,28,61,56,71,21,67,27,57,48,52,77,71,1.0
2021-22,1610612744,GSW,Golden State Warriors,0022100376,2021-12-08T00:00:00,GSW vs. POR,W,48.0,33,83,0.398,14,46,0.304,24,31,0.774,10,37,47,22,16.0,9,3,3,19,24,104,10.0,1,1,1,1,3,74,54,78,41,7,68,8,6,40,28,30,28,67,46,32,51,25,22,6,58,34,1.0
2021-22,1610612744,GSW,Golden State Warriors,0022100361,2021-12-06T00:00:00,GSW vs. ORL,W,48.0,43,87,0.494,20,40,0.5,20,29,0.69,7,36,43,28,15.0,15,2,4,19,20,126,31.0,1,1,1,1,3,24,35,26,4,35,4,14,9,68,58,36,50,31,33,3,66,44,22,23,7,5,1.0
2021-22,1610612744,GSW,Golden State Warriors,0022100346,2021-12-04T00:00:00,GSW vs. SAS,L,48.0,40,90,0.444,13,39,0.333,14,21,0.667,11,34,45,26,13.0,6,2,4,18,17,107,-5.0,1,54,54,54,3,44,22,53,52,46,50,44,33,72,22,47,43,43,21,62,66,44,16,46,52,63,1.0
2021-22,1610612744,GSW,Golden State Warriors,0022100340,2021-12-03T00:00:00,GSW vs. PHX,W,48.0,45,92,0.489,19,39,0.487,9,12,0.75,11,40,51,30,17.0,10,8,3,29,15,118,22.0,1,1,1,1,3,11,12,30,9,46,8,75,74,50,22,13,13,20,58,24,4,25,81,62,23,7,1.0
2021-22,1610612744,GSW,Golden State Warriors,0022100316,2021-11-30T00:00:00,GSW @ PHX,L,48.0,36,86,0.419,14,40,0.35,10,14,0.714,15,36,51,25,23.0,7,5,4,13,12,96,-8.0,1,54,54,54,3,66,39,68,41,35,41,69,65,61,5,36,13,54,81,56,27,44,1,77,72,67,1.0
2021-22,1610612744,GSW,Golden State Warriors,0022100300,2021-11-28T00:00:00,GSW @ LAC,W,48.0,38,86,0.442,17,40,0.425,12,22,0.545,11,32,43,25,17.0,19,2,3,27,21,105,15.0,1,1,1,1,3,60,39,56,17,35,16,56,27,79,22,61,50,54,58,1,66,25,75,15,54,16,1.0
2021-22,1610612744,GSW,Golden State Warriors,0022100290,2021-11-26T00:00:00,GSW vs. POR,W,48.0,47,87,0.54,12,37,0.324,12,16,0.75,11,37,48,31,15.0,8,5,2,19,13,118,15.0,1,1,1,1,3,5,35,5,61,55,60,56,57,50,22,30,23,13,33,40,27,9,22,73,23,16,1.0
2021-22,1610612744,GSW,Golden State Warriors,0022100278,2021-11-24T00:00:00,GSW vs. PHI,W,48.0,42,80,0.525,15,38,0.395,17,24,0.708,4,37,41,32,16.0,7,5,7,21,22,116,20.0,1,1,1,1,3,30,72,12,28,51,29,26,20,66,80,30,59,12,46,56,27,72,41,13,29,11,1.0
2021-22,1610612744,GSW,Golden State Warriors,0022100252,2021-11-21T00:00:00,GSW vs. TOR,W,48.0,39,79,0.494,22,45,0.489,19,24,0.792,8,39,47,31,16.0,5,7,4,18,21,119,15.0,1,1,1,1,3,51,75,29,1,12,7,20,20,35,50,18,28,13,46,67,12,44,16,15,20,16,1.0
2021-22,1610612744,GSW,Golden State Warriors,0022100231,2021-11-19T00:00:00,GSW @ DET,W,48.0,38,80,0.475,12,30,0.4,17,21,0.81,14,34,48,22,19.0,8,4,7,23,22,105,3.0,1,1,1,1,3,60,72,42,61,77,23,26,33,29,8,47,23,67,72,40,41,72,55,13,54,48,1.0
2021-22,1610612744,GSW,Golden State Warriors,0022100224,2021-11-18T00:00:00,GSW @ CLE,W,48.0,41,83,0.494,15,43,0.349,7,8,0.875,5,29,34,36,11.0,12,2,3,17,11,104,15.0,1,1,1,1,3,37,54,28,28,20,44,80,81,9,78,77,82,5,9,10,66,25,7,79,58,16,1.0
2021-22,1610612744,GSW,Golden State Warriors,0022100210,2021-11-16T00:00:00,GSW @ BKN,W,48.0,41,79,0.519,13,40,0.325,22,28,0.786,9,44,53,25,22.0,4,8,2,27,23,117,18.0,1,1,1,1,3,37,75,15,52,35,59,11,13,37,42,4,8,54,80,76,4,9,75,10,26,13,1.0
2021-22,1610612744,GSW,Golden State Warriors,0022100194,2021-11-14T00:00:00,GSW @ CHA,L,48.0,38,90,0.422,9,39,0.231,17,25,0.68,11,38,49,31,15.0,8,7,2,17,21,102,-4.0,1,54,54,54,3,60,22,66,75,46,78,26,18,71,22,21,19,13,33,40,12,9,7,15,63,59,1.0
2021-22,1610612744,GSW,Golden State Warriors,0022100183,2021-11-12T00:00:00,GSW vs. CHI,W,48.0,45,93,0.484,15,46,0.326,14,16,0.875,12,35,47,27,16.0,15,3,2,15,16,119,26.0,1,1,1,1,3,11,9,34,28,7,57,44,57,9,14,43,28,36,46,3,51,9,3,52,20,6,1.0
2021-22,1610612744,GSW,Golden State Warriors,0022100169,2021-11-10T00:00:00,GSW vs. MIN,W,48.0,40,85,0.471,11,40,0.275,32,40,0.8,20,33,53,23,16.0,14,6,4,21,28,123,13.0,1,1,1,1,3,44,45,43,65,35,72,1,1,31,2,54,8,62,46,6,19,44,41,2,14,27,1.0
2021-22,1610612744,GSW,Golden State Warriors,0022100152,2021-11-08T00:00:00,GSW vs. ATL,W,48.0,44,92,0.478,18,44,0.409,21,22,0.955,10,29,39,31,14.0,13,4,2,22,16,127,14.0,1,1,1,1,3,19,12,37,13,19,21,13,27,3,28,77,73,13,27,8,41,9,48,52,6,22,1.0
2021-22,1610612744,GSW,Golden State Warriors,0022100145,2021-11-07T00:00:00,GSW vs. HOU,W,48.0,44,85,0.518,15,46,0.326,17,20,0.85,7,34,41,31,17.0,12,3,3,28,16,120,13.0,1,1,1,1,3,19,45,18,28,7,57,26,41,16,58,47,59,13,58,10,51,25,78,52,19,27,1.0
2021-22,1610612744,GSW,Golden State Warriors,0022100130,2021-11-05T00:00:00,GSW vs. NOP,W,48.0,47,91,0.516,20,50,0.4,12,14,0.857,9,40,49,36,11.0,10,4,3,16,18,126,41.0,1,1,1,1,3,5,19,20,4,2,23,56,65,13,42,13,19,5,9,24,41,25,6,33,7,2,1.0
2021-22,1610612744,GSW,Golden State Warriors,0022100117,2021-11-03T00:00:00,GSW vs. CHA,W,48.0,42,86,0.488,18,45,0.4,12,18,0.667,7,46,53,33,17.0,14,4,2,17,14,114,22.0,1,1,1,1,3,30,39,32,13,12,23,56,45,72,58,1,8,8,58,6,41,9,7,69,36,7,1.0
2021-22,1610612744,GSW,Golden State Warriors,0022100086,2021-10-30T00:00:00,GSW vs. OKC,W,48.0,39,92,0.424,21,54,0.389,4,8,0.5,10,46,56,30,16.0,9,8,6,21,8,103,21.0,1,1,1,1,3,51,12,65,2,1,31,82,81,81,28,1,3,20,46,32,4,65,41,82,61,9,1.0
2021-22,1610612744,GSW,Golden State Warriors,0022100070,2021-10-28T00:00:00,GSW vs. MEM,L,53.0,39,90,0.433,14,40,0.35,9,12,0.75,7,41,48,29,23.0,8,7,9,17,14,101,-3.0,1,54,54,54,1,51,22,59,41,35,41,75,74,50,58,8,23,28,81,40,12,79,7,69,66,57,1.0
2021-22,1610612744,GSW,Golden State Warriors,0022100051,2021-10-26T00:00:00,GSW @ OKC,W,48.0,39,83,0.47,14,40,0.35,14,18,0.778,7,39,46,30,15.0,9,8,3,20,18,106,8.0,1,1,1,1,3,51,54,44,41,35,41,44,45,38,58,18,38,20,33,32,4,25,33,33,53,39,1.0
2021-22,1610612744,GSW,Golden State Warriors,0022100039,2021-10-24T00:00:00,GSW @ SAC,W,48.0,43,97,0.443,13,37,0.351,20,24,0.833,14,29,43,26,7.0,12,3,4,13,16,119,12.0,1,1,1,1,3,24,2,55,52,55,40,14,20,21,8,77,50,43,1,10,51,44,1,52,20,30,1.0
2021-22,1610612744,GSW,Golden State Warriors,0022100016,2021-10-21T00:00:00,GSW vs. LAC,W,48.0,43,83,0.518,15,31,0.484,14,22,0.636,10,43,53,27,21.0,5,4,2,20,25,115,2.0,1,1,1,1,3,24,54,17,28,76,9,44,27,77,28,5,8,36,77,67,41,9,33,3,33,49,1.0
2021-22,1610612744,GSW,Golden State Warriors,0022100002,2021-10-19T00:00:00,GSW @ LAL,W,48.0,41,93,0.441,14,39,0.359,25,30,0.833,9,41,50,30,17.0,9,2,4,18,25,121,7.0,1,1,1,1,3,37,9,57,41,46,39,5,8,21,42,8,17,20,58,32,66,44,16,3,18,40,1.0
2022-23,1610612744,GSW,Golden State Warriors,0022201230,2023-04-09T00:00:00,GSW @ POR,W,48.0,58,96,0.604,27,49,0.551,14,16,0.875,9,49,58,47,16.0,13,6,3,18,9,157,56.0,1,1,1,1,6,1,16,1,1,16,1,53,60,18,46,1,4,1,36,1,6,26,10,82,1,1,1.0
2022-23,1610612744,GSW,Golden State Warriors,0022201211,2023-04-07T00:00:00,GSW @ SAC,W,48.0,41,78,0.526,16,36,0.444,21,24,0.875,10,37,47,36,24.0,6,7,3,22,16,119,22.0,1,1,1,1,6,51,77,18,44,66,14,14,19,18,36,25,28,8,80,49,3,26,43,59,39,7,1.0
2022-23,1610612744,GSW,Golden State Warriors,0022201187,2023-04-04T00:00:00,GSW vs. OKC,W,48.0,47,95,0.495,20,47,0.426,22,30,0.733,19,35,54,25,14.0,6,6,1,22,22,136,11.0,1,1,1,1,6,14,19,34,12,24,22,10,4,59,3,29,9,66,20,49,6,2,43,12,6,20,1.0
2022-23,1610612744,GSW,Golden State Warriors,0022201175,2023-04-02T00:00:00,GSW @ DEN,L,48.0,42,105,0.4,9,42,0.214,17,17,1.0,22,35,57,26,15.0,9,4,7,22,17,110,-2.0,1,45,45,45,6,42,3,75,81,49,82,27,55,1,2,29,6,61,28,16,34,68,43,48,66,47,1.0
2022-23,1610612744,GSW,Golden State Warriors,0022201158,2023-03-31T00:00:00,GSW vs. SAS,W,48.0,47,93,0.505,21,49,0.429,15,21,0.714,14,31,45,37,15.0,5,4,4,18,20,130,15.0,1,1,1,1,6,14,24,29,9,16,19,43,32,68,15,53,36,6,28,61,34,40,10,25,9,13,1.0
2022-23,1610612744,GSW,Golden State Warriors,0022201135,2023-03-28T00:00:00,GSW vs. NOP,W,48.0,43,82,0.524,18,40,0.45,16,22,0.727,11,30,41,32,19.0,11,4,4,18,18,120,11.0,1,1,1,1,6,37,71,19,25,53,13,35,29,65,29,60,56,24,65,5,34,40,10,37,35,20,1.0
2022-23,1610612744,GSW,Golden State Warriors,0022201121,2023-03-26T00:00:00,GSW vs. MIN,L,48.0,34,82,0.415,15,40,0.375,13,17,0.765,6,31,37,25,16.0,9,2,2,19,20,96,-3.0,1,45,45,45,6,80,71,72,48,53,42,59,55,51,72,53,67,66,36,16,63,11,17,25,80,48,1.0
2022-23,1610612744,GSW,Golden State Warriors,0022201103,2023-03-24T00:00:00,GSW vs. PHI,W,48.0,42,88,0.477,18,50,0.36,18,24,0.75,10,39,49,27,11.0,3,0,1,21,20,120,8.0,1,1,1,1,6,42,47,43,25,11,52,24,19,56,36,16,18,54,3,73,81,2,33,25,35,29,1.0
2022-23,1610612744,GSW,Golden State Warriors,0022201086,2023-03-22T00:00:00,GSW @ DAL,W,48.0,50,90,0.556,12,39,0.308,15,18,0.833,11,33,44,33,13.0,7,5,2,20,17,127,2.0,1,1,1,1,6,7,40,6,68,58,70,43,52,29,29,43,41,18,11,39,21,11,24,48,16,42,1.0
2022-23,1610612744,GSW,Golden State Warriors,0022201074,2023-03-20T00:00:00,GSW @ HOU,W,48.0,44,88,0.5,17,48,0.354,16,19,0.842,16,32,48,31,20.0,12,6,2,14,14,121,13.0,1,1,1,1,6,34,47,30,40,21,57,35,45,28,7,48,23,28,69,3,6,11,2,70,34,17,1.0
2022-23,1610612744,GSW,Golden State Warriors,0022201061,2023-03-18T00:00:00,GSW @ MEM,L,48.0,39,91,0.429,13,35,0.371,28,34,0.824,15,27,42,27,13.0,3,8,5,21,24,119,-14.0,1,45,45,45,6,64,30,64,63,69,48,1,2,33,13,73,50,54,11,73,2,55,33,6,39,72,1.0
2022-23,1610612744,GSW,Golden State Warriors,0022201048,2023-03-17T00:00:00,GSW @ ATL,L,48.0,47,98,0.48,11,40,0.275,14,20,0.7,16,38,54,28,17.0,6,9,8,20,15,119,-8.0,1,45,45,45,6,14,10,42,75,53,77,53,38,70,7,21,9,44,47,49,1,76,24,64,39,61,1.0
2022-23,1610612744,GSW,Golden State Warriors,0022201041,2023-03-15T00:00:00,GSW @ LAC,L,48.0,49,88,0.557,17,36,0.472,11,15,0.733,7,29,36,28,16.0,5,1,1,25,18,126,-8.0,1,45,45,45,6,11,47,5,40,66,11,68,66,59,65,64,70,44,36,61,74,2,69,37,19,61,1.0
2022-23,1610612744,GSW,Golden State Warriors,0022201025,2023-03-13T00:00:00,GSW vs. PHX,W,48.0,45,83,0.542,19,39,0.487,14,24,0.583,9,32,41,28,16.0,8,6,4,21,23,123,11.0,1,1,1,1,6,25,67,10,20,58,8,53,19,79,46,48,56,44,36,27,6,40,33,8,24,20,1.0
2022-23,1610612744,GSW,Golden State Warriors,0022201012,2023-03-11T00:00:00,GSW vs. MIL,W,53.0,46,112,0.411,23,55,0.418,10,11,0.909,18,47,65,33,15.0,12,4,7,15,14,125,9.0,1,1,1,1,2,20,2,73,6,3,28,76,78,11,4,3,2,18,28,3,34,68,4,70,21,25,1.0
2022-23,1610612744,GSW,Golden State Warriors,0022200996,2023-03-09T00:00:00,GSW @ MEM,L,48.0,36,82,0.439,15,45,0.333,23,24,0.958,8,24,32,25,17.0,9,3,3,17,18,110,-21.0,1,45,45,45,6,76,71,62,48,31,63,7,19,4,56,80,79,66,47,16,49,26,6,37,66,78,1.0
2022-23,1610612744,GSW,Golden State Warriors,0022200982,2023-03-07T00:00:00,GSW @ OKC,L,48.0,47,89,0.528,20,51,0.392,14,16,0.875,8,25,33,36,21.0,8,3,2,21,17,128,-9.0,1,45,45,45,6,14,45,17,12,8,40,53,60,18,56,77,78,8,73,27,49,11,33,48,14,65,1.0
2022-23,1610612744,GSW,Golden State Warriors,0022200964,2023-03-05T00:00:00,GSW @ LAL,L,48.0,36,91,0.396,18,52,0.346,15,18,0.833,7,35,42,27,13.0,2,6,3,21,17,105,-8.0,1,45,45,45,6,76,30,78,25,5,58,43,52,29,65,29,50,54,11,80,6,26,33,48,74,61,1.0
2022-23,1610612744,GSW,Golden State Warriors,0022200953,2023-03-03T00:00:00,GSW vs. NOP,W,48.0,40,78,0.513,10,31,0.323,18,20,0.9,9,34,43,28,18.0,7,4,4,22,22,108,9.0,1,1,1,1,6,58,77,24,78,81,66,24,38,13,46,36,45,44,56,39,34,40,43,12,71,25,1.0
2022-23,1610612744,GSW,Golden State Warriors,0022200945,2023-03-02T00:00:00,GSW vs. LAC,W,48.0,39,93,0.419,14,46,0.304,23,27,0.852,15,45,60,25,12.0,9,6,5,20,24,115,24.0,1,1,1,1,6,64,24,68,55,29,72,7,7,24,13,5,3,66,6,16,6,55,24,6,54,5,1.0
2022-23,1610612744,GSW,Golden State Warriors,0022200931,2023-02-28T00:00:00,GSW vs. POR,W,48.0,49,91,0.538,12,30,0.4,13,16,0.813,12,34,46,34,18.0,5,2,4,19,17,123,18.0,1,1,1,1,6,11,30,12,68,82,34,59,60,35,21,36,33,14,56,61,63,40,17,48,24,9,1.0
2022-23,1610612744,GSW,Golden State Warriors,0022200916,2023-02-26T00:00:00,GSW vs. MIN,W,48.0,39,91,0.429,15,42,0.357,16,22,0.727,16,40,56,23,18.0,11,5,8,19,18,109,5.0,1,1,1,1,6,64,30,64,48,49,54,35,29,65,7,11,7,76,56,5,21,76,17,37,69,36,1.0
2022-23,1610612744,GSW,Golden State Warriors,0022200901,2023-02-24T00:00:00,GSW vs. HOU,W,48.0,37,78,0.474,26,54,0.481,16,18,0.889,7,40,47,27,19.0,3,3,3,20,18,116,15.0,1,1,1,1,6,73,77,46,2,4,9,35,52,16,65,11,28,54,65,73,49,26,24,37,51,13,1.0
2022-23,1610612744,GSW,Golden State Warriors,0022200893,2023-02-23T00:00:00,GSW @ LAL,L,48.0,40,105,0.381,14,49,0.286,17,21,0.81,17,31,48,24,10.0,10,3,3,23,20,111,-13.0,1,45,45,45,6,58,3,80,55,16,75,27,32,36,5,53,23,73,1,11,49,26,55,25,63,71,1.0
2022-23,1610612744,GSW,Golden State Warriors,0022200871,2023-02-14T00:00:00,GSW @ LAC,L,48.0,45,83,0.542,15,34,0.441,19,27,0.704,8,28,36,28,11.0,2,1,4,22,22,124,-10.0,1,45,45,45,6,25,67,10,48,74,17,19,7,69,56,70,70,44,3,80,74,40,43,12,22,67,1.0
2022-23,1610612744,GSW,Golden State Warriors,0022200866,2023-02-13T00:00:00,GSW vs. WAS,W,48.0,52,89,0.584,20,40,0.5,11,15,0.733,11,23,34,40,16.0,10,0,3,19,15,135,9.0,1,1,1,1,6,5,45,2,12,53,6,68,66,59,29,81,76,3,36,11,81,26,17,64,7,25,1.0
2022-23,1610612744,GSW,Golden State Warriors,0022200853,2023-02-11T00:00:00,GSW vs. LAL,L,48.0,40,96,0.417,12,44,0.273,11,12,0.917,7,36,43,31,16.0,11,6,4,21,12,103,-6.0,1,45,45,45,6,58,16,70,68,36,78,68,77,10,65,27,45,28,36,5,6,40,33,78,78,56,1.0
2022-23,1610612744,GSW,Golden State Warriors,0022200830,2023-02-08T00:00:00,GSW @ POR,L,48.0,46,97,0.474,21,49,0.429,9,10,0.9,10,22,32,31,11.0,11,2,3,24,16,122,-3.0,1,45,45,45,6,20,12,47,9,16,19,78,79,13,36,82,79,28,3,5,63,26,63,59,32,48,1.0
2022-23,1610612744,GSW,Golden State Warriors,0022200814,2023-02-06T00:00:00,GSW vs. OKC,W,48.0,56,97,0.577,26,50,0.52,3,7,0.429,11,34,45,43,16.0,6,3,3,17,10,141,27.0,1,1,1,1,6,2,12,3,2,11,3,82,81,82,29,36,36,2,36,49,49,26,6,81,4,4,1.0
2022-23,1610612744,GSW,Golden State Warriors,0022200800,2023-02-04T00:00:00,GSW vs. DAL,W,48.0,45,82,0.549,14,35,0.4,15,19,0.789,5,33,38,33,14.0,6,5,1,24,18,119,6.0,1,1,1,1,6,25,71,8,55,69,34,43,45,43,77,43,66,18,20,49,21,2,63,37,39,33,1.0
2022-23,1610612744,GSW,Golden State Warriors,0022200783,2023-02-02T00:00:00,GSW @ DEN,L,48.0,43,85,0.506,19,38,0.5,12,19,0.632,10,32,42,25,17.0,4,4,2,23,19,117,-17.0,1,45,45,45,6,37,63,27,20,63,6,65,45,78,36,48,50,66,47,71,34,11,55,32,50,76,1.0
2022-23,1610612744,GSW,Golden State Warriors,0022200774,2023-02-01T00:00:00,GSW @ MIN,L,53.0,38,91,0.418,11,35,0.314,27,34,0.794,9,49,58,21,17.0,7,4,7,24,23,114,-5.0,1,45,45,45,2,70,30,69,75,69,68,2,2,42,46,1,4,81,47,39,34,68,63,8,56,54,1.0
2022-23,1610612744,GSW,Golden State Warriors,0022200759,2023-01-30T00:00:00,GSW @ OKC,W,48.0,46,90,0.511,20,47,0.426,16,20,0.8,6,38,44,37,15.0,9,4,4,18,18,128,8.0,1,1,1,1,6,20,40,25,12,24,22,35,38,39,72,21,41,6,28,16,34,40,10,37,14,29,1.0
2022-23,1610612744,GSW,Golden State Warriors,0022200740,2023-01-27T00:00:00,GSW vs. TOR,W,48.0,50,90,0.556,18,43,0.419,11,15,0.733,5,38,43,40,14.0,5,1,4,18,17,129,12.0,1,1,1,1,6,7,40,6,25,42,27,68,66,59,77,21,45,3,20,61,74,40,10,48,11,19,1.0
2022-23,1610612744,GSW,Golden State Warriors,0022200726,2023-01-25T00:00:00,GSW vs. MEM,W,48.0,43,85,0.506,14,32,0.438,22,28,0.786,14,30,44,33,22.0,7,5,3,27,26,122,2.0,1,1,1,1,6,37,63,27,55,78,18,10,6,46,15,60,41,18,77,39,21,26,78,3,32,42,1.0
2022-23,1610612744,GSW,Golden State Warriors,0022200704,2023-01-22T00:00:00,GSW vs. BKN,L,48.0,41,90,0.456,13,32,0.406,21,27,0.778,10,32,42,28,12.0,10,2,7,24,22,116,-4.0,1,45,45,45,6,51,40,56,63,78,33,14,7,49,36,48,50,44,6,11,63,68,63,12,51,53,1.0
2022-23,1610612744,GSW,Golden State Warriors,0022200685,2023-01-20T00:00:00,GSW @ CLE,W,48.0,42,86,0.488,23,43,0.535,13,19,0.684,14,31,45,25,18.0,9,4,8,19,15,120,6.0,1,1,1,1,6,42,60,39,6,42,2,59,45,72,15,53,36,66,56,16,34,76,17,64,35,33,1.0
2022-23,1610612744,GSW,Golden State Warriors,0022200679,2023-01-19T00:00:00,GSW @ BOS,L,53.0,40,100,0.4,18,52,0.346,20,23,0.87,8,39,47,28,16.0,10,7,5,26,19,118,-3.0,1,45,45,45,2,58,7,75,25,5,58,17,25,21,56,16,28,44,36,11,3,55,72,32,47,48,1.0
2022-23,1610612744,GSW,Golden State Warriors,0022200660,2023-01-16T00:00:00,GSW @ WAS,W,48.0,45,91,0.495,18,44,0.409,19,21,0.905,9,34,43,28,12.0,8,1,2,23,21,127,9.0,1,1,1,1,6,25,30,35,25,36,31,19,32,12,46,36,45,44,6,27,74,11,55,22,16,25,1.0
2022-23,1610612744,GSW,Golden State Warriors,0022200650,2023-01-15T00:00:00,GSW @ CHI,L,48.0,41,83,0.494,21,51,0.412,15,22,0.682,7,33,40,35,23.0,6,4,1,22,18,118,-14.0,1,45,45,45,6,51,67,36,9,8,30,43,29,73,65,43,60,12,78,49,34,2,43,37,47,72,1.0
2022-23,1610612744,GSW,Golden State Warriors,0022200635,2023-01-13T00:00:00,GSW @ SAS,W,48.0,55,101,0.545,18,48,0.375,16,20,0.8,12,43,55,33,13.0,9,6,3,26,19,144,31.0,1,1,1,1,6,3,5,9,25,21,42,35,38,39,21,6,8,18,11,16,6,26,72,32,2,3,1.0
2022-23,1610612744,GSW,Golden State Warriors,0022200615,2023-01-10T00:00:00,GSW vs. PHX,L,48.0,37,96,0.385,18,48,0.375,21,27,0.778,16,29,45,24,17.0,13,2,7,26,22,113,-12.0,1,45,45,45,6,73,16,79,25,21,42,14,7,49,7,64,36,73,47,1,63,68,72,12,58,69,1.0
2022-23,1610612744,GSW,Golden State Warriors,0022200594,2023-01-07T00:00:00,GSW vs. ORL,L,48.0,33,88,0.375,18,58,0.31,17,21,0.81,11,38,49,26,16.0,7,1,2,17,14,101,-14.0,1,45,45,45,6,81,47,82,25,2,69,27,32,36,29,21,18,61,36,39,74,11,6,70,79,72,1.0
2022-23,1610612744,GSW,Golden State Warriors,0022200573,2023-01-04T00:00:00,GSW vs. DET,L,48.0,45,87,0.517,15,40,0.375,14,15,0.933,9,31,40,31,14.0,3,4,1,20,11,119,-3.0,1,45,45,45,6,25,55,20,48,53,42,53,66,7,46,53,60,28,20,73,34,2,24,80,39,48,1.0
2022-23,1610612744,GSW,Golden State Warriors,0022200558,2023-01-02T00:00:00,GSW vs. ATL,W,58.0,54,121,0.446,19,59,0.322,16,24,0.667,23,46,69,34,19.0,9,6,10,23,17,143,2.0,1,1,1,1,1,4,1,60,20,1,67,35,19,74,1,4,1,14,65,16,6,82,55,48,3,42,1.0
2022-23,1610612744,GSW,Golden State Warriors,0022200536,2022-12-30T00:00:00,GSW vs. POR,W,48.0,42,91,0.462,17,43,0.395,17,21,0.81,17,29,46,29,13.0,9,2,4,22,20,118,6.0,1,1,1,1,6,42,30,53,40,42,38,27,32,36,5,64,33,42,11,16,63,40,43,25,47,33,1.0
2022-23,1610612744,GSW,Golden State Warriors,0022200521,2022-12-28T00:00:00,GSW vs. UTA,W,48.0,37,87,0.425,16,45,0.356,22,27,0.815,10,41,51,22,13.0,6,3,6,26,22,112,5.0,1,1,1,1,6,73,55,66,44,31,55,10,7,34,36,10,12,80,11,49,49,62,72,12,62,36,1.0
2022-23,1610612744,GSW,Golden State Warriors,0022200513,2022-12-27T00:00:00,GSW vs. CHA,W,48.0,41,95,0.432,8,37,0.216,20,24,0.833,9,40,49,31,14.0,3,2,7,22,20,110,5.0,1,1,1,1,6,51,19,63,82,65,81,17,19,29,46,11,18,28,20,73,63,68,43,25,66,36,1.0
2022-23,1610612744,GSW,Golden State Warriors,0022200496,2022-12-25T00:00:00,GSW vs. MEM,W,48.0,43,91,0.473,18,44,0.409,19,26,0.731,9,42,51,31,12.0,6,5,6,18,23,123,14.0,1,1,1,1,6,37,30,49,25,36,31,19,13,64,46,8,12,28,6,49,21,62,10,8,24,15,1.0
2022-23,1610612744,GSW,Golden State Warriors,0022200470,2022-12-21T00:00:00,GSW @ BKN,L,48.0,41,83,0.494,12,33,0.364,19,25,0.76,9,27,36,32,21.0,6,1,4,14,23,113,-30.0,1,45,45,45,6,51,67,36,68,75,51,19,15,54,46,73,70,24,73,49,74,40,2,8,58,80,1.0
2022-23,1610612744,GSW,Golden State Warriors,0022200463,2022-12-20T00:00:00,GSW @ NYK,L,48.0,35,74,0.473,12,35,0.343,12,13,0.923,4,25,29,23,20.0,3,2,1,22,15,94,-38.0,1,45,45,45,6,78,80,48,68,69,60,65,74,8,80,77,81,76,69,73,63,2,43,64,81,81,1.0
2022-23,1610612744,GSW,Golden State Warriors,0022200448,2022-12-18T00:00:00,GSW @ TOR,W,48.0,43,81,0.531,18,39,0.462,22,26,0.846,12,29,41,31,17.0,6,2,2,21,22,126,16.0,1,1,1,1,6,37,76,15,25,58,12,10,13,26,21,64,56,28,47,49,63,11,33,12,19,11,1.0
2022-23,1610612744,GSW,Golden State Warriors,0022200432,2022-12-16T00:00:00,GSW @ PHI,L,48.0,39,94,0.415,17,43,0.395,11,13,0.846,13,35,48,31,17.0,8,6,5,21,13,106,-12.0,1,45,45,45,6,64,22,71,40,42,38,68,74,26,19,29,23,28,47,27,6,55,33,76,72,69,1.0
2022-23,1610612744,GSW,Golden State Warriors,0022200415,2022-12-14T00:00:00,GSW @ IND,L,48.0,40,86,0.465,14,33,0.424,25,29,0.862,12,34,46,27,24.0,5,4,8,20,25,119,-6.0,1,45,45,45,6,58,60,51,55,75,25,4,5,23,21,36,33,54,80,61,34,76,24,4,39,56,1.0
2022-23,1610612744,GSW,Golden State Warriors,0022200410,2022-12-13T00:00:00,GSW @ MIL,L,48.0,38,95,0.4,20,50,0.4,15,19,0.789,12,25,37,25,18.0,7,2,5,22,18,111,-17.0,1,45,45,45,6,70,19,75,12,11,34,43,45,43,21,77,67,66,56,39,63,55,43,37,63,76,1.0
2022-23,1610612744,GSW,Golden State Warriors,0022200392,2022-12-10T00:00:00,GSW vs. BOS,W,48.0,47,92,0.511,13,39,0.333,16,20,0.8,11,42,53,26,15.0,3,6,6,20,14,123,16.0,1,1,1,1,6,14,26,26,63,58,63,35,38,39,29,8,11,61,28,73,6,62,24,70,24,11,1.0
2022-23,1610612744,GSW,Golden State Warriors,0022200372,2022-12-07T00:00:00,GSW @ UTA,L,48.0,45,98,0.459,14,42,0.333,19,25,0.76,14,28,42,26,14.0,8,5,7,18,17,123,-1.0,1,45,45,45,6,25,10,54,55,49,63,19,15,54,15,70,50,61,20,27,21,68,10,48,24,45,1.0
2022-23,1610612744,GSW,Golden State Warriors,0022200359,2022-12-05T00:00:00,GSW vs. IND,L,48.0,38,94,0.404,13,44,0.295,15,19,0.789,12,35,47,26,12.0,6,6,8,19,18,104,-8.0,1,45,45,45,6,70,22,74,63,36,73,43,45,43,21,29,28,61,6,49,6,76,17,37,77,61,1.0
2022-23,1610612744,GSW,Golden State Warriors,0022200342,2022-12-03T00:00:00,GSW vs. HOU,W,48.0,45,85,0.529,25,52,0.481,5,10,0.5,6,29,35,34,14.0,8,5,4,24,14,120,19.0,1,1,1,1,6,25,63,16,4,5,10,80,79,81,72,64,73,14,20,27,21,40,63,70,35,8,1.0
2022-23,1610612744,GSW,Golden State Warriors,0022200336,2022-12-02T00:00:00,GSW vs. CHI,W,48.0,42,87,0.483,20,50,0.4,15,23,0.652,7,43,50,32,20.0,2,5,1,19,28,119,8.0,1,1,1,1,6,42,55,41,12,11,34,43,25,77,65,6,15,24,69,80,21,2,17,2,39,29,1.0
2022-23,1610612744,GSW,Golden State Warriors,0022200310,2022-11-29T00:00:00,GSW @ DAL,L,48.0,42,88,0.477,11,43,0.256,18,23,0.783,10,40,50,27,18.0,6,3,4,23,21,113,-3.0,1,45,45,45,6,42,47,43,75,42,79,24,25,48,36,11,15,54,56,49,49,40,55,22,58,48,1.0
2022-23,1610612744,GSW,Golden State Warriors,0022200291,2022-11-27T00:00:00,GSW @ MIN,W,48.0,50,87,0.575,20,47,0.426,17,20,0.85,8,39,47,36,16.0,7,6,2,26,19,137,23.0,1,1,1,1,6,7,55,4,12,24,22,27,38,25,56,16,28,8,36,39,6,11,72,32,5,6,1.0
2022-23,1610612744,GSW,Golden State Warriors,0022200284,2022-11-25T00:00:00,GSW vs. UTA,W,48.0,52,101,0.515,20,45,0.444,5,6,0.833,16,33,49,33,21.0,8,3,6,15,15,129,11.0,1,1,1,1,6,5,5,23,12,31,14,80,82,29,7,43,18,18,73,27,49,62,4,64,11,20,1.0
2022-23,1610612744,GSW,Golden State Warriors,0022200271,2022-11-23T00:00:00,GSW vs. LAC,W,48.0,48,97,0.495,19,51,0.373,9,13,0.692,12,33,45,36,13.0,11,6,2,25,13,124,17.0,1,1,1,1,6,13,12,33,20,8,47,78,74,71,21,43,36,8,11,5,6,11,69,76,22,10,1.0
2022-23,1610612744,GSW,Golden State Warriors,0022200253,2022-11-21T00:00:00,GSW @ NOP,L,48.0,28,74,0.378,10,43,0.233,17,19,0.895,4,30,34,17,27.0,9,5,5,20,16,83,-45.0,1,45,45,45,6,82,80,81,78,42,80,27,45,15,80,60,76,82,82,16,21,55,24,59,82,82,1.0
2022-23,1610612744,GSW,Golden State Warriors,0022200245,2022-11-20T00:00:00,GSW @ HOU,W,48.0,46,86,0.535,24,47,0.511,11,15,0.733,8,32,40,38,17.0,8,5,1,22,12,127,7.0,1,1,1,1,6,20,60,13,5,24,5,68,66,59,56,48,60,5,47,27,21,2,43,78,16,32,1.0
2022-23,1610612744,GSW,Golden State Warriors,0022200233,2022-11-18T00:00:00,GSW vs. NYK,W,48.0,41,91,0.451,18,50,0.36,11,20,0.55,12,39,51,32,18.0,8,3,7,26,16,111,10.0,1,1,1,1,6,51,30,58,25,11,52,68,38,80,21,16,12,24,56,27,49,68,72,59,63,24,1.0
2022-23,1610612744,GSW,Golden State Warriors,0022200220,2022-11-16T00:00:00,GSW @ PHX,L,48.0,42,92,0.457,18,42,0.429,17,17,1.0,6,34,40,30,17.0,5,3,8,23,22,119,-11.0,1,45,45,45,6,42,26,55,25,49,19,27,55,1,72,36,60,40,47,61,49,76,55,12,39,68,1.0
2022-23,1610612744,GSW,Golden State Warriors,0022200205,2022-11-14T00:00:00,GSW vs. SAS,W,48.0,47,88,0.534,23,45,0.511,15,16,0.938,5,35,40,35,13.0,9,3,6,17,17,132,37.0,1,1,1,1,6,14,47,14,6,31,4,43,60,5,77,29,60,12,11,16,49,62,6,48,8,2,1.0
2022-23,1610612744,GSW,Golden State Warriors,0022200197,2022-11-13T00:00:00,GSW @ SAC,L,48.0,42,90,0.467,16,47,0.34,15,16,0.938,8,35,43,27,18.0,5,5,2,20,17,115,-7.0,1,45,45,45,6,42,40,50,44,24,62,43,60,5,56,29,45,54,56,61,21,11,24,48,54,58,1.0
2022-23,1610612744,GSW,Golden State Warriors,0022200182,2022-11-11T00:00:00,GSW vs. CLE,W,48.0,40,82,0.488,15,36,0.417,11,14,0.786,8,36,44,29,15.0,5,3,3,27,17,106,5.0,1,1,1,1,6,58,71,40,48,66,29,68,73,46,56,27,41,42,28,61,49,26,78,48,72,36,1.0
2022-23,1610612744,GSW,Golden State Warriors,0022200156,2022-11-07T00:00:00,GSW vs. SAC,W,48.0,44,88,0.5,14,38,0.368,14,21,0.667,8,40,48,28,15.0,5,4,0,21,20,116,3.0,1,1,1,1,6,34,47,30,55,63,49,53,32,74,56,11,23,44,28,61,34,1,33,25,51,41,1.0
2022-23,1610612744,GSW,Golden State Warriors,0022200128,2022-11-04T00:00:00,GSW @ NOP,L,48.0,35,71,0.493,12,32,0.375,23,25,0.92,3,26,29,23,23.0,7,1,2,25,21,105,-9.0,1,45,45,45,6,78,82,38,68,78,42,7,15,9,82,75,81,76,78,39,74,11,69,22,74,65,1.0
2022-23,1610612744,GSW,Golden State Warriors,0022200118,2022-11-03T00:00:00,GSW @ ORL,L,48.0,50,97,0.515,19,43,0.442,10,15,0.667,9,26,35,31,14.0,5,3,6,32,22,129,-1.0,1,45,45,45,6,7,12,22,20,42,16,76,66,74,46,75,73,28,20,61,49,62,82,12,11,45,1.0
2022-23,1610612744,GSW,Golden State Warriors,0022200104,2022-11-01T00:00:00,GSW @ MIA,L,48.0,39,84,0.464,18,49,0.367,13,17,0.765,10,31,41,31,20.0,8,5,3,22,16,109,-7.0,1,45,45,45,6,64,66,52,25,16,50,59,55,51,36,53,56,28,69,27,21,26,43,59,69,58,1.0
2022-23,1610612744,GSW,Golden State Warriors,0022200091,2022-10-30T00:00:00,GSW @ DET,L,48.0,39,92,0.424,12,39,0.308,24,25,0.96,13,29,42,23,15.0,8,4,3,24,25,114,-14.0,1,45,45,45,6,64,26,67,68,58,70,5,15,3,19,64,50,76,28,27,34,26,63,4,56,72,1.0
2022-23,1610612744,GSW,Golden State Warriors,0022200082,2022-10-29T00:00:00,GSW @ CHA,L,53.0,44,100,0.44,13,44,0.295,12,16,0.75,10,39,49,31,10.0,8,6,2,31,14,113,-7.0,1,45,45,45,2,34,7,61,63,36,73,65,60,56,36,16,18,28,1,27,6,11,81,70,58,58,1.0
2022-23,1610612744,GSW,Golden State Warriors,0022200068,2022-10-27T00:00:00,GSW vs. MIA,W,48.0,46,92,0.5,18,46,0.391,13,15,0.867,16,34,50,30,21.0,4,2,5,13,15,123,13.0,1,1,1,1,6,20,26,30,25,29,41,59,66,22,7,36,15,40,73,71,63,55,1,64,24,17,1.0
2022-23,1610612744,GSW,Golden State Warriors,0022200055,2022-10-25T00:00:00,GSW @ PHX,L,48.0,41,91,0.451,10,35,0.286,13,17,0.765,10,30,40,28,16.0,7,7,4,28,19,105,-29.0,1,45,45,45,6,51,30,58,78,69,75,59,55,51,36,60,60,44,36,39,3,40,80,32,74,79,1.0
2022-23,1610612744,GSW,Golden State Warriors,0022200042,2022-10-23T00:00:00,GSW vs. SAC,W,48.0,45,87,0.517,14,33,0.424,26,36,0.722,6,31,37,24,13.0,7,5,2,21,29,130,5.0,1,1,1,1,6,25,55,20,55,75,25,3,1,67,72,53,67,73,11,39,21,11,33,1,9,36,1.0
2022-23,1610612744,GSW,Golden State Warriors,0022200026,2022-10-21T00:00:00,GSW vs. DEN,L,48.0,42,88,0.477,15,44,0.341,24,27,0.889,7,28,35,34,19.0,10,3,2,23,22,123,-5.0,1,45,45,45,6,42,47,43,48,36,61,5,7,16,65,70,73,14,65,11,49,11,55,12,24,54,1.0
2022-23,1610612744,GSW,Golden State Warriors,0022200002,2022-10-18T00:00:00,GSW vs. LAL,W,48.0,45,99,0.455,16,45,0.356,17,23,0.739,11,37,48,31,18.0,11,4,4,23,18,123,14.0,1,1,1,1,6,25,9,57,44,31,55,27,25,58,29,25,23,28,56,5,34,40,55,37,24,15,1.0
2023-24,1610612744,GSW,Golden State Warriors,0022301198,2024-04-14T00:00:00,GSW vs. UTA,W,48.0,45,94,0.479,14,43,0.326,19,23,0.826,12,30,42,35,9.0,10,6,5,14,20,123,7.0,1,1,1,1,6,35,25,36,41,19,61,23,26,29,37,63,62,11,6,8,15,40,6,24,25,30,1.0
2023-24,1610612744,GSW,Golden State Warriors,0022301182,2024-04-12T00:00:00,GSW vs. NOP,L,48.0,40,86,0.465,13,34,0.382,16,21,0.762,11,42,53,27,16.0,6,5,5,15,13,109,-5.0,1,47,47,47,6,56,61,45,53,61,44,39,35,55,47,6,10,49,53,46,26,40,11,71,63,60,1.0
2023-24,1610612744,GSW,Golden State Warriors,0022301169,2024-04-11T00:00:00,GSW @ POR,W,48.0,36,77,0.468,12,35,0.343,16,20,0.8,10,36,46,24,16.0,8,13,3,18,18,100,8.0,1,1,1,1,6,75,81,41,60,55,53,39,39,35,58,31,40,67,53,22,1,14,26,42,79,26,1.0
2023-24,1610612744,GSW,Golden State Warriors,0022301155,2024-04-09T00:00:00,GSW @ LAL,W,48.0,47,80,0.588,26,41,0.634,14,21,0.667,4,38,42,37,15.0,3,12,3,17,14,134,14.0,1,1,1,1,6,22,77,1,1,28,1,47,35,69,82,23,62,7,47,76,3,14,20,65,7,15,1.0
2023-24,1610612744,GSW,Golden State Warriors,0022301142,2024-04-07T00:00:00,GSW vs. UTA,W,48.0,49,92,0.533,14,35,0.4,6,6,1.0,11,36,47,32,16.0,9,8,6,19,9,118,8.0,1,1,1,1,6,11,34,16,41,55,29,78,81,1,47,31,36,21,53,14,5,55,36,81,39,26,1.0
2023-24,1610612744,GSW,Golden State Warriors,0022301097,2024-04-05T00:00:00,GSW @ DAL,L,48.0,41,93,0.441,12,35,0.343,12,18,0.667,11,33,44,27,15.0,12,5,9,19,17,106,-2.0,1,47,47,47,6,51,30,65,60,55,53,58,49,69,47,49,48,49,47,3,26,74,36,46,67,51,1.0
2023-24,1610612744,GSW,Golden State Warriors,0022301113,2024-04-04T00:00:00,GSW @ HOU,W,48.0,47,80,0.588,17,35,0.486,22,25,0.88,12,31,43,29,21.0,6,2,1,23,19,133,23.0,1,1,1,1,6,22,77,1,22,55,8,10,20,9,37,56,53,37,79,46,68,1,66,36,10,3,1.0
2023-24,1610612744,GSW,Golden State Warriors,0022300589,2024-04-02T00:00:00,GSW vs. DAL,W,48.0,41,90,0.456,15,32,0.469,7,7,1.0,11,41,52,29,17.0,9,4,7,18,14,104,4.0,1,1,1,1,6,51,45,53,36,69,11,77,79,1,47,8,13,37,61,14,38,62,26,65,71,37,1.0
2023-24,1610612744,GSW,Golden State Warriors,0022301085,2024-03-31T00:00:00,GSW @ SAS,W,48.0,45,92,0.489,16,39,0.41,11,13,0.846,12,29,41,34,16.0,15,3,5,14,12,117,4.0,1,1,1,1,6,35,34,28,28,39,27,63,67,22,37,66,69,15,53,1,54,40,6,76,44,37,1.0
2023-24,1610612744,GSW,Golden State Warriors,0022301062,2024-03-29T00:00:00,GSW @ CHA,W,48.0,48,89,0.539,11,32,0.344,8,9,0.889,11,39,50,35,13.0,7,5,2,19,10,115,18.0,1,1,1,1,6,17,51,14,66,69,52,72,78,8,47,18,21,11,24,32,26,6,36,79,46,12,1.0
2023-24,1610612744,GSW,Golden State Warriors,0022301049,2024-03-27T00:00:00,GSW @ ORL,W,48.0,40,90,0.444,10,34,0.294,11,13,0.846,12,40,52,26,13.0,5,5,5,18,13,101,8.0,1,1,1,1,6,56,45,63,72,61,73,63,67,22,37,12,13,55,24,59,26,40,26,71,77,26,1.0
2023-24,1610612744,GSW,Golden State Warriors,0022301044,2024-03-26T00:00:00,GSW @ MIA,W,48.0,47,85,0.553,13,38,0.342,6,10,0.6,7,36,43,31,12.0,6,5,2,20,9,113,21.0,1,1,1,1,6,22,66,11,53,45,55,78,75,78,72,31,53,28,20,46,26,6,51,81,49,8,1.0
2023-24,1610612744,GSW,Golden State Warriors,0022301031,2024-03-24T00:00:00,GSW @ MIN,L,48.0,38,85,0.447,14,36,0.389,20,26,0.769,7,34,41,23,13.0,8,3,5,19,17,110,-4.0,1,47,47,47,6,65,66,59,41,51,40,17,18,50,72,44,69,74,24,22,54,40,36,46,58,58,1.0
2023-24,1610612744,GSW,Golden State Warriors,0022301016,2024-03-22T00:00:00,GSW vs. IND,L,48.0,43,106,0.406,14,48,0.292,11,16,0.688,24,40,64,24,14.0,6,6,10,15,14,111,-12.0,1,47,47,47,6,46,5,77,41,4,76,63,55,66,1,12,1,67,36,46,15,78,11,65,57,75,1.0
2023-24,1610612744,GSW,Golden State Warriors,0022301001,2024-03-20T00:00:00,GSW vs. MEM,W,48.0,58,100,0.58,19,39,0.487,2,6,0.333,13,35,48,43,7.0,6,5,3,17,15,137,21.0,1,1,1,1,6,1,11,3,9,39,6,82,81,82,25,37,33,1,2,46,26,14,20,59,5,8,1.0
2023-24,1610612744,GSW,Golden State Warriors,0022300988,2024-03-18T00:00:00,GSW vs. NYK,L,48.0,42,88,0.477,14,36,0.389,14,18,0.778,12,27,39,29,13.0,7,5,1,16,17,112,-7.0,1,47,47,47,6,49,54,38,41,51,40,47,49,47,37,74,74,37,24,32,26,1,17,46,54,64,1.0
2023-24,1610612744,GSW,Golden State Warriors,0022300973,2024-03-16T00:00:00,GSW @ LAL,W,48.0,51,97,0.526,14,34,0.412,12,15,0.8,14,31,45,38,7.0,3,4,4,19,13,128,7.0,1,1,1,1,6,4,19,20,41,61,26,58,60,35,20,56,44,5,2,76,38,28,36,71,17,30,1.0
2023-24,1610612744,GSW,Golden State Warriors,0022300952,2024-03-13T00:00:00,GSW @ DAL,L,48.0,37,92,0.402,9,28,0.321,16,19,0.842,15,27,42,19,17.0,9,3,13,20,16,99,-10.0,1,47,47,47,6,69,34,78,79,80,64,39,44,24,14,74,62,81,61,14,54,82,51,53,80,71,1.0
2023-24,1610612744,GSW,Golden State Warriors,0022300936,2024-03-11T00:00:00,GSW @ SAS,W,48.0,46,93,0.495,12,27,0.444,8,12,0.667,10,35,45,28,14.0,7,4,10,19,15,112,10.0,1,1,1,1,6,31,30,26,60,81,16,72,72,69,58,37,44,44,36,32,38,78,36,59,54,24,1.0
2023-24,1610612744,GSW,Golden State Warriors,0022300921,2024-03-09T00:00:00,GSW vs. SAS,L,48.0,41,88,0.466,10,30,0.333,21,29,0.724,9,30,39,26,12.0,9,7,6,24,22,113,-13.0,1,47,47,47,6,51,54,44,72,78,59,15,10,62,62,63,74,55,20,14,9,55,70,9,49,77,1.0
2023-24,1610612744,GSW,Golden State Warriors,0022300907,2024-03-07T00:00:00,GSW vs. CHI,L,48.0,44,97,0.454,11,42,0.262,23,28,0.821,13,35,48,31,11.0,8,2,5,22,22,122,-3.0,1,47,47,47,6,39,19,54,66,24,78,7,13,32,25,37,33,28,14,22,68,40,63,9,29,53,1.0
2023-24,1610612744,GSW,Golden State Warriors,0022300899,2024-03-06T00:00:00,GSW vs. MIL,W,48.0,51,91,0.56,19,39,0.487,4,7,0.571,8,42,50,37,16.0,10,13,5,13,10,125,35.0,1,1,1,1,6,4,42,5,9,39,6,81,79,79,68,6,21,7,53,8,1,40,3,79,22,1,1.0
2023-24,1610612744,GSW,Golden State Warriors,0022300872,2024-03-03T00:00:00,GSW @ BOS,L,48.0,36,92,0.391,7,41,0.171,9,13,0.692,12,34,46,24,17.0,2,3,5,13,19,88,-52.0,1,47,47,47,6,75,34,79,81,28,82,68,67,64,37,44,40,67,61,82,54,40,3,36,82,82,1.0
2023-24,1610612744,GSW,Golden State Warriors,0022300860,2024-03-01T00:00:00,GSW @ TOR,W,48.0,44,98,0.449,18,44,0.409,14,18,0.778,15,41,56,26,14.0,10,5,2,14,14,120,15.0,1,1,1,1,6,39,14,57,15,16,28,47,49,47,14,8,8,55,36,8,26,6,6,65,35,14,1.0
2023-24,1610612744,GSW,Golden State Warriors,0022300852,2024-02-29T00:00:00,GSW @ NYK,W,48.0,44,98,0.449,14,44,0.318,8,16,0.5,16,37,53,26,11.0,8,5,3,19,15,110,11.0,1,1,1,1,6,39,14,57,41,16,66,72,55,81,10,29,10,55,14,22,26,14,36,59,58,18,1.0
2023-24,1610612744,GSW,Golden State Warriors,0022300834,2024-02-27T00:00:00,GSW @ WAS,W,48.0,47,94,0.5,21,46,0.457,8,11,0.727,9,35,44,39,19.0,12,6,5,11,12,123,11.0,1,1,1,1,6,22,25,23,3,9,12,72,73,60,62,37,48,3,72,3,15,40,1,76,25,18,1.0
2023-24,1610612744,GSW,Golden State Warriors,0022300824,2024-02-25T00:00:00,GSW vs. DEN,L,48.0,35,81,0.432,11,34,0.324,22,29,0.759,11,31,42,27,17.0,5,3,5,18,20,103,-16.0,1,47,47,47,6,80,73,68,66,61,62,10,10,57,47,56,62,49,61,59,54,40,26,24,74,79,1.0
2023-24,1610612744,GSW,Golden State Warriors,0022300811,2024-02-23T00:00:00,GSW vs. CHA,W,48.0,38,89,0.427,13,42,0.31,8,10,0.8,13,40,53,28,22.0,7,7,6,15,15,97,13.0,1,1,1,1,6,65,51,71,53,24,69,72,75,35,25,12,10,44,80,32,9,55,11,59,81,16,1.0
2023-24,1610612744,GSW,Golden State Warriors,0022300802,2024-02-22T00:00:00,GSW vs. LAL,W,48.0,50,107,0.467,16,41,0.39,12,14,0.857,15,33,48,32,9.0,6,4,9,19,18,128,18.0,1,1,1,1,6,8,4,43,28,28,38,58,63,15,14,49,33,21,6,46,38,74,36,42,17,12,1.0
2023-24,1610612744,GSW,Golden State Warriors,0022300576,2024-02-15T00:00:00,GSW @ UTA,W,48.0,49,92,0.533,20,42,0.476,22,28,0.786,13,28,41,42,13.0,8,6,3,19,22,140,3.0,1,1,1,1,6,11,34,16,5,24,10,10,13,43,25,72,69,2,24,22,15,14,36,9,3,43,1.0
2023-24,1610612744,GSW,Golden State Warriors,0022300789,2024-02-14T00:00:00,GSW vs. LAC,L,48.0,47,103,0.456,18,47,0.383,13,18,0.722,13,34,47,34,9.0,7,2,4,25,21,125,-5.0,1,47,47,47,6,22,7,51,15,7,43,53,49,63,25,44,36,15,6,32,68,28,73,16,22,60,1.0
2023-24,1610612744,GSW,Golden State Warriors,0022300769,2024-02-12T00:00:00,GSW @ UTA,W,48.0,48,100,0.48,20,44,0.455,13,17,0.765,12,39,51,31,13.0,8,4,7,13,17,129,22.0,1,1,1,1,6,17,11,34,5,16,13,53,54,54,37,18,18,28,24,22,38,62,3,46,15,5,1.0
2023-24,1610612744,GSW,Golden State Warriors,0022300757,2024-02-10T00:00:00,GSW vs. PHX,W,48.0,45,101,0.446,17,41,0.415,6,11,0.545,13,39,52,33,14.0,6,2,8,20,13,113,1.0,1,1,1,1,6,35,9,62,22,28,24,78,73,80,25,18,13,17,36,46,68,70,51,71,49,45,1.0
2023-24,1610612744,GSW,Golden State Warriors,0022300733,2024-02-08T00:00:00,GSW @ IND,W,48.0,52,93,0.559,17,32,0.531,10,13,0.769,10,39,49,33,17.0,7,7,6,22,17,131,22.0,1,1,1,1,6,3,30,7,22,69,2,67,67,50,58,18,25,17,61,32,9,55,63,46,13,5,1.0
2023-24,1610612744,GSW,Golden State Warriors,0022300727,2024-02-07T00:00:00,GSW @ PHI,W,48.0,47,94,0.5,16,38,0.421,17,22,0.773,12,40,52,30,13.0,7,8,8,21,16,127,23.0,1,1,1,1,6,22,25,23,28,45,20,34,32,49,37,12,13,33,24,32,5,70,58,53,19,3,1.0
2023-24,1610612744,GSW,Golden State Warriors,0022300717,2024-02-05T00:00:00,GSW @ BKN,W,48.0,43,93,0.462,4,22,0.182,19,23,0.826,16,44,60,24,14.0,7,8,12,17,23,109,11.0,1,1,1,1,6,46,30,47,82,82,81,23,26,29,10,1,3,67,36,32,5,81,20,6,63,18,1.0
2023-24,1610612744,GSW,Golden State Warriors,0022300699,2024-02-03T00:00:00,GSW @ ATL,L,53.0,50,112,0.446,18,56,0.321,16,20,0.8,14,43,57,26,14.0,4,7,4,23,20,134,-7.0,1,47,47,47,2,8,2,60,15,2,64,39,39,35,20,2,6,55,36,69,9,28,66,24,7,64,1.0
2023-24,1610612744,GSW,Golden State Warriors,0022300693,2024-02-02T00:00:00,GSW @ MEM,W,48.0,46,83,0.554,11,29,0.379,18,22,0.818,6,40,46,32,14.0,7,8,4,17,20,121,20.0,1,1,1,1,6,31,68,10,66,79,45,30,32,33,79,12,40,21,36,32,5,28,20,24,32,10,1.0
2023-24,1610612744,GSW,Golden State Warriors,0022300673,2024-01-30T00:00:00,GSW vs. PHI,W,48.0,44,79,0.557,14,32,0.438,17,19,0.895,8,34,42,32,18.0,6,6,2,20,24,119,12.0,1,1,1,1,6,39,79,9,41,69,17,34,44,6,68,44,62,21,69,46,15,6,51,2,38,17,1.0
2023-24,1610612744,GSW,Golden State Warriors,0022300650,2024-01-27T00:00:00,GSW vs. LAL,L,58.0,55,119,0.462,23,58,0.397,11,16,0.688,11,39,50,37,17.0,11,3,5,34,21,144,-1.0,1,47,47,47,1,2,1,48,2,1,33,63,55,66,47,18,21,7,61,5,54,40,81,16,1,47,1.0
2023-24,1610612744,GSW,Golden State Warriors,0022300632,2024-01-25T00:00:00,GSW vs. SAC,L,48.0,48,86,0.558,19,37,0.514,18,23,0.783,6,27,33,30,13.0,7,3,5,19,21,133,-1.0,1,47,47,47,6,17,61,8,9,50,4,30,26,45,79,74,81,33,24,32,54,40,36,16,10,47,1.0
2023-24,1610612744,GSW,Golden State Warriors,0022300626,2024-01-24T00:00:00,GSW vs. ATL,W,48.0,51,91,0.56,16,33,0.485,16,22,0.727,11,38,49,26,10.0,6,9,2,18,16,134,22.0,1,1,1,1,6,4,42,5,28,66,9,39,32,60,47,23,25,55,11,46,4,6,26,53,7,5,1.0
2023-24,1610612744,GSW,Golden State Warriors,0022300560,2024-01-15T00:00:00,GSW @ MEM,L,48.0,44,90,0.489,10,31,0.323,9,10,0.9,7,38,45,28,19.0,4,6,10,25,12,107,-9.0,1,47,47,47,6,39,45,29,72,76,63,68,75,5,72,23,44,44,72,69,15,78,73,76,66,70,1.0
2023-24,1610612744,GSW,Golden State Warriors,0022300545,2024-01-13T00:00:00,GSW @ MIL,L,48.0,47,98,0.48,15,36,0.417,9,14,0.643,12,29,41,23,8.0,5,4,5,16,15,118,-11.0,1,47,47,47,6,22,14,35,36,51,22,68,63,77,37,66,69,74,4,59,38,40,17,59,39,73,1.0
2023-24,1610612744,GSW,Golden State Warriors,0022300536,2024-01-12T00:00:00,GSW @ CHI,W,48.0,49,94,0.521,20,47,0.426,22,30,0.733,13,31,44,39,5.0,7,4,3,16,21,140,9.0,1,1,1,1,6,11,25,21,5,7,19,10,5,59,25,56,48,3,1,32,38,14,17,16,3,25,1.0
2023-24,1610612744,GSW,Golden State Warriors,0022300525,2024-01-10T00:00:00,GSW vs. NOP,L,48.0,39,89,0.438,12,39,0.308,15,18,0.833,14,29,43,24,17.0,4,4,7,19,19,105,-36.0,1,47,47,47,6,63,51,66,60,39,70,45,49,26,20,66,53,67,61,69,38,62,36,36,69,81,1.0
2023-24,1610612744,GSW,Golden State Warriors,0022300504,2024-01-07T00:00:00,GSW vs. TOR,L,48.0,45,100,0.45,14,46,0.304,14,15,0.933,15,28,43,30,11.0,5,4,6,11,14,118,-15.0,1,47,47,47,6,35,11,56,41,9,71,47,60,4,14,72,53,33,14,59,38,55,1,65,39,78,1.0
2023-24,1610612744,GSW,Golden State Warriors,0022300490,2024-01-05T00:00:00,GSW vs. DET,W,48.0,38,82,0.463,16,38,0.421,21,25,0.84,7,38,45,24,19.0,3,5,9,18,23,113,4.0,1,1,1,1,6,65,71,46,28,45,20,15,20,25,72,23,44,67,72,76,26,74,26,6,49,37,1.0
2023-24,1610612744,GSW,Golden State Warriors,0022300478,2024-01-04T00:00:00,GSW vs. DEN,L,48.0,49,90,0.544,15,36,0.417,14,16,0.875,9,24,33,35,10.0,4,3,4,20,15,127,-3.0,1,47,47,47,6,11,45,13,36,51,22,47,55,10,62,82,81,11,11,69,54,28,51,59,19,53,1.0
2023-24,1610612744,GSW,Golden State Warriors,0022300463,2024-01-02T00:00:00,GSW vs. ORL,W,48.0,42,78,0.538,13,35,0.371,24,37,0.649,9,27,36,23,12.0,9,6,4,19,24,121,6.0,1,1,1,1,6,49,80,15,53,55,46,5,1,76,62,74,79,74,20,14,15,28,36,2,32,32,1.0
2023-24,1610612744,GSW,Golden State Warriors,0022300444,2023-12-30T00:00:00,GSW vs. DAL,L,48.0,47,103,0.456,19,48,0.396,9,13,0.692,16,31,47,32,11.0,8,3,2,21,14,122,-10.0,1,47,47,47,6,22,7,51,9,4,34,68,67,64,10,56,36,21,14,22,54,6,58,65,29,71,1.0
2023-24,1610612744,GSW,Golden State Warriors,0022300426,2023-12-28T00:00:00,GSW vs. MIA,L,48.0,37,88,0.42,8,33,0.242,20,25,0.8,12,31,43,27,13.0,4,7,1,19,19,102,-12.0,1,47,47,47,6,69,54,72,80,66,79,17,20,35,37,56,53,49,24,69,9,1,36,36,75,75,1.0
2023-24,1610612744,GSW,Golden State Warriors,0022300402,2023-12-25T00:00:00,GSW @ DEN,L,48.0,40,87,0.46,14,40,0.35,20,23,0.87,9,30,39,23,13.0,7,3,4,23,17,114,-6.0,1,47,47,47,6,56,58,49,41,37,50,17,26,12,62,63,74,74,24,32,54,28,66,46,48,62,1.0
2023-24,1610612744,GSW,Golden State Warriors,0022300399,2023-12-23T00:00:00,GSW vs. POR,W,48.0,48,83,0.578,10,33,0.303,20,24,0.833,13,36,49,38,18.0,8,2,3,14,20,126,20.0,1,1,1,1,6,17,68,4,72,66,72,17,23,26,25,31,25,5,69,22,68,14,6,24,21,10,1.0
2023-24,1610612744,GSW,Golden State Warriors,0022300386,2023-12-22T00:00:00,GSW vs. WAS,W,48.0,47,97,0.485,18,45,0.4,17,20,0.85,14,43,57,33,12.0,5,2,4,17,16,129,11.0,1,1,1,1,6,22,19,30,15,13,29,34,39,19,20,2,6,17,20,59,68,28,20,53,15,18,1.0
2023-24,1610612744,GSW,Golden State Warriors,0022300362,2023-12-19T00:00:00,GSW vs. BOS,W,53.0,50,109,0.459,20,50,0.4,12,14,0.857,18,41,59,29,10.0,4,5,5,15,13,132,6.0,1,1,1,1,2,8,3,50,5,3,29,58,63,15,6,8,5,37,11,69,26,40,11,71,12,32,1.0
2023-24,1610612744,GSW,Golden State Warriors,0022300348,2023-12-17T00:00:00,GSW @ POR,W,48.0,46,87,0.529,13,38,0.342,13,19,0.684,11,32,43,31,14.0,10,4,4,20,20,118,4.0,1,1,1,1,6,31,58,19,53,45,55,53,44,68,47,52,53,28,36,8,38,28,51,24,39,37,1.0
2023-24,1610612744,GSW,Golden State Warriors,0022300339,2023-12-16T00:00:00,GSW vs. BKN,W,48.0,44,91,0.484,17,32,0.531,19,20,0.95,13,29,42,29,14.0,7,5,8,15,21,124,4.0,1,1,1,1,6,39,42,31,22,69,2,23,39,3,25,66,62,37,36,32,26,70,11,16,24,37,1.0
2023-24,1610612744,GSW,Golden State Warriors,0022300325,2023-12-14T00:00:00,GSW @ LAC,L,48.0,40,92,0.435,16,45,0.356,17,19,0.895,16,27,43,22,13.0,8,2,9,24,20,113,-8.0,1,47,47,47,6,56,34,67,28,13,48,34,44,6,10,74,53,78,24,22,68,74,70,24,49,67,1.0
2023-24,1610612744,GSW,Golden State Warriors,0022300308,2023-12-12T00:00:00,GSW @ PHX,L,48.0,41,92,0.446,16,46,0.348,18,27,0.667,13,38,51,26,15.0,9,1,7,28,22,116,-3.0,1,47,47,47,6,51,34,61,28,9,51,30,17,69,25,23,18,55,47,14,79,62,76,9,45,53,1.0
2023-24,1610612744,GSW,Golden State Warriors,0022301222,2023-12-08T00:00:00,GSW @ OKC,L,53.0,49,104,0.471,19,48,0.396,19,23,0.826,24,36,60,29,29.0,3,2,7,28,22,136,-2.0,1,47,47,47,2,11,6,40,9,4,34,23,26,29,1,31,3,37,82,76,68,62,76,9,6,51,1.0
2023-24,1610612744,GSW,Golden State Warriors,0022301214,2023-12-06T00:00:00,GSW vs. POR,W,48.0,36,86,0.419,10,34,0.294,28,33,0.848,15,35,50,20,17.0,4,3,3,19,30,110,4.0,1,1,1,1,6,75,61,74,72,61,73,1,2,20,14,37,21,80,61,69,54,14,36,1,58,37,1.0
2023-24,1610612744,GSW,Golden State Warriors,0022300280,2023-12-02T00:00:00,GSW @ LAC,L,48.0,38,86,0.442,17,43,0.395,19,24,0.792,6,36,42,31,15.0,5,4,6,15,21,112,-1.0,1,47,47,47,6,65,61,64,22,19,36,23,23,40,79,31,62,28,47,59,38,55,11,16,54,47,1.0
2023-24,1610612744,GSW,Golden State Warriors,0022300273,2023-11-30T00:00:00,GSW vs. LAC,W,48.0,41,82,0.5,15,39,0.385,23,31,0.742,10,37,47,30,9.0,3,4,1,18,21,120,6.0,1,1,1,1,6,51,71,23,36,39,42,7,4,58,58,29,36,33,6,76,38,1,26,16,35,32,1.0
2023-24,1610612744,GSW,Golden State Warriors,0022300060,2023-11-28T00:00:00,GSW @ SAC,L,48.0,40,83,0.482,17,41,0.415,26,30,0.867,9,43,52,25,20.0,6,6,7,31,23,123,-1.0,1,47,47,47,6,56,68,32,22,28,24,3,5,13,62,2,13,66,76,46,15,62,80,6,25,47,1.0
2023-24,1610612744,GSW,Golden State Warriors,0022300051,2023-11-24T00:00:00,GSW vs. SAS,W,48.0,40,81,0.494,19,42,0.452,19,24,0.792,7,34,41,35,24.0,7,2,3,21,18,118,6.0,1,1,1,1,6,56,73,27,9,24,14,23,23,40,72,44,69,11,81,32,68,14,58,42,39,32,1.0
2023-24,1610612744,GSW,Golden State Warriors,0022300236,2023-11-22T00:00:00,GSW @ PHX,L,48.0,43,90,0.478,10,32,0.313,19,29,0.655,11,32,43,29,16.0,10,3,8,34,22,115,-8.0,1,47,47,47,6,46,45,37,72,69,68,23,10,74,47,52,53,37,53,8,54,70,81,9,46,67,1.0
2023-24,1610612744,GSW,Golden State Warriors,0022300224,2023-11-20T00:00:00,GSW vs. HOU,W,48.0,36,77,0.468,21,43,0.488,28,33,0.848,8,35,43,26,8.0,3,1,3,21,24,121,5.0,1,1,1,1,6,75,81,41,3,19,5,1,2,20,68,37,53,55,4,76,79,14,58,2,32,36,1.0
2023-24,1610612744,GSW,Golden State Warriors,0022300207,2023-11-18T00:00:00,GSW vs. OKC,L,53.0,44,97,0.454,18,46,0.391,17,21,0.81,14,35,49,33,16.0,6,4,7,18,16,123,-7.0,1,47,47,47,2,39,19,54,15,9,37,34,35,34,20,37,25,17,53,46,38,62,26,53,25,64,1.0
2023-24,1610612744,GSW,Golden State Warriors,0022300201,2023-11-16T00:00:00,GSW vs. OKC,L,48.0,40,98,0.408,14,41,0.341,15,19,0.789,20,29,49,27,16.0,5,4,3,19,20,109,-19.0,1,47,47,47,6,56,14,76,41,28,58,45,44,42,4,66,25,49,53,59,38,14,36,24,63,80,1.0
2023-24,1610612744,GSW,Golden State Warriors,0022300025,2023-11-14T00:00:00,GSW vs. MIN,L,48.0,37,88,0.42,13,39,0.333,14,16,0.875,13,33,46,28,20.0,11,2,5,22,19,101,-3.0,1,47,47,47,6,69,54,72,53,39,59,47,55,10,25,49,40,44,76,5,68,40,63,36,77,53,1.0
2023-24,1610612744,GSW,Golden State Warriors,0022300186,2023-11-12T00:00:00,GSW vs. MIN,L,48.0,37,96,0.385,12,43,0.279,24,28,0.857,19,32,51,24,14.0,9,0,6,28,19,110,-6.0,1,47,47,47,6,69,24,80,60,19,77,5,13,15,5,52,18,67,36,14,81,55,76,36,58,62,1.0
2023-24,1610612744,GSW,Golden State Warriors,0022300176,2023-11-11T00:00:00,GSW vs. CLE,L,48.0,37,90,0.411,13,38,0.342,23,30,0.767,15,40,55,26,20.0,5,3,3,29,24,110,-8.0,1,47,47,47,6,69,45,75,53,45,55,7,5,53,14,12,9,55,76,59,54,14,79,2,58,67,1.0
2023-24,1610612744,GSW,Golden State Warriors,0022300169,2023-11-08T00:00:00,GSW @ DEN,L,48.0,37,86,0.43,11,35,0.314,20,26,0.769,11,38,49,21,9.0,5,0,4,20,20,105,-3.0,1,47,47,47,6,69,61,70,66,55,67,17,18,50,47,23,25,79,6,59,81,28,51,24,69,53,1.0
2023-24,1610612744,GSW,Golden State Warriors,0022300145,2023-11-06T00:00:00,GSW @ DET,W,48.0,46,97,0.474,12,41,0.293,16,21,0.762,17,27,44,26,11.0,8,4,2,14,20,120,11.0,1,1,1,1,6,31,19,39,60,28,75,39,35,55,8,74,48,55,14,22,38,6,6,24,35,18,1.0
2023-24,1610612744,GSW,Golden State Warriors,0022300142,2023-11-05T00:00:00,GSW @ CLE,L,48.0,34,94,0.362,16,41,0.39,20,30,0.667,17,27,44,26,13.0,10,4,2,18,21,104,-11.0,1,47,47,47,6,82,25,81,28,28,38,17,5,69,8,74,48,55,24,8,38,6,26,16,71,73,1.0
2023-24,1610612744,GSW,Golden State Warriors,0022300005,2023-11-03T00:00:00,GSW @ OKC,W,48.0,49,92,0.533,18,40,0.45,25,30,0.833,13,25,38,36,15.0,9,2,1,25,20,141,2.0,1,1,1,1,6,11,34,16,15,37,15,4,5,26,25,81,78,10,47,14,68,1,73,24,2,44,1.0
2023-24,1610612744,GSW,Golden State Warriors,0022300126,2023-11-01T00:00:00,GSW vs. SAC,W,48.0,39,81,0.481,11,31,0.355,13,15,0.867,7,29,36,32,18.0,5,6,4,17,17,102,1.0,1,1,1,1,6,63,73,33,66,76,49,53,60,13,72,66,79,21,69,59,15,28,20,46,75,45,1.0
2023-24,1610612744,GSW,Golden State Warriors,0022300108,2023-10-30T00:00:00,GSW @ NOP,W,48.0,51,98,0.52,15,41,0.366,13,20,0.65,21,43,64,28,15.0,6,7,3,21,18,130,28.0,1,1,1,1,6,4,14,22,36,28,47,53,39,75,3,2,1,44,47,46,9,14,58,42,14,2,1.0
2023-24,1610612744,GSW,Golden State Warriors,0022300096,2023-10-29T00:00:00,GSW @ HOU,W,48.0,35,81,0.432,18,45,0.4,18,23,0.783,8,41,49,27,14.0,6,6,4,18,20,106,11.0,1,1,1,1,6,80,73,68,15,13,29,30,26,45,68,8,25,49,36,46,15,28,26,24,67,18,1.0
2023-24,1610612744,GSW,Golden State Warriors,0022300087,2023-10-27T00:00:00,GSW @ SAC,W,48.0,48,87,0.552,14,32,0.438,12,14,0.857,7,32,39,32,19.0,14,3,3,24,16,122,8.0,1,1,1,1,6,17,58,12,41,69,17,58,63,15,72,52,74,21,72,2,54,14,70,53,29,26,1.0
2023-24,1610612744,GSW,Golden State Warriors,0022300062,2023-10-24T00:00:00,GSW vs. PHX,L,48.0,36,101,0.356,10,43,0.233,22,28,0.786,18,31,49,19,11.0,11,6,7,23,22,104,-4.0,1,47,47,47,6,75,9,82,72,19,80,10,13,43,6,56,25,81,14,5,15,62,66,9,71,58,1.0
2024-25,1610612744,GSW,Golden State Warriors,0022401198,2025-04-13T00:00:00,GSW vs. LAC,L,53.0,43,79,0.544,15,33,0.455,18,23,0.783,3,22,25,31,16.0,11,6,3,20,21,119,-5.0,1,49,49,49,1,26,77,4,39,78,13,29,35,38,82,80,82,25,60,24,20,9,46,22,30,58,1.0
2024-25,1610612744,GSW,Golden State Warriors,0022401183,2025-04-11T00:00:00,GSW @ POR,W,48.0,33,83,0.398,14,44,0.318,23,28,0.821,7,38,45,26,15.0,15,7,5,19,20,103,17.0,1,1,1,1,3,75,68,70,44,28,58,14,14,23,77,12,39,55,47,6,8,33,37,29,65,15,1.0
2024-25,1610612744,GSW,Golden State Warriors,0022401163,2025-04-09T00:00:00,GSW vs. SAS,L,48.0,36,86,0.419,16,48,0.333,23,28,0.821,16,29,45,29,12.0,8,2,5,19,23,111,-3.0,1,49,49,49,3,63,59,58,27,12,50,14,14,23,13,61,39,36,21,44,69,33,37,12,50,51,1.0
2024-25,1610612744,GSW,Golden State Warriors,0022401154,2025-04-08T00:00:00,GSW @ PHX,W,48.0,45,93,0.484,15,40,0.375,28,34,0.824,19,38,57,31,15.0,14,3,4,10,19,133,38.0,1,1,1,1,3,15,28,19,39,51,31,6,4,22,1,12,2,25,47,9,59,20,1,34,5,3,1.0
2024-25,1610612744,GSW,Golden State Warriors,0022401143,2025-04-06T00:00:00,GSW vs. HOU,L,48.0,37,89,0.416,16,43,0.372,6,11,0.545,15,31,46,28,20.0,12,2,7,14,15,96,-10.0,1,49,49,49,3,59,45,63,27,34,33,79,77,80,18,51,34,46,77,20,69,59,7,61,73,68,1.0
2024-25,1610612744,GSW,Golden State Warriors,0022401125,2025-04-04T00:00:00,GSW vs. DEN,W,48.0,43,88,0.489,16,38,0.421,16,18,0.889,11,25,36,25,14.0,14,2,4,15,18,118,14.0,1,1,1,1,3,26,51,14,27,59,17,39,55,6,44,76,76,64,40,9,69,20,13,42,33,18,1.0
2024-25,1610612744,GSW,Golden State Warriors,0022401117,2025-04-03T00:00:00,GSW @ LAL,W,48.0,39,82,0.476,19,42,0.452,26,31,0.839,14,32,46,30,13.0,5,2,3,21,23,123,7.0,1,1,1,1,3,50,71,26,15,39,14,8,9,16,27,41,34,29,31,70,69,9,51,12,21,31,1.0
2024-25,1610612744,GSW,Golden State Warriors,0022401100,2025-04-01T00:00:00,GSW @ MEM,W,48.0,42,99,0.424,22,56,0.393,28,28,1.0,15,34,49,29,11.0,11,3,6,22,23,134,9.0,1,1,1,1,3,31,9,55,4,2,27,6,14,1,18,31,22,36,14,24,59,47,59,12,4,27,1.0
2024-25,1610612744,GSW,Golden State Warriors,0022401086,2025-03-30T00:00:00,GSW @ SAS,W,48.0,56,97,0.577,21,44,0.477,15,19,0.789,10,34,44,42,13.0,17,3,3,15,20,148,42.0,1,1,1,1,3,1,17,2,8,28,8,42,50,32,61,31,47,1,31,1,59,9,13,29,1,1,1.0
2024-25,1610612744,GSW,Golden State Warriors,0022401072,2025-03-28T00:00:00,GSW @ NOP,W,48.0,38,92,0.413,13,55,0.236,22,29,0.759,18,32,50,29,11.0,10,1,5,22,23,111,16.0,1,1,1,1,3,54,33,65,54,3,81,19,12,42,4,41,19,36,14,30,79,33,59,12,50,16,1.0
2024-25,1610612744,GSW,Golden State Warriors,0022401047,2025-03-25T00:00:00,GSW @ MIA,L,48.0,33,83,0.398,9,38,0.237,11,16,0.688,14,24,38,20,16.0,8,1,5,14,15,86,-26.0,1,49,49,49,3,75,68,70,78,59,79,64,64,65,27,77,68,78,60,44,79,33,7,61,81,79,1.0
2024-25,1610612744,GSW,Golden State Warriors,0022401025,2025-03-22T00:00:00,GSW @ ATL,L,48.0,39,84,0.464,16,38,0.421,21,26,0.808,6,32,38,28,10.0,8,4,3,16,23,115,-9.0,1,49,49,49,3,50,62,33,27,59,17,22,25,27,80,41,68,46,8,44,47,9,18,12,40,66,1.0
2024-25,1610612744,GSW,Golden State Warriors,0022401005,2025-03-20T00:00:00,GSW vs. TOR,W,48.0,38,90,0.422,19,47,0.404,22,28,0.786,11,27,38,30,15.0,13,5,4,15,24,117,3.0,1,1,1,1,3,54,40,56,15,17,23,19,14,37,44,70,68,29,47,13,32,20,13,8,35,43,1.0
2024-25,1610612744,GSW,Golden State Warriors,0022401012,2025-03-18T00:00:00,GSW vs. MIL,W,48.0,32,77,0.416,17,44,0.386,23,26,0.885,9,43,52,25,19.0,7,6,4,24,15,104,11.0,1,1,1,1,3,79,82,64,24,28,29,14,25,8,67,2,14,64,72,60,20,20,69,61,61,22,1.0
2024-25,1610612744,GSW,Golden State Warriors,0022400990,2025-03-17T00:00:00,GSW vs. DEN,L,48.0,41,84,0.488,8,33,0.242,15,27,0.556,11,27,38,24,20.0,16,10,7,21,24,105,-9.0,1,49,49,49,3,34,62,16,81,78,78,42,19,79,44,70,68,70,77,2,1,59,51,8,56,66,1.0
2024-25,1610612744,GSW,Golden State Warriors,0022400974,2025-03-15T00:00:00,GSW vs. NYK,W,48.0,33,83,0.398,13,41,0.317,18,22,0.818,10,35,45,25,11.0,7,5,6,13,16,97,3.0,1,1,1,1,3,75,68,70,54,44,60,29,39,26,61,24,39,64,14,60,32,47,5,54,72,43,1.0
2024-25,1610612744,GSW,Golden State Warriors,0022400957,2025-03-13T00:00:00,GSW vs. SAC,W,48.0,45,78,0.577,22,39,0.564,18,24,0.75,7,36,43,35,16.0,8,5,4,21,15,130,26.0,1,1,1,1,3,15,79,3,4,55,1,29,30,44,77,22,54,10,60,44,32,20,51,61,10,7,1.0
2024-25,1610612744,GSW,Golden State Warriors,0022400938,2025-03-10T00:00:00,GSW vs. POR,W,48.0,45,85,0.529,21,41,0.512,19,21,0.905,12,28,40,35,18.0,16,5,5,16,13,130,10.0,1,1,1,1,3,15,61,6,8,44,4,27,42,5,39,65,64,10,68,2,32,33,18,71,10,25,1.0
2024-25,1610612744,GSW,Golden State Warriors,0022400919,2025-03-08T00:00:00,GSW vs. DET,W,48.0,35,84,0.417,12,41,0.293,33,41,0.805,11,35,46,26,19.0,12,4,4,27,29,115,5.0,1,1,1,1,3,69,62,62,61,44,68,1,2,29,44,24,34,55,72,20,47,20,79,2,40,38,1.0
2024-25,1610612744,GSW,Golden State Warriors,0022400901,2025-03-06T00:00:00,GSW @ BKN,W,48.0,40,82,0.488,12,32,0.375,29,32,0.906,15,30,45,31,17.0,3,4,5,19,24,121,2.0,1,1,1,1,3,43,71,17,61,80,31,5,8,4,18,59,39,25,65,80,47,33,37,8,24,47,1.0
2024-25,1610612744,GSW,Golden State Warriors,0022400885,2025-03-04T00:00:00,GSW @ NYK,W,48.0,43,88,0.489,13,37,0.351,15,19,0.789,9,35,44,30,13.0,7,7,2,14,17,114,12.0,1,1,1,1,3,26,51,14,54,70,39,42,50,32,67,24,47,29,31,60,8,2,7,50,43,21,1.0
2024-25,1610612744,GSW,Golden State Warriors,0022400875,2025-03-03T00:00:00,GSW @ CHA,W,48.0,40,95,0.421,18,50,0.36,21,24,0.875,12,42,54,33,9.0,10,4,6,23,19,119,18.0,1,1,1,1,3,43,23,57,21,7,36,22,30,11,39,4,9,16,3,30,47,47,65,34,30,13,1.0
2024-25,1610612744,GSW,Golden State Warriors,0022400864,2025-03-01T00:00:00,GSW @ PHI,L,48.0,46,100,0.46,12,42,0.286,15,19,0.789,18,31,49,33,15.0,7,4,3,19,19,119,-7.0,1,49,49,49,3,11,6,39,61,39,70,42,50,32,4,51,22,16,47,60,47,9,37,34,30,61,1.0
2024-25,1610612744,GSW,Golden State Warriors,0022400845,2025-02-27T00:00:00,GSW @ ORL,W,48.0,36,79,0.456,19,45,0.422,30,34,0.882,11,27,38,26,14.0,8,7,4,18,25,121,6.0,1,1,1,1,3,63,77,43,15,24,16,3,4,9,44,70,68,55,40,44,8,20,30,4,24,34,1.0
2024-25,1610612744,GSW,Golden State Warriors,0022400834,2025-02-25T00:00:00,GSW vs. CHA,W,48.0,49,100,0.49,15,42,0.357,15,18,0.833,16,35,51,40,12.0,16,5,8,20,15,128,36.0,1,1,1,1,3,5,6,13,39,39,37,42,55,17,13,24,18,3,21,2,32,68,46,61,12,4,1.0
2024-25,1610612744,GSW,Golden State Warriors,0022400812,2025-02-23T00:00:00,GSW vs. DAL,W,48.0,47,98,0.48,12,40,0.3,20,23,0.87,17,37,54,30,10.0,10,6,4,17,22,126,24.0,1,1,1,1,3,8,11,22,61,51,67,24,35,12,10,19,9,29,8,30,20,20,25,20,17,9,1.0
2024-25,1610612744,GSW,Golden State Warriors,0022400805,2025-02-21T00:00:00,GSW @ SAC,W,48.0,50,93,0.538,20,43,0.465,12,12,1.0,11,24,35,40,12.0,13,3,3,19,16,132,24.0,1,1,1,1,3,4,28,5,12,34,10,62,76,1,44,77,78,3,21,13,59,9,37,54,7,9,1.0
2024-25,1610612744,GSW,Golden State Warriors,0022400784,2025-02-13T00:00:00,GSW @ HOU,W,48.0,35,89,0.393,11,41,0.268,24,27,0.889,9,33,42,26,11.0,13,6,5,18,20,105,7.0,1,1,1,1,3,69,45,73,74,44,74,11,19,6,67,36,58,55,14,13,20,33,30,29,56,31,1.0
2024-25,1610612744,GSW,Golden State Warriors,0022400782,2025-02-12T00:00:00,GSW @ DAL,L,48.0,41,96,0.427,10,35,0.286,15,18,0.833,18,32,50,29,16.0,9,6,7,16,16,107,-4.0,1,49,49,49,3,34,20,54,76,75,70,42,55,17,4,41,19,36,60,37,20,59,18,54,54,55,1.0
2024-25,1610612744,GSW,Golden State Warriors,0022400760,2025-02-10T00:00:00,GSW @ MIL,W,48.0,41,93,0.441,13,45,0.289,30,38,0.789,15,33,48,27,9.0,16,2,4,23,25,125,14.0,1,1,1,1,3,34,28,47,54,24,69,3,3,32,18,36,28,52,3,2,69,20,65,4,18,18,1.0
2024-25,1610612744,GSW,Golden State Warriors,0022400745,2025-02-08T00:00:00,GSW @ CHI,W,48.0,45,90,0.5,19,48,0.396,23,27,0.852,16,28,44,34,15.0,8,7,4,23,19,132,21.0,1,1,1,1,3,15,40,11,15,12,26,14,19,14,13,65,47,14,47,44,8,20,65,34,7,12,1.0
2024-25,1610612744,GSW,Golden State Warriors,0022400731,2025-02-06T00:00:00,GSW @ LAL,L,48.0,41,101,0.406,16,53,0.302,14,20,0.7,10,30,40,29,12.0,8,2,5,25,21,112,-8.0,1,49,49,49,3,34,4,68,27,5,66,56,47,60,61,59,64,36,21,44,69,33,74,22,48,62,1.0
2024-25,1610612744,GSW,Golden State Warriors,0022400725,2025-02-05T00:00:00,GSW @ UTA,L,48.0,46,100,0.46,17,48,0.354,19,27,0.704,12,29,41,33,9.0,6,4,5,24,23,128,-3.0,1,49,49,49,3,11,6,39,24,12,38,27,19,59,39,61,62,16,3,66,47,33,69,12,12,51,1.0
2024-25,1610612744,GSW,Golden State Warriors,0022400708,2025-02-03T00:00:00,GSW vs. ORL,W,48.0,34,78,0.436,12,39,0.308,24,34,0.706,9,35,44,25,13.0,9,0,2,16,26,104,5.0,1,1,1,1,3,74,79,51,61,55,65,11,4,58,67,24,47,64,31,37,81,2,18,3,61,38,1.0
2024-25,1610612744,GSW,Golden State Warriors,0022400685,2025-01-31T00:00:00,GSW vs. PHX,L,48.0,36,96,0.375,16,44,0.364,17,25,0.68,14,35,49,26,12.0,11,6,7,19,20,105,-25.0,1,49,49,49,3,63,20,77,27,28,34,36,28,67,27,24,22,55,21,24,20,59,37,29,56,78,1.0
2024-25,1610612744,GSW,Golden State Warriors,0022400673,2025-01-29T00:00:00,GSW vs. OKC,W,48.0,40,81,0.494,13,38,0.342,23,28,0.821,7,35,42,30,15.0,6,7,3,24,21,116,7.0,1,1,1,1,3,43,75,12,54,59,46,14,14,23,77,24,58,29,47,66,8,9,69,22,38,31,1.0
2024-25,1610612744,GSW,Golden State Warriors,0022400661,2025-01-28T00:00:00,GSW vs. UTA,W,48.0,36,92,0.391,17,49,0.347,25,31,0.806,16,31,47,29,9.0,8,4,6,24,24,114,11.0,1,1,1,1,3,63,33,74,24,11,44,9,9,28,13,51,30,36,3,44,47,47,69,8,43,22,1.0
2024-25,1610612744,GSW,Golden State Warriors,0022400644,2025-01-25T00:00:00,GSW vs. LAL,L,48.0,41,89,0.461,16,46,0.348,10,16,0.625,11,27,38,30,14.0,10,0,2,15,13,108,-10.0,1,49,49,49,3,34,45,36,27,18,42,68,64,74,44,70,68,29,40,30,81,2,13,71,53,68,1.0
2024-25,1610612744,GSW,Golden State Warriors,0022400628,2025-01-23T00:00:00,GSW vs. CHI,W,48.0,46,102,0.451,25,57,0.439,14,14,1.0,15,37,52,37,12.0,3,6,2,21,16,131,25.0,1,1,1,1,3,11,3,45,2,1,15,56,69,1,18,19,14,7,21,80,20,2,51,54,9,8,1.0
2024-25,1610612744,GSW,Golden State Warriors,0022400619,2025-01-22T00:00:00,GSW @ SAC,L,48.0,43,92,0.467,22,48,0.458,9,13,0.692,12,32,44,31,19.0,5,2,7,27,14,117,-6.0,1,49,49,49,3,26,33,30,4,12,11,73,71,63,39,41,47,25,72,70,69,59,79,67,35,59,1.0
2024-25,1610612744,GSW,Golden State Warriors,0022400604,2025-01-20T00:00:00,GSW vs. BOS,L,48.0,32,92,0.348,14,53,0.264,7,11,0.636,10,28,38,28,12.0,8,3,9,12,8,85,-40.0,1,49,49,49,3,79,33,81,44,5,76,78,77,72,61,65,68,46,21,44,59,73,4,82,82,81,1.0
2024-25,1610612744,GSW,Golden State Warriors,0022400589,2025-01-18T00:00:00,GSW vs. WAS,W,48.0,45,96,0.469,14,41,0.341,18,24,0.75,17,38,55,24,10.0,6,7,2,18,21,122,8.0,1,1,1,1,3,15,20,29,44,44,48,29,30,44,10,12,7,70,8,66,8,2,30,22,23,28,1.0
2024-25,1610612744,GSW,Golden State Warriors,0022400565,2025-01-15T00:00:00,GSW @ MIN,W,48.0,40,82,0.488,18,36,0.5,18,21,0.857,14,31,45,26,13.0,8,5,7,26,17,116,1.0,1,1,1,1,3,43,71,17,21,73,5,29,42,13,27,51,39,55,31,44,32,59,77,50,38,48,1.0
2024-25,1610612744,GSW,Golden State Warriors,0022400550,2025-01-13T00:00:00,GSW @ TOR,L,48.0,35,88,0.398,16,46,0.348,15,22,0.682,14,32,46,23,15.0,11,4,9,14,18,101,-3.0,1,49,49,49,3,69,51,69,27,18,42,42,39,66,27,41,34,73,47,24,47,73,7,42,66,51,1.0
2024-25,1610612744,GSW,Golden State Warriors,0022400525,2025-01-10T00:00:00,GSW @ IND,L,48.0,38,91,0.418,10,38,0.263,10,13,0.769,11,31,42,25,14.0,11,2,8,19,13,96,-12.0,1,49,49,49,3,54,38,61,76,59,77,68,71,39,44,51,58,64,40,24,69,68,37,71,73,73,1.0
2024-25,1610612744,GSW,Golden State Warriors,0022400518,2025-01-09T00:00:00,GSW @ DET,W,48.0,41,89,0.461,15,46,0.326,10,16,0.625,15,34,49,32,15.0,9,7,7,18,19,107,3.0,1,1,1,1,3,34,45,36,39,18,52,68,64,74,18,31,22,20,47,37,8,59,30,34,54,43,1.0
2024-25,1610612744,GSW,Golden State Warriors,0022400508,2025-01-07T00:00:00,GSW vs. MIA,L,48.0,40,98,0.408,14,50,0.28,4,5,0.8,11,41,52,28,12.0,9,6,3,15,9,98,-16.0,1,49,49,49,3,43,11,67,44,7,73,81,82,30,44,7,14,46,21,37,20,9,13,81,71,74,1.0
2024-25,1610612744,GSW,Golden State Warriors,0022400492,2025-01-05T00:00:00,GSW vs. SAC,L,48.0,37,81,0.457,12,35,0.343,13,18,0.722,9,26,35,22,22.0,10,3,3,21,19,99,-30.0,1,49,49,49,3,59,75,42,61,75,45,60,55,51,67,74,78,74,80,30,59,9,51,34,68,80,1.0
2024-25,1610612744,GSW,Golden State Warriors,0022400485,2025-01-04T00:00:00,GSW vs. MEM,W,48.0,44,84,0.524,23,43,0.535,10,16,0.625,9,20,29,32,18.0,13,5,7,18,18,121,8.0,1,1,1,1,3,23,62,7,3,34,3,68,64,74,67,82,81,20,68,13,32,59,30,42,24,28,1.0
2024-25,1610612744,GSW,Golden State Warriors,0022400467,2025-01-02T00:00:00,GSW vs. PHI,W,48.0,53,87,0.609,22,39,0.564,11,15,0.733,5,38,43,41,12.0,5,8,6,22,16,139,34.0,1,1,1,1,3,2,55,1,4,55,1,64,68,49,81,12,54,2,21,70,4,47,59,54,3,6,1.0
2024-25,1610612744,GSW,Golden State Warriors,0022400446,2024-12-30T00:00:00,GSW vs. CLE,L,48.0,33,99,0.333,9,38,0.237,20,26,0.769,14,41,55,20,15.0,5,8,6,14,25,95,-18.0,1,49,49,49,3,75,9,82,78,59,79,24,25,39,27,7,7,78,47,70,4,47,7,4,75,76,1.0
2024-25,1610612744,GSW,Golden State Warriors,0022400431,2024-12-28T00:00:00,GSW vs. PHX,W,48.0,41,98,0.418,12,45,0.267,15,19,0.789,18,31,49,26,12.0,8,7,12,17,13,109,4.0,1,1,1,1,3,34,11,60,61,24,75,42,50,32,4,51,22,55,21,44,8,82,25,71,52,41,1.0
2024-25,1610612744,GSW,Golden State Warriors,0022400426,2024-12-27T00:00:00,GSW @ LAC,L,48.0,35,95,0.368,7,38,0.184,15,20,0.75,19,28,47,24,14.0,14,2,10,16,19,92,-10.0,1,49,49,49,3,69,23,78,82,59,82,42,47,44,1,65,30,70,40,9,69,80,18,34,78,68,1.0
2024-25,1610612744,GSW,Golden State Warriors,0022400408,2024-12-25T00:00:00,GSW vs. LAL,L,48.0,41,89,0.461,18,45,0.4,13,17,0.765,12,32,44,26,13.0,2,8,4,18,14,113,-2.0,1,49,49,49,3,34,45,36,21,24,24,60,61,41,39,41,47,55,31,82,4,20,30,67,46,50,1.0
2024-25,1610612744,GSW,Golden State Warriors,0022400403,2024-12-23T00:00:00,GSW vs. IND,L,48.0,39,90,0.433,12,38,0.316,15,21,0.714,11,33,44,29,11.0,7,7,4,13,16,105,-6.0,1,49,49,49,3,50,40,52,61,59,61,42,42,53,44,36,47,36,14,60,8,20,5,54,56,59,1.0
2024-25,1610612744,GSW,Golden State Warriors,0022400383,2024-12-21T00:00:00,GSW @ MIN,W,48.0,40,87,0.46,16,42,0.381,17,23,0.739,11,34,45,30,11.0,9,6,2,23,18,113,10.0,1,1,1,1,3,43,55,41,27,39,30,36,35,47,44,31,39,29,14,37,20,2,65,42,46,25,1.0
2024-25,1610612744,GSW,Golden State Warriors,0022400366,2024-12-19T00:00:00,GSW @ MEM,L,48.0,32,90,0.356,12,36,0.333,17,24,0.708,10,26,36,20,18.0,11,5,8,16,19,93,-51.0,1,49,49,49,3,79,40,80,61,73,50,36,30,57,61,74,76,78,68,24,32,68,18,34,77,82,1.0
2024-25,1610612744,GSW,Golden State Warriors,0022401228,2024-12-15T00:00:00,GSW vs. DAL,L,48.0,49,103,0.476,27,54,0.5,8,11,0.727,15,22,37,39,10.0,8,2,5,17,12,133,-10.0,1,49,49,49,3,5,2,25,1,4,5,76,77,50,18,80,75,5,8,44,69,33,25,78,5,68,1.0
2024-25,1610612744,GSW,Golden State Warriors,0022401204,2024-12-11T00:00:00,GSW @ HOU,L,48.0,37,84,0.44,12,38,0.316,4,9,0.444,11,28,39,22,22.0,13,8,5,11,14,90,-1.0,1,49,49,49,3,59,62,48,61,59,61,81,80,82,44,65,67,74,80,13,4,33,2,67,79,49,1.0
2024-25,1610612744,GSW,Golden State Warriors,0022400355,2024-12-08T00:00:00,GSW vs. MIN,W,48.0,42,90,0.467,16,41,0.39,14,20,0.7,14,31,45,28,13.0,8,6,8,20,18,114,8.0,1,1,1,1,3,31,40,31,27,44,28,56,47,60,27,51,39,46,31,44,20,68,46,42,43,28,1.0
2024-25,1610612744,GSW,Golden State Warriors,0022400338,2024-12-06T00:00:00,GSW vs. MIN,L,48.0,32,82,0.39,11,39,0.282,15,17,0.882,10,31,41,21,22.0,9,4,6,11,14,90,-17.0,1,49,49,49,3,79,71,75,74,55,72,42,61,9,61,51,62,77,80,37,47,47,2,67,79,75,1.0
2024-25,1610612744,GSW,Golden State Warriors,0022400332,2024-12-05T00:00:00,GSW vs. HOU,W,48.0,36,86,0.419,9,28,0.321,18,27,0.667,11,43,54,19,10.0,5,3,9,16,20,99,6.0,1,1,1,1,3,63,59,58,78,82,56,29,19,68,44,2,9,81,8,70,59,73,18,29,68,34,1.0
2024-25,1610612744,GSW,Golden State Warriors,0022400058,2024-12-03T00:00:00,GSW @ DEN,L,48.0,44,95,0.463,12,38,0.316,15,21,0.714,11,37,48,36,15.0,12,3,5,25,15,115,-4.0,1,49,49,49,3,23,23,34,61,59,61,42,42,53,44,19,28,8,47,20,59,33,74,61,40,55,1.0
2024-25,1610612744,GSW,Golden State Warriors,0022400303,2024-11-30T00:00:00,GSW @ PHX,L,48.0,38,92,0.413,14,40,0.35,15,18,0.833,9,34,43,28,9.0,8,5,9,17,13,105,-8.0,1,49,49,49,3,54,33,65,44,51,40,42,55,17,67,31,54,46,3,44,32,73,25,71,56,62,1.0
2024-25,1610612744,GSW,Golden State Warriors,0022400299,2024-11-27T00:00:00,GSW vs. OKC,L,48.0,35,98,0.357,16,50,0.32,15,21,0.714,18,39,57,25,16.0,7,6,9,21,21,101,-4.0,1,49,49,49,3,69,11,79,27,7,57,42,42,53,4,11,2,64,60,60,20,73,51,22,66,55,1.0
2024-25,1610612744,GSW,Golden State Warriors,0022400284,2024-11-25T00:00:00,GSW vs. BKN,L,48.0,45,93,0.484,19,46,0.413,11,17,0.647,11,32,43,32,13.0,8,5,3,21,18,120,-8.0,1,49,49,49,3,15,28,19,15,18,20,64,61,70,44,41,54,20,31,44,32,9,51,42,27,62,1.0
2024-25,1610612744,GSW,Golden State Warriors,0022400269,2024-11-23T00:00:00,GSW @ SAS,L,48.0,36,95,0.379,14,44,0.318,8,13,0.615,17,32,49,29,10.0,4,3,9,21,16,94,-10.0,1,49,49,49,3,63,23,76,44,28,58,76,71,77,10,41,22,36,8,79,59,73,51,54,76,68,1.0
2024-25,1610612744,GSW,Golden State Warriors,0022400032,2024-11-22T00:00:00,GSW @ NOP,W,48.0,39,87,0.448,12,37,0.324,22,29,0.759,14,38,52,27,17.0,5,5,9,19,25,112,4.0,1,1,1,1,3,50,55,46,61,70,54,19,12,42,27,12,14,52,65,70,32,73,37,4,48,41,1.0
2024-25,1610612744,GSW,Golden State Warriors,0022400258,2024-11-20T00:00:00,GSW vs. ATL,W,48.0,47,101,0.465,14,40,0.35,12,18,0.667,9,45,54,36,15.0,10,7,5,17,17,120,23.0,1,1,1,1,3,8,4,32,44,51,40,62,55,68,67,1,9,8,47,30,8,33,25,50,27,11,1.0
2024-25,1610612744,GSW,Golden State Warriors,0022400251,2024-11-18T00:00:00,GSW @ LAC,L,48.0,37,84,0.44,16,44,0.364,9,19,0.474,9,36,45,27,19.0,12,4,6,14,13,99,-3.0,1,49,49,49,3,59,62,48,27,28,34,73,50,81,67,22,39,52,72,20,47,47,7,71,68,51,1.0
2024-25,1610612744,GSW,Golden State Warriors,0022400019,2024-11-15T00:00:00,GSW vs. MEM,W,48.0,43,98,0.439,19,46,0.413,18,25,0.72,14,42,56,33,19.0,9,5,11,28,21,123,5.0,1,1,1,1,3,26,11,50,15,18,20,29,28,52,27,4,5,16,72,37,32,81,82,22,21,38,1.0
2024-25,1610612744,GSW,Golden State Warriors,0022400007,2024-11-12T00:00:00,GSW vs. DAL,W,48.0,45,94,0.479,14,41,0.341,16,27,0.593,18,32,50,29,13.0,13,7,1,18,23,120,3.0,1,1,1,1,3,15,27,24,44,44,48,39,19,78,4,41,19,36,31,13,8,1,30,12,27,43,1.0
2024-25,1610612744,GSW,Golden State Warriors,0022400207,2024-11-10T00:00:00,GSW @ OKC,W,48.0,45,89,0.506,21,43,0.488,16,23,0.696,13,33,46,35,15.0,8,3,6,26,18,127,11.0,1,1,1,1,3,15,45,10,8,34,7,39,35,62,37,36,34,10,47,44,59,47,77,42,14,22,1.0
2024-25,1610612744,GSW,Golden State Warriors,0022400188,2024-11-08T00:00:00,GSW @ CLE,L,48.0,47,98,0.48,13,42,0.31,10,14,0.714,11,29,40,32,17.0,14,4,7,24,12,117,-19.0,1,49,49,49,3,8,11,22,54,39,64,68,69,53,44,61,64,20,65,9,47,59,69,78,35,77,1.0
2024-25,1610612744,GSW,Golden State Warriors,0022400172,2024-11-06T00:00:00,GSW @ BOS,W,48.0,42,91,0.462,14,34,0.412,20,24,0.833,15,38,53,22,11.0,6,5,3,19,18,118,6.0,1,1,1,1,3,31,38,35,44,77,22,24,30,17,18,12,13,74,14,66,32,9,37,42,33,34,1.0
2024-25,1610612744,GSW,Golden State Warriors,0022400155,2024-11-04T00:00:00,GSW @ WAS,W,48.0,44,97,0.454,12,37,0.324,25,34,0.735,16,40,56,29,7.0,5,7,8,20,23,125,13.0,1,1,1,1,3,23,17,44,61,70,54,9,4,48,13,10,5,36,1,70,8,68,46,12,18,20,1.0
2024-25,1610612744,GSW,Golden State Warriors,0022400144,2024-11-02T00:00:00,GSW @ HOU,W,53.0,40,78,0.513,15,32,0.469,32,50,0.64,9,38,47,26,14.0,5,4,6,22,32,127,6.0,1,1,1,1,1,43,79,9,39,80,9,2,1,71,67,12,30,55,40,70,47,47,59,1,14,34,1.0
2024-25,1610612744,GSW,Golden State Warriors,0022400126,2024-10-30T00:00:00,GSW vs. NOP,W,48.0,41,87,0.471,13,38,0.342,9,13,0.692,13,29,42,32,14.0,5,9,6,22,17,104,15.0,1,1,1,1,3,34,55,28,54,59,46,73,71,63,37,61,58,20,40,70,2,47,59,50,61,17,1.0
2024-25,1610612744,GSW,Golden State Warriors,0022400116,2024-10-29T00:00:00,GSW vs. NOP,W,48.0,46,97,0.474,21,46,0.457,11,13,0.846,11,23,34,34,8.0,15,9,6,20,13,124,18.0,1,1,1,1,3,11,17,27,8,18,12,64,71,15,44,79,80,14,2,6,2,47,46,71,20,13,1.0
2024-25,1610612744,GSW,Golden State Warriors,0022400101,2024-10-27T00:00:00,GSW vs. LAC,L,48.0,38,88,0.432,14,43,0.326,14,22,0.636,14,33,47,19,21.0,10,5,2,22,21,104,-8.0,1,49,49,49,3,54,51,53,44,34,53,56,39,72,27,36,30,81,79,30,32,2,59,22,61,62,1.0
2024-25,1610612744,GSW,Golden State Warriors,0022400084,2024-10-25T00:00:00,GSW @ UTA,W,48.0,51,106,0.481,20,50,0.4,5,6,0.833,19,41,60,35,15.0,15,6,5,25,11,127,41.0,1,1,1,1,3,3,1,21,12,7,24,80,81,17,1,7,1,10,47,6,20,33,74,80,14,2,1.0
2024-25,1610612744,GSW,Golden State Warriors,0022400072,2024-10-23T00:00:00,GSW @ POR,W,48.0,48,93,0.516,20,48,0.417,24,30,0.8,15,42,57,38,18.0,13,5,4,27,22,140,36.0,1,1,1,1,3,7,28,8,12,12,19,11,11,30,18,4,2,6,68,13,32,20,79,20,2,4,1.0
